"age_group","Sample_ID","family","Ot_length_mm","Ot_width_mm","Fish_total_length_cm","Biomass_g","mean_troph","n_otoliths_by_ageGroup","family_count_by_ageGroup","family_percentage_by_ageGroup"
"Late Miocene","SP25-19-01","Haemulidae",2.193,1.686,4.64215419842864,1.74238544633893,3.66931034482759,135,30,22.2222222222222
"Late Miocene","SP25-19-01","Haemulidae",1.312,0.969,2.65663988783811,0.323033256082027,3.66931034482759,135,30,22.2222222222222
"Late Miocene","SP25-19-01","Haemulidae",1.176,0.867,2.3588408744459,0.225598466325532,3.66931034482759,135,30,22.2222222222222
"Late Miocene","SP25-19-01","Haemulidae",1.83,1.325,3.81364273785644,0.962359193665631,3.66931034482759,135,30,22.2222222222222
"Late Miocene","SP25-19-01","Haemulidae",1.814,1.351,3.77743140310627,0.935030928307949,3.66931034482759,135,30,22.2222222222222
"Late Miocene","SP25-19-01","Haemulidae",1.595,1.119,3.28466282362072,0.613087379244371,3.66931034482759,135,30,22.2222222222222
"Late Miocene","SP25-19-01","Haemulidae",0.984,0.723,1.94355119624351,0.125714319662795,3.66931034482759,135,30,22.2222222222222
"Late Miocene","SP25-19-01","Haemulidae",1.299,1.023,2.62805372679261,0.312651182794802,3.66931034482759,135,30,22.2222222222222
"Late Miocene","SP25-19-01","Gobiidae",1.053,1.194,2.80279223252224,0.219622876797333,3.11466666666667,135,62,45.9259259259259
"Late Miocene","SP25-19-01","Gobiidae",1.05,1.029,2.79430288058981,0.21762235447603,3.11466666666667,135,62,45.9259259259259
"Late Miocene","SP25-19-01","Gobiidae",1.103,1.141,2.94450355291473,0.254856330762496,3.11466666666667,135,62,45.9259259259259
"Late Miocene","SP25-19-01","Gobiidae",1.411,1.247,3.82584023797735,0.561462264597678,3.11466666666667,135,62,45.9259259259259
"Late Miocene","SP25-19-01","Gobiidae",0.881,0.891,2.31867892212455,0.123955152558586,3.11466666666667,135,62,45.9259259259259
"Late Miocene","SP25-19-01","Gobiidae",0.997,0.955,2.64458107237137,0.184313918306703,3.11466666666667,135,62,45.9259259259259
"Late Miocene","SP25-19-01","Gobiidae",0.894,0.859,2.35507374541707,0.129917649075901,3.11466666666667,135,62,45.9259259259259
"Late Miocene","SP25-19-01","Gobiidae",1.602,1.459,4.37873747927111,0.843638610691921,3.11466666666667,135,62,45.9259259259259
"Late Miocene","SP25-19-01","Gobiidae",0.721,0.736,1.87368171380766,0.0651777637761855,3.11466666666667,135,62,45.9259259259259
"Late Miocene","SP25-19-01","Engraulidae",NA,0.689,7.83848133755657,4.61949549981567,3.24499999364217,135,12,8.88888888888889
"Late Miocene","SP25-19-01","Engraulidae",2.143,1.138,7.58698849006544,4.16285316399619,3.24499999364217,135,12,8.88888888888889
"Late Miocene","SP25-19-01","Paralichthyidae",1.154,1.068,5.42905387325647,1.84757001151412,3.952,135,8,5.92592592592593
"Late Miocene","SP25-19-01","Apogonidae",1,0.722,1.6922865572079,0.0800782725829152,3.42222222222222,135,5,3.7037037037037
"Late Miocene","SP25-19-02","Gobiidae",1.024,0.981,2.7207931863045,0.20080668086467,3.11466666666667,135,62,45.9259259259259
"Late Miocene","SP25-19-02","Gobiidae",0.79,0.912,2.06489332326809,0.0873781612981846,3.11466666666667,135,62,45.9259259259259
"Late Miocene","SP25-19-02","Gobiidae",1.342,1.347,3.62723244874491,0.478060991577054,3.11466666666667,135,62,45.9259259259259
"Late Miocene","SP25-19-02","Gobiidae",1.448,1.337,3.93259529785446,0.61006421060068,3.11466666666667,135,62,45.9259259259259
"Late Miocene","SP25-19-02","Gobiidae",0.997,1.082,2.64458107237137,0.184313918306703,3.11466666666667,135,62,45.9259259259259
"Late Miocene","SP25-19-02","Gobiidae",0.721,0.8,1.87368171380766,0.0651777637761855,3.11466666666667,135,62,45.9259259259259
"Late Miocene","SP25-19-02","Gobiidae",0.688,0.633,1.78263458579443,0.0560842809302725,3.11466666666667,135,62,45.9259259259259
"Late Miocene","SP25-19-02","Gobiidae",0.676,0.798,1.74959427259199,0.05300682904653,3.11466666666667,135,62,45.9259259259259
"Late Miocene","SP25-19-02","Haemulidae",1.447,1.038,2.95490479551159,0.445433249911422,3.66931034482759,135,30,22.2222222222222
"Late Miocene","SP25-19-02","Haemulidae",1.153,0.732,2.30876253278796,0.211444260273223,3.66931034482759,135,30,22.2222222222222
"Late Miocene","SP25-19-02","Haemulidae",1.4,1.078,2.85077935065848,0.39970402983024,3.66931034482759,135,30,22.2222222222222
"Late Miocene","SP25-19-02","Haemulidae",0.978,0.775,1.93067944424,0.123217082572163,3.66931034482759,135,30,22.2222222222222
"Late Miocene","SP25-19-02","Haemulidae",1.239,0.716,2.49644147431319,0.267722898748862,3.66931034482759,135,30,22.2222222222222
"Late Miocene","SP25-19-02","Haemulidae",1.221,0.903,2.45706391186497,0.255173625910946,3.66931034482759,135,30,22.2222222222222
"Late Miocene","SP25-19-02","Haemulidae",1.738,1.268,3.60580826491328,0.81254889680041,3.66931034482759,135,30,22.2222222222222
"Late Miocene","SP25-19-02","Haemulidae",1.364,0.982,2.77122726415735,0.366964422175442,3.66931034482759,135,30,22.2222222222222
"Late Miocene","SP25-19-02","Haemulidae",1.276,0.899,2.57753889777045,0.294854889258735,3.66931034482759,135,30,22.2222222222222
"Late Miocene","SP25-19-02","Ophidiidae",2.181,1.251,5.36723148723977,1.11110359470958,3.724,135,4,2.96296296296296
"Late Miocene","SP25-19-03","Engraulidae",2.31,1.226,8.249573962266,5.43814199910276,3.24499999364217,135,12,8.88888888888889
"Late Miocene","SP25-19-03","Engraulidae",NA,0.763,8.34529132512268,5.64210615231035,3.24499999364217,135,12,8.88888888888889
"Late Miocene","SP25-19-03","Engraulidae",NA,0.752,8.27119615091261,5.48376640549526,3.24499999364217,135,12,8.88888888888889
"Late Miocene","SP25-19-03","Engraulidae",NA,1.081,10.3362088242997,11.169141981045,3.24499999364217,135,12,8.88888888888889
"Late Miocene","SP25-19-03","Engraulidae",NA,0.842,8.86582102514587,6.84404504110806,3.24499999364217,135,12,8.88888888888889
"Late Miocene","SP25-19-03","Engraulidae",1.679,1.012,5.7787206349022,1.74583600941772,3.24499999364217,135,12,8.88888888888889
"Late Miocene","SP25-19-03","Apogonidae",0.947,0.641,1.60386325835698,0.0678925538291569,3.42222222222222,135,5,3.7037037037037
"Late Miocene","SP25-19-03","Congridae",2.444,1.714,17.2738982815872,7.71255254346841,3.872,135,3,2.22222222222222
"Late Miocene","SP25-19-03","Congridae",3.286,2.817,22.3878895046598,17.188733301407,3.872,135,3,2.22222222222222
"Late Miocene","SP25-19-03","Gobiidae",0.66,0.792,1.70559829425865,0.0490870678196886,3.11466666666667,135,62,45.9259259259259
"Late Miocene","SP25-19-03","Gobiidae",0.987,1.094,2.61638728311298,0.178450007623272,3.11466666666667,135,62,45.9259259259259
"Late Miocene","SP25-19-03","Gobiidae",0.708,0.784,1.83778251576762,0.0614830464720255,3.11466666666667,135,62,45.9259259259259
"Late Miocene","SP25-19-03","Gobiidae",0.756,0.828,1.97053508032024,0.0758798665556095,3.11466666666667,135,62,45.9259259259259
"Late Miocene","SP25-19-03","Gobiidae",0.656,0.656,1.69460977109439,0.0481392722090447,3.11466666666667,135,62,45.9259259259259
"Late Miocene","SP25-19-03","Gobiidae",0.688,0.676,1.78263458579443,0.0560842809302725,3.11466666666667,135,62,45.9259259259259
"Late Miocene","SP25-19-03","Opistognathidae",2.192,1.277,9.03946863749145,8.94517666152689,3.69666666666667,135,3,2.22222222222222
"Late Miocene","SP25-19-03","Paralichthyidae",0.915,0.872,4.51476323023085,1.01406740579065,3.952,135,8,5.92592592592593
"Late Miocene","SP25-19-03","Paralichthyidae",1.863,1.609,7.94361496412916,6.37251199807595,3.952,135,8,5.92592592592593
"Late Miocene","SP25-19-03","Batrachoididae",1.133,1.217,1.38443493087919,0.0236998128233838,3.70666666666667,135,1,0.740740740740741
"Late Miocene","SP25-19-04","Gobiidae",0.643,0.722,1.65892645403919,0.0451459631070995,3.11466666666667,135,62,45.9259259259259
"Late Miocene","SP25-19-04","Gobiidae",0.869,0.98,2.28511381941997,0.118620979161789,3.11466666666667,135,62,45.9259259259259
"Late Miocene","SP25-19-04","Gobiidae",0.778,0.823,2.03156050359636,0.0831921633967481,3.11466666666667,135,62,45.9259259259259
"Late Miocene","SP25-19-04","Gobiidae",0.677,0.857,1.75234622464483,0.053258731896903,3.11466666666667,135,62,45.9259259259259
"Late Miocene","SP25-19-04","Paralichthyidae",1.1,1.012,5.2261862016203,1.63229189726377,3.952,135,8,5.92592592592593
"Late Miocene","SP25-19-04","Paralichthyidae",1.016,0.928,4.90648032789457,1.32927872570626,3.952,135,8,5.92592592592593
"Late Miocene","SP25-19-04","Paralichthyidae",0.697,0.691,3.63677080857277,0.501814802825208,3.952,135,8,5.92592592592593
"Late Miocene","SP25-19-05","Congridae",2.091,1.338,15.0676158785707,5.05589212116655,3.872,135,3,2.22222222222222
"Late Miocene","SP25-19-05","Engraulidae",2.24,1.212,7.9711443498585,4.87369725135485,3.24499999364217,135,12,8.88888888888889
"Late Miocene","SP25-19-05","Ophidiidae",1.314,0.691,2.92144513012264,0.169553849760082,3.724,135,4,2.96296296296296
"Late Miocene","SP25-19-05","Serranidae",1.887,0.881,5.0311994952275,2.51348748248583,3.834375,135,1,0.740740740740741
"Late Miocene","SP25-19-05","Gobiidae",1.14,1.228,3.04963286943886,0.283304753019636,3.11466666666667,135,62,45.9259259259259
"Late Miocene","SP25-19-05","Gobiidae",0.782,0.89,2.04266785580947,0.084571798710498,3.11466666666667,135,62,45.9259259259259
"Late Miocene","SP25-19-05","Gobiidae",1.064,1.092,2.83393291188985,0.227066427647396,3.11466666666667,135,62,45.9259259259259
"Late Miocene","SP25-19-05","Gobiidae",0.918,0.924,2.42235182272592,0.141438817639829,3.11466666666667,135,62,45.9259259259259
"Late Miocene","SP25-19-05","Gobiidae",0.71,0.834,1.84330277553403,0.0620418312885476,3.11466666666667,135,62,45.9259259259259
"Late Miocene","SP25-19-05","Gobiidae",0.644,0.732,1.66166971682318,0.0453715387869118,3.11466666666667,135,62,45.9259259259259
"Late Miocene","SP25-19-05","Gobiidae",0.762,0.794,1.98716737732458,0.0778283405181179,3.11466666666667,135,62,45.9259259259259
"Late Miocene","SP25-19-05","Haemulidae",1.315,0.958,2.66324018028099,0.325462704450285,3.66931034482759,135,30,22.2222222222222
"Late Miocene","SP25-19-05","Haemulidae",2.846,2.172,6.16167712911096,4.09718382064475,3.66931034482759,135,30,22.2222222222222
"Late Miocene","SP25-19-05","Haemulidae",1.555,1.138,3.19526730664926,0.564075726846832,3.66931034482759,135,30,22.2222222222222
"Late Miocene","SP25-19-05","Haemulidae",NA,1.034,6.33776912875371,4.46104914654315,3.66931034482759,135,30,22.2222222222222
"Late Miocene","SP25-19-05","Scorpaenidae",1.16,0.674,2.66761443980569,0.347317565241839,3.83666666666667,135,1,0.740740740740741
"Late Miocene","SP25-19-06","Gobiidae",3.341,3.178,9.56640735033472,8.91189765670323,3.11466666666667,135,62,45.9259259259259
"Late Miocene","SP25-19-06","Gobiidae",1.514,1.786,4.12344930023121,0.70381770212519,3.11466666666667,135,62,45.9259259259259
"Late Miocene","SP25-19-06","Haemulidae",1.056,0.841,2.09853101049036,0.158487147292398,3.66931034482759,135,30,22.2222222222222
"Late Miocene","SP25-19-06","Engraulidae",NA,1.144,10.7021065370003,12.4807607969459,3.24499999364217,135,12,8.88888888888889
"Late Miocene","SP25-19-07","Haemulidae",4.679,3.308,10.5749433576608,20.931801018752,3.66931034482759,135,30,22.2222222222222
"Late Miocene","SP25-19-07","Haemulidae",1.215,0.894,2.44394916662973,0.251083117649306,3.66931034482759,135,30,22.2222222222222
"Late Miocene","SP25-19-07","Bothidae",2.708,2.288,12.7339018959303,35.9120871715083,3.77,135,2,1.48148148148148
"Late Miocene","SP25-19-07","Apogonidae",3.092,2.061,5.14747134649275,2.45258532981576,3.42222222222222,135,5,3.7037037037037
"Late Miocene","SP25-19-07","Engraulidae",NA,0.886,9.14754788018577,7.56267419783089,3.24499999364217,135,12,8.88888888888889
"Late Miocene","SP25-19-07","Engraulidae",NA,0.75,8.25767948971187,5.45521459150568,3.24499999364217,135,12,8.88888888888889
"Late Miocene","SP25-19-07","Gobiidae",1.084,1.255,2.89060436864763,0.241041838054208,3.11466666666667,135,62,45.9259259259259
"Late Miocene","SP25-19-07","Gobiidae",1.082,1.113,2.8849342267821,0.239618370275002,3.11466666666667,135,62,45.9259259259259
"Late Miocene","SP25-19-07","Mullidae",1.872,1.164,8.71340250634706,11.4910252894575,3.704,135,1,0.740740740740741
"Late Miocene","SP25-19-07","Ophidiidae",1.615,1.009,3.74216546754028,0.364458732857175,3.724,135,4,2.96296296296296
"Late Miocene","SP25-19-07","Paralichthyidae",0.774,0.78,3.95256735933657,0.657937508176954,3.952,135,8,5.92592592592593
"Late Miocene","SP25-19-08","Gobiidae",2.184,2.061,6.08765523663299,2.27943304252063,3.11466666666667,135,62,45.9259259259259
"Late Miocene","SP25-19-08","Gobiidae",0.788,0.932,2.059335616372,0.0866706539055045,3.11466666666667,135,62,45.9259259259259
"Late Miocene","SP25-19-08","Gobiidae",0.713,0.77,1.85158500828555,0.0628865469675293,3.11466666666667,135,62,45.9259259259259
"Late Miocene","SP25-19-08","Gobiidae",0.771,0.846,2.01213133595971,0.0808152048825223,3.11466666666667,135,62,45.9259259259259
"Late Miocene","SP25-19-08","Gobiidae",0.734,0.782,1.90962186917239,0.069022490410127,3.11466666666667,135,62,45.9259259259259
"Late Miocene","SP25-19-08","Gobiidae",0.715,0.735,1.85710772175219,0.0634540670155623,3.11466666666667,135,62,45.9259259259259
"Late Miocene","SP25-19-08","Gobiidae",0.717,0.903,1.86263141219451,0.0640251019163531,3.11466666666667,135,62,45.9259259259259
"Late Miocene","SP25-19-08","Dorosomatidae",1.628,1.011,12.2218796746218,18.9001249079252,3.30000000095367,135,1,0.740740740740741
"Late Miocene","SP25-19-08","Haemulidae",0.832,0.69,1.6196687023462,0.0724983864558117,3.66931034482759,135,30,22.2222222222222
"Late Miocene","SP25-19-08","Haemulidae",1.189,0.912,2.38718359799476,0.23388320400533,3.66931034482759,135,30,22.2222222222222
"Late Miocene","SP25-19-08","Opistognathidae",1.79,1.007,7.69525645955776,5.69919439024848,3.69666666666667,135,3,2.22222222222222
"Late Miocene","SP25-19-08","Bothidae",1.116,1.013,5.3060744893175,2.72563084986049,3.77,135,2,1.48148148148148
"Late Miocene","SP25-19-09","Gobiidae",1.042,1.026,2.77167211797581,0.212348996661236,3.11466666666667,135,62,45.9259259259259
"Late Miocene","SP25-19-09","Gobiidae",1.09,1.071,2.90761875921908,0.245347146538094,3.11466666666667,135,62,45.9259259259259
"Late Miocene","SP25-19-09","Gobiidae",1.126,1.123,3.00982844635731,0.27229648250485,3.11466666666667,135,62,45.9259259259259
"Late Miocene","SP25-19-09","Gobiidae",0.853,0.944,2.2404059902849,0.111757385642453,3.11466666666667,135,62,45.9259259259259
"Late Miocene","SP25-19-09","Gobiidae",1.187,1.219,3.18348617402907,0.322499210515854,3.11466666666667,135,62,45.9259259259259
"Late Miocene","SP25-19-09","Gobiidae",0.982,0.758,2.60229714954304,0.175566782504917,3.11466666666667,135,62,45.9259259259259
"Late Miocene","SP25-19-09","Gobiidae",0.884,1.003,2.32707473160368,0.12531403011051,3.11466666666667,135,62,45.9259259259259
"Late Miocene","SP25-19-09","Gobiidae",1.145,1.081,3.06385624770871,0.28730935113472,3.11466666666667,135,62,45.9259259259259
"Late Miocene","SP25-19-09","Gobiidae",0.871,0.913,2.29070597882811,0.119498815478976,3.11466666666667,135,62,45.9259259259259
"Late Miocene","SP25-19-09","Gobiidae",0.813,0.965,2.12887038487102,0.095802510873119,3.11466666666667,135,62,45.9259259259259
"Late Miocene","SP25-19-09","Gobiidae",1.197,1.184,3.21200932637894,0.331294495258709,3.11466666666667,135,62,45.9259259259259
"Late Miocene","SP25-19-09","Gobiidae",0.697,0.768,1.80743878267676,0.0584714987676489,3.11466666666667,135,62,45.9259259259259
"Late Miocene","SP25-19-09","Gobiidae",0.958,0.961,2.5347280357002,0.162172351189017,3.11466666666667,135,62,45.9259259259259
"Late Miocene","SP25-19-09","Gobiidae",0.89,1.016,2.34387175075899,0.128062479084995,3.11466666666667,135,62,45.9259259259259
"Late Miocene","SP25-19-09","Gobiidae",0.787,0.803,2.05655709726707,0.0863183831791929,3.11466666666667,135,62,45.9259259259259
"Late Miocene","SP25-19-09","Gobiidae",0.632,0.777,1.62876845583205,0.0427153316164236,3.11466666666667,135,62,45.9259259259259
"Late Miocene","SP25-19-09","Gobiidae",1.319,1.265,3.56117163185888,0.452276294126017,3.11466666666667,135,62,45.9259259259259
"Late Miocene","SP25-19-09","Haemulidae",1.437,1.038,2.93272563212795,0.435414132142294,3.66931034482759,135,30,22.2222222222222
"Late Miocene","SP25-19-09","Haemulidae",1.431,0.986,2.91942452965298,0.429478470170677,3.66931034482759,135,30,22.2222222222222
"Late Miocene","SP25-19-09","Haemulidae",2.127,1.502,4.49056976124438,1.5761884919205,3.66931034482759,135,30,22.2222222222222
"Late Miocene","SP25-19-09","Haemulidae",2.971,2.262,6.45624607672362,4.71764401025863,3.66931034482759,135,30,22.2222222222222
"Late Miocene","SP25-19-09","Apogonidae",1.413,1.077,2.37922570059885,0.228378315847087,3.42222222222222,135,5,3.7037037037037
"Late Miocene","SP25-19-09","Apogonidae",1.493,1.114,2.51192082723839,0.26987253807608,3.42222222222222,135,5,3.7037037037037
"Late Miocene","SP25-19-09","Channidae",0.981,0.637,4.77168386811099,NA,NA,135,1,0.740740740740741
"Late Miocene","SP25-19-09","Ophidiidae",0.981,0.597,2.05702622281775,0.0573320532660548,3.724,135,4,2.96296296296296
"Late Miocene","SP25-19-09","Opistognathidae",1.416,0.896,6.38756374241345,3.38319856003803,3.69666666666667,135,3,2.22222222222222
"Late Miocene","SP25-19-09","Paralichthyidae",1.696,1.471,7.37236023621641,4.99889466262324,3.952,135,8,5.92592592592593
"Middle Holocene","AT14-10","Apogonidae",0.991535,0.7810266564,1.67816852126386,0.0780410201118463,3.42222222222222,834,44,5.2757793764988
"Middle Holocene","AT14-9","Apogonidae",1.024786109,0.4248735564,1.73361523724874,0.0862478379273444,3.42222222222222,834,44,5.2757793764988
"Middle Holocene","AT14-10","Apogonidae",1.122676274,0.8089064592,1.89669995410802,0.113725031146221,3.42222222222222,834,44,5.2757793764988
"Middle Holocene","AT14-10","Apogonidae",1.176772497,0.804500781,1.98673430366966,0.131163079789571,3.42222222222222,834,44,5.2757793764988
"Middle Holocene","AT12-2","Apogonidae",1.201762097,0.8535189394,2.02830495677315,0.139789996053416,3.42222222222222,834,44,5.2757793764988
"Middle Holocene","AT12-2","Apogonidae",1.204745502,0.902844693,2.03326706119065,0.140844642589193,3.42222222222222,834,44,5.2757793764988
"Middle Holocene","AT12-2","Apogonidae",1.211060209,1.013963471,2.04376931655248,0.143094478455903,3.42222222222222,834,44,5.2757793764988
"Middle Holocene","AT12-2","Apogonidae",1.214529086,0.9010517143,2.04953821341677,0.144340574278221,3.42222222222222,834,44,5.2757793764988
"Middle Holocene","AT12-2","Apogonidae",1.247250381,0.9070083478,2.10394350436339,0.15645450783108,3.42222222222222,834,44,5.2757793764988
"Middle Holocene","AT12-2","Apogonidae",1.307128824,0.9755978675,2.20344936633184,0.180352292364686,3.42222222222222,834,44,5.2757793764988
"Middle Holocene","AT12-2","Apogonidae",1.319311489,1.016803829,2.22368628769316,0.185496198437285,3.42222222222222,834,44,5.2757793764988
"Middle Holocene","AT12-2","Apogonidae",1.399170537,1.024266544,2.35627603065302,0.221669649089257,3.42222222222222,834,44,5.2757793764988
"Middle Holocene","AT12-2","Apogonidae",1.464859645,1.103864794,2.46525679674811,0.254746295429287,3.42222222222222,834,44,5.2757793764988
"Middle Holocene","AT12-2","Apogonidae",1.473834899,1.039235396,2.4801415066229,0.259507327476235,3.42222222222222,834,44,5.2757793764988
"Middle Holocene","AT12-2","Apogonidae",1.509444744,1.07487109,2.53918456995144,0.27898463742088,3.42222222222222,834,44,5.2757793764988
"Middle Holocene","AT12-2","Apogonidae",1.525801328,0.8859547448,2.56629786928753,0.288250154027134,3.42222222222222,834,44,5.2757793764988
"Middle Holocene","AT14-10","Apogonidae",1.566597193,0.961131872,2.63390436214205,0.312253545812303,3.42222222222222,834,44,5.2757793764988
"Middle Holocene","AT14-10","Apogonidae",1.70174562,1.266597628,2.85769189625263,0.401280000562922,3.42222222222222,834,44,5.2757793764988
"Middle Holocene","AT14-9","Apogonidae",1.71388957,1.250033197,2.87778768423436,0.410023786369564,3.42222222222222,834,44,5.2757793764988
"Middle Holocene","AT14-10","Apogonidae",1.85190452,1.275064898,3.10603277178556,0.518528112726103,3.42222222222222,834,44,5.2757793764988
"Middle Holocene","AT14-9","Apogonidae",1.868564851,1.265119636,3.13356805456178,0.532798717201348,3.42222222222222,834,44,5.2757793764988
"Middle Holocene","AT14-10","Apogonidae",2.049306236,1.63508214,3.43206487410308,0.704884758587022,3.42222222222222,834,44,5.2757793764988
"Middle Holocene","AT14-9","Apogonidae",2.073011106,1.392882405,3.47118467412425,0.729893055183228,3.42222222222222,834,44,5.2757793764988
"Middle Holocene","AT12-2","Apogonidae",2.995443266,2.160381266,4.98902461287823,2.22769842067636,3.42222222222222,834,44,5.2757793764988
"Middle Holocene","AT12-2","Atherinidae",1.028713117,0.9085682104,1.5920147074854,0.0259009885837969,3.18,834,29,3.47721822541966
"Middle Holocene","AT12-2","Atherinidae",1.38507921,1.148385573,2.50549508841264,0.109615514120242,3.18,834,29,3.47721822541966
"Middle Holocene","AT12-2","Atherinidae",1.591648887,1.368549878,3.09696890528439,0.215126515673943,3.18,834,29,3.47721822541966
"Middle Holocene","AT13-2","Atherinidae",1.686480989,1.461747943,3.38264213884575,0.284839858515,3.18,834,29,3.47721822541966
"Middle Holocene","AT13-4","Bregmacerotidae",1.034940967,0.9417474772,4.97902937923332,0.64527634682801,3.155,834,5,0.599520383693046
"Middle Holocene","AT13-4","Bregmacerotidae",1.17071255,1.066582336,5.4914413879333,0.868523756832008,3.155,834,5,0.599520383693046
"Middle Holocene","AT13-4","Bregmacerotidae",1.315177368,1.276252416,6.02342542276039,1.14970160419522,3.155,834,5,0.599520383693046
"Middle Holocene","AT12-2","Engraulidae",1.098237752,0.7277540207,3.59863887935146,0.385014679114898,3.24499999364217,834,182,21.8225419664269
"Middle Holocene","AT12-2","Engraulidae",1.108549901,0.7273683461,3.63636077093392,0.398044699700189,3.24499999364217,834,182,21.8225419664269
"Middle Holocene","AT12-2","Engraulidae",1.192309026,0.7494969948,3.9442292650785,0.51592428469958,3.24499999364217,834,182,21.8225419664269
"Middle Holocene","AT12-2","Engraulidae",1.233484218,0.772201184,4.09650633287738,0.582230982592374,3.24499999364217,834,182,21.8225419664269
"Middle Holocene","AT13-4","Engraulidae",1.237942893,0.703930867,4.11303141732655,0.589760648658276,3.24499999364217,834,182,21.8225419664269
"Middle Holocene","AT12-2","Engraulidae",1.30089329,0.8169966335,4.34706844497314,0.703701110009789,3.24499999364217,834,182,21.8225419664269
"Middle Holocene","AT13-9","Engraulidae",1.357806086,0.7952524193,4.55979229880447,0.81962074618313,3.24499999364217,834,182,21.8225419664269
"Middle Holocene","AT12-2","Engraulidae",1.359354284,0.9655620751,4.56559365523204,0.822953739578803,3.24499999364217,834,182,21.8225419664269
"Middle Holocene","AT12-2","Engraulidae",1.39753371,0.9706791391,4.70889844183055,0.908271274606876,3.24499999364217,834,182,21.8225419664269
"Middle Holocene","AT13-4","Engraulidae",1.439270422,0.8359525024,4.86607430055967,1.00862178658978,3.24499999364217,834,182,21.8225419664269
"Middle Holocene","AT12-2","Engraulidae",1.471982947,0.8486836379,4.98963621080258,1.09266539930921,3.24499999364217,834,182,21.8225419664269
"Middle Holocene","AT12-2","Engraulidae",1.506326633,0.8327838005,5.1197017227011,1.186199403049,3.24499999364217,834,182,21.8225419664269
"Middle Holocene","AT13-9","Engraulidae",1.523490006,0.9623261182,5.18483164723157,1.23503856501583,3.24499999364217,834,182,21.8225419664269
"Middle Holocene","AT12-2","Engraulidae",1.532034958,0.8190112113,5.21728895448134,1.25988514014771,3.24499999364217,834,182,21.8225419664269
"Middle Holocene","AT12-2","Engraulidae",1.541393378,1.090662449,5.25286019974847,1.28750734385056,3.24499999364217,834,182,21.8225419664269
"Middle Holocene","AT12-2","Engraulidae",1.585090021,0.9076772251,5.41927946855208,1.42227800166502,3.24499999364217,834,182,21.8225419664269
"Middle Holocene","AT12-2","Engraulidae",1.591852703,0.8402571114,5.44508309576062,1.44400600592055,3.24499999364217,834,182,21.8225419664269
"Middle Holocene","AT13-4","Engraulidae",1.637113675,0.9352324209,5.61810487229694,1.59562286402569,3.24499999364217,834,182,21.8225419664269
"Middle Holocene","AT12-2","Engraulidae",1.642111683,0.9848930588,5.63724530274069,1.61303870161401,3.24499999364217,834,182,21.8225419664269
"Middle Holocene","AT13-9","Engraulidae",1.647611502,0.9781959784,5.65831526798341,1.63236066079648,3.24499999364217,834,182,21.8225419664269
"Middle Holocene","AT12-2","Engraulidae",1.65927247,0.8955698734,5.70301567775073,1.67387780682712,3.24499999364217,834,182,21.8225419664269
"Middle Holocene","AT12-2","Engraulidae",1.70689985,0.904537779,5.88596276213391,1.85136615085672,3.24499999364217,834,182,21.8225419664269
"Middle Holocene","AT12-2","Engraulidae",1.721229914,0.9429422913,5.94112414356811,1.90731556954328,3.24499999364217,834,182,21.8225419664269
"Middle Holocene","AT12-2","Engraulidae",1.726747984,1.000768855,5.96237931107212,1.92918069024302,3.24499999364217,834,182,21.8225419664269
"Middle Holocene","AT12-2","Engraulidae",1.740001387,0.9679577937,6.0134624501998,1.98243255860086,3.24499999364217,834,182,21.8225419664269
"Middle Holocene","AT12-2","Engraulidae",1.749581366,0.983259238,6.05041503260937,2.02157718335807,3.24499999364217,834,182,21.8225419664269
"Middle Holocene","AT12-2","Engraulidae",1.749868487,0.9515861691,6.0515228985029,2.02275889389713,3.24499999364217,834,182,21.8225419664269
"Middle Holocene","AT12-2","Engraulidae",1.77930828,1.017984467,6.16522845719262,2.14658437681618,3.24499999364217,834,182,21.8225419664269
"Middle Holocene","AT12-2","Engraulidae",1.781234556,0.9869750309,6.17267596175367,2.15487173288342,3.24499999364217,834,182,21.8225419664269
"Middle Holocene","AT12-2","Engraulidae",1.812110736,0.9947377369,6.29217826812181,2.29087301235971,3.24499999364217,834,182,21.8225419664269
"Middle Holocene","AT12-2","Engraulidae",1.814212841,1.024177183,6.3003228149504,2.30035096342702,3.24499999364217,834,182,21.8225419664269
"Middle Holocene","AT12-2","Engraulidae",1.825489967,1.042391883,6.34403434531049,2.35167933762958,3.24499999364217,834,182,21.8225419664269
"Middle Holocene","AT12-2","Engraulidae",1.832623218,0.9922260948,6.3716998604855,2.38456882356683,3.24499999364217,834,182,21.8225419664269
"Middle Holocene","AT12-2","Engraulidae",1.833887696,1.018472878,6.37660529892852,2.39043331510644,3.24499999364217,834,182,21.8225419664269
"Middle Holocene","AT12-2","Engraulidae",1.842914301,1.047197393,6.4116346301354,2.43259936384652,3.24499999364217,834,182,21.8225419664269
"Middle Holocene","AT12-2","Engraulidae",1.854453378,1.070321826,6.45644296909295,2.4872776514623,3.24499999364217,834,182,21.8225419664269
"Middle Holocene","AT12-2","Engraulidae",1.877285211,1.098818276,6.54519810623437,2.59806370046818,3.24499999364217,834,182,21.8225419664269
"Middle Holocene","AT12-2","Engraulidae",1.881492818,0.9931371053,6.56156819705793,2.61886064858621,3.24499999364217,834,182,21.8225419664269
"Middle Holocene","AT12-2","Engraulidae",1.926491369,1.07830422,6.73690263909127,2.84882999719691,3.24499999364217,834,182,21.8225419664269
"Middle Holocene","AT12-2","Engraulidae",1.936635927,1.083024663,6.77649629020131,2.90261461532912,3.24499999364217,834,182,21.8225419664269
"Middle Holocene","AT12-2","Engraulidae",1.987590036,0.9385599925,6.97572837261461,3.1838731094558,3.24499999364217,834,182,21.8225419664269
"Middle Holocene","AT12-2","Engraulidae",2.004348945,1.090682089,7.04138626488031,3.28051336173945,3.24499999364217,834,182,21.8225419664269
"Middle Holocene","AT12-2","Engraulidae",2.024660923,1.124017626,7.12104951612842,3.40044910675334,3.24499999364217,834,182,21.8225419664269
"Middle Holocene","AT12-2","Engraulidae",2.047013656,1.087771767,7.20882352462526,3.53604461448722,3.24499999364217,834,182,21.8225419664269
"Middle Holocene","AT12-2","Engraulidae",2.055416317,1.078943636,7.24184759663303,3.58800763242477,3.24499999364217,834,182,21.8225419664269
"Middle Holocene","AT12-2","Engraulidae",2.079829842,1.147846048,7.33788591835556,3.74209931370097,3.24499999364217,834,182,21.8225419664269
"Middle Holocene","AT12-2","Engraulidae",2.101738202,1.070299699,7.42418058850432,3.88438037566471,3.24499999364217,834,182,21.8225419664269
"Middle Holocene","AT12-2","Engraulidae",2.163295994,1.182749457,7.66720467823943,4.30496795743963,3.24499999364217,834,182,21.8225419664269
"Middle Holocene","AT12-2","Engraulidae",2.183339326,1.374244482,7.74650780362678,4.44870535955399,3.24499999364217,834,182,21.8225419664269
"Middle Holocene","AT12-2","Engraulidae",2.254866446,1.199269006,8.03019346587787,4.98987009502119,3.24499999364217,834,182,21.8225419664269
"Middle Holocene","AT13-5","Engraulidae",2.456232498,1.517902146,8.83435063047869,6.76680590708069,3.24499999364217,834,182,21.8225419664269
"Middle Holocene","AT13-5","Engraulidae",2.632791107,1.632647623,9.5457725773908,8.66450069886711,3.24499999364217,834,182,21.8225419664269
"Middle Holocene","AT12-2","Gerreidae",1.074240338,0.7258915465,2.93591415487058,0.394063645048935,3.30785714285714,834,20,2.39808153477218
"Middle Holocene","AT12-2","Gerreidae",1.076015868,0.7600748792,2.94097591660645,0.39614012186259,3.30785714285714,834,20,2.39808153477218
"Middle Holocene","AT13-8","Gerreidae",1.165211341,0.7877597704,3.1957099481689,0.510404471955434,3.30785714285714,834,20,2.39808153477218
"Middle Holocene","AT13-8","Gerreidae",1.177019343,0.7642594093,3.22949696757961,0.527047496628307,3.30785714285714,834,20,2.39808153477218
"Middle Holocene","AT12-2","Gerreidae",1.22195702,0.7865516669,3.35821249810508,0.593792053368552,3.30785714285714,834,20,2.39808153477218
"Middle Holocene","AT12-2","Gerreidae",1.223881419,0.7739760519,3.36372918612013,0.596773113916298,3.30785714285714,834,20,2.39808153477218
"Middle Holocene","AT12-2","Gerreidae",1.237968848,0.8243702715,3.40412506116914,0.618909054170626,3.30785714285714,834,20,2.39808153477218
"Middle Holocene","AT12-2","Gerreidae",1.313867985,0.9214713378,3.62210232612329,0.74793828596149,3.30785714285714,834,20,2.39808153477218
"Middle Holocene","AT13-4","Gerreidae",1.354234385,0.9010412453,3.73825517290248,0.823547872554664,3.30785714285714,834,20,2.39808153477218
"Middle Holocene","AT12-2","Gerreidae",1.488764446,1.014140829,4.12641535855817,1.11323461299489,3.30785714285714,834,20,2.39808153477218
"Middle Holocene","AT12-2","Gerreidae",1.528068835,1.037927616,4.24011240099566,1.20948752470899,3.30785714285714,834,20,2.39808153477218
"Middle Holocene","AT12-2","Gerreidae",1.554604535,1.164013257,4.3169445269035,1.27760332756087,3.30785714285714,834,20,2.39808153477218
"Middle Holocene","AT13-4","Gerreidae",1.635290429,1.042561668,4.5509078990207,1.50081986455986,3.30785714285714,834,20,2.39808153477218
"Middle Holocene","AT13-4","Gerreidae",1.743364201,1.182057863,4.86506359713789,1.83982701448513,3.30785714285714,834,20,2.39808153477218
"Middle Holocene","AT12-2","Gerreidae",1.766737985,1.209403472,4.93312025547021,1.91948140595671,3.30785714285714,834,20,2.39808153477218
"Middle Holocene","AT12-2","Gerreidae",1.963744942,1.330709858,5.50823452534561,2.68717524102664,3.30785714285714,834,20,2.39808153477218
"Middle Holocene","AT13-4","Gerreidae",2.315975623,1.54808784,6.54256041140495,4.54265266013551,3.30785714285714,834,20,2.39808153477218
"Middle Holocene","AT12-2","Gobiidae",0.682184057,0.5962136598,1.76661661283606,0.0545778297795517,3.11466666666667,834,518,62.1103117505995
"Middle Holocene","AT12-2","Gobiidae",0.706516116,0.6296972845,1.83368743948401,0.0610707056451225,3.11466666666667,834,518,62.1103117505995
"Middle Holocene","AT12-2","Gobiidae",0.736425659,0.6497692366,1.91633239041367,0.0697567447646845,3.11466666666667,834,518,62.1103117505995
"Middle Holocene","AT12-2","Gobiidae",0.779657418,0.7028025894,2.03616244708706,0.0837619269239276,3.11466666666667,834,518,62.1103117505995
"Middle Holocene","AT12-2","Gobiidae",0.784714793,0.6755559381,2.05020844361035,0.0855170726129394,3.11466666666667,834,518,62.1103117505995
"Middle Holocene","AT12-2","Gobiidae",0.785680705,0.6898080385,2.05289175171595,0.0858551432853926,3.11466666666667,834,518,62.1103117505995
"Middle Holocene","AT12-2","Gobiidae",0.794970953,0.7207644747,2.07871072213672,0.0891538533558138,3.11466666666667,834,518,62.1103117505995
"Middle Holocene","AT12-2","Gobiidae",0.800003803,0.6829608485,2.09270573954467,0.0909767979981794,3.11466666666667,834,518,62.1103117505995
"Middle Holocene","AT12-2","Gobiidae",0.800334979,0.7751477412,2.09362684755972,0.0910976447361766,3.11466666666667,834,518,62.1103117505995
"Middle Holocene","AT12-2","Gobiidae",0.801836436,0.6369485377,2.09780318933231,0.0916469152308925,3.11466666666667,834,518,62.1103117505995
"Middle Holocene","AT13-4","Gobiidae",0.80386417,0.7222693765,2.10344416909467,0.0923923227480378,3.11466666666667,834,518,62.1103117505995
"Middle Holocene","AT12-2","Gobiidae",0.806085974,0.7714435089,2.10962606784682,0.0932138505155956,3.11466666666667,834,518,62.1103117505995
"Middle Holocene","AT12-2","Gobiidae",0.811550645,0.686567132,2.12483542753594,0.0952558152760923,3.11466666666667,834,518,62.1103117505995
"Middle Holocene","AT12-2","Gobiidae",0.817015412,0.734412775,2.14005153232112,0.0973283932593514,3.11466666666667,834,518,62.1103117505995
"Middle Holocene","AT13-4","Gobiidae",0.819297827,0.7174141237,2.14640859989771,0.0982031381782787,3.11466666666667,834,518,62.1103117505995
"Middle Holocene","AT13-4","Gobiidae",0.822015617,0.7066968531,2.15397975079228,0.0992517813071803,3.11466666666667,834,518,62.1103117505995
"Middle Holocene","AT12-2","Gobiidae",0.82881304,0.7025979839,2.17292276107111,0.101908222546152,3.11466666666667,834,518,62.1103117505995
"Middle Holocene","AT12-2","Gobiidae",0.831125063,0.6879265652,2.17936813386411,0.102822799759525,3.11466666666667,834,518,62.1103117505995
"Middle Holocene","AT12-2","Gobiidae",0.831551926,0.7158475408,2.18055825094567,0.102992271302844,3.11466666666667,834,518,62.1103117505995
"Middle Holocene","AT12-2","Gobiidae",0.833411831,0.7802101987,2.1857442171108,0.103732927724414,3.11466666666667,834,518,62.1103117505995
"Middle Holocene","AT12-2","Gobiidae",0.837023375,0.7088509476,2.19581636085812,0.105181581720481,3.11466666666667,834,518,62.1103117505995
"Middle Holocene","AT13-4","Gobiidae",0.837490909,0.7395904315,2.1971204557848,0.10537012978886,3.11466666666667,834,518,62.1103117505995
"Middle Holocene","AT12-2","Gobiidae",0.837651307,0.7612794052,2.1975678653369,0.105434868974421,3.11466666666667,834,518,62.1103117505995
"Middle Holocene","AT13-4","Gobiidae",0.843660339,0.724377784,2.21433318061061,0.10787998399243,3.11466666666667,834,518,62.1103117505995
"Middle Holocene","AT12-2","Gobiidae",0.844040514,0.7223937181,2.21539413077286,0.108035979410601,3.11466666666667,834,518,62.1103117505995
"Middle Holocene","AT12-2","Gobiidae",0.850354043,0.7562230545,2.23301763462848,0.110649329844652,3.11466666666667,834,518,62.1103117505995
"Middle Holocene","AT13-4","Gobiidae",0.850635404,0.7540876073,2.2338032151763,0.110766795407228,3.11466666666667,834,518,62.1103117505995
"Middle Holocene","AT13-4","Gobiidae",0.851965431,0.7301181795,2.2375169704494,0.111323231028621,3.11466666666667,834,518,62.1103117505995
"Middle Holocene","AT13-4","Gobiidae",0.85251144,0.750441536,2.23904166508316,0.111552217515889,3.11466666666667,834,518,62.1103117505995
"Middle Holocene","AT12-2","Gobiidae",0.853550056,0.756080664,2.24194210316257,0.111988689035353,3.11466666666667,834,518,62.1103117505995
"Middle Holocene","AT12-2","Gobiidae",0.8541537,0.7050274952,2.24362794140923,0.112242905729069,3.11466666666667,834,518,62.1103117505995
"Middle Holocene","AT13-4","Gobiidae",0.854222956,0.7480168988,2.2438213622375,0.112272097350306,3.11466666666667,834,518,62.1103117505995
"Middle Holocene","AT13-4","Gobiidae",0.864485752,0.7399377209,2.27249461558031,0.116655925472422,3.11466666666667,834,518,62.1103117505995
"Middle Holocene","AT13-4","Gobiidae",0.865052102,0.7367564918,2.27407757152926,0.116901219469634,3.11466666666667,834,518,62.1103117505995
"Middle Holocene","AT12-2","Gobiidae",0.865450195,0.7206689212,2.27519028610215,0.117073851330087,3.11466666666667,834,518,62.1103117505995
"Middle Holocene","AT13-4","Gobiidae",0.866465244,0.6379881614,2.27802760832005,0.117514818206282,3.11466666666667,834,518,62.1103117505995
"Middle Holocene","AT13-4","Gobiidae",0.866740004,0.7557210017,2.27879566912897,0.117634378246184,3.11466666666667,834,518,62.1103117505995
"Middle Holocene","AT13-4","Gobiidae",0.869089016,0.7519809845,2.28536269713689,0.118659955096472,3.11466666666667,834,518,62.1103117505995
"Middle Holocene","AT12-2","Gobiidae",0.873059675,0.7930111441,2.29646584222345,0.120407506393658,3.11466666666667,834,518,62.1103117505995
"Middle Holocene","AT13-4","Gobiidae",0.874210737,0.7540749126,2.29968515209375,0.120917399605259,3.11466666666667,834,518,62.1103117505995
"Middle Holocene","AT12-2","Gobiidae",0.87666107,0.7915520668,2.30653917757366,0.122007784283,3.11466666666667,834,518,62.1103117505995
"Middle Holocene","AT13-4","Gobiidae",0.878764005,0.7143006238,2.31242243409204,0.12294895865899,3.11466666666667,834,518,62.1103117505995
"Middle Holocene","AT13-4","Gobiidae",0.880471597,0.7479281402,2.31720031806903,0.123716862588175,3.11466666666667,834,518,62.1103117505995
"Middle Holocene","AT12-2","Gobiidae",0.880477381,0.7479173965,2.31721650283823,0.123719469246173,3.11466666666667,834,518,62.1103117505995
"Middle Holocene","AT13-4","Gobiidae",0.881223441,0.732678968,2.31930418175117,0.124056010848298,3.11466666666667,834,518,62.1103117505995
"Middle Holocene","AT12-2","Gobiidae",0.882065776,0.7945973956,2.32166139864733,0.124436737940538,3.11466666666667,834,518,62.1103117505995
"Middle Holocene","AT13-4","Gobiidae",0.88313338,0.768443255,2.324649219967,0.124920438885064,3.11466666666667,834,518,62.1103117505995
"Middle Holocene","AT12-2","Gobiidae",0.88800129,0.8136411398,2.33827555710409,0.127142359959761,3.11466666666667,834,518,62.1103117505995
"Middle Holocene","AT12-2","Gobiidae",0.888856761,0.7461708217,2.34067069496987,0.127535622627018,3.11466666666667,834,518,62.1103117505995
"Middle Holocene","AT13-4","Gobiidae",0.89220199,0.7920128646,2.35003802698721,0.129081473246588,3.11466666666667,834,518,62.1103117505995
"Middle Holocene","AT12-2","Gobiidae",0.89322446,0.793645999,2.35290159771744,0.12955652351823,3.11466666666667,834,518,62.1103117505995
"Middle Holocene","AT12-2","Gobiidae",0.897693037,0.7567150022,2.36541890443603,0.131646796772355,3.11466666666667,834,518,62.1103117505995
"Middle Holocene","AT13-4","Gobiidae",0.89786299,0.7907433036,2.36589505198036,0.131726750936903,3.11466666666667,834,518,62.1103117505995
"Middle Holocene","AT13-4","Gobiidae",0.898179075,0.7846876618,2.3667806242999,0.131875541572037,3.11466666666667,834,518,62.1103117505995
"Middle Holocene","AT13-4","Gobiidae",0.898511121,0.8076791345,2.36771093562595,0.132031970055327,3.11466666666667,834,518,62.1103117505995
"Middle Holocene","AT12-2","Gobiidae",0.901888124,0.7741848912,2.3771737021132,0.133630153427582,3.11466666666667,834,518,62.1103117505995
"Middle Holocene","AT13-4","Gobiidae",0.903786243,0.7753580222,2.38249344291798,0.134534266496088,3.11466666666667,834,518,62.1103117505995
"Middle Holocene","AT12-2","Gobiidae",0.905643953,0.79902185,2.38770061607744,0.135423199611014,3.11466666666667,834,518,62.1103117505995
"Middle Holocene","AT12-2","Gobiidae",0.909987406,0.7723074772,2.39987797668558,0.13751734526821,3.11466666666667,834,518,62.1103117505995
"Middle Holocene","AT13-4","Gobiidae",0.912889459,0.8001029874,2.40801625937911,0.138928889044028,3.11466666666667,834,518,62.1103117505995
"Middle Holocene","AT13-4","Gobiidae",0.913103498,0.7253766907,2.40861655788529,0.139033389631929,3.11466666666667,834,518,62.1103117505995
"Middle Holocene","AT12-2","Gobiidae",0.913369164,0.777193878,2.4093616629923,0.139163171375059,3.11466666666667,834,518,62.1103117505995
"Middle Holocene","AT12-2","Gobiidae",0.916651089,0.7644509721,2.41856750447477,0.140773323935673,3.11466666666667,834,518,62.1103117505995
"Middle Holocene","AT12-2","Gobiidae",0.9188829,0.7659324219,2.42482895397502,0.141875572045072,3.11466666666667,834,518,62.1103117505995
"Middle Holocene","AT12-2","Gobiidae",0.919116786,0.7722678369,2.42548518773406,0.1419914265035,3.11466666666667,834,518,62.1103117505995
"Middle Holocene","AT12-2","Gobiidae",0.920744368,0.7960684352,2.4300521246916,0.142799446142005,3.11466666666667,834,518,62.1103117505995
"Middle Holocene","AT12-2","Gobiidae",0.921494473,0.82725177,2.43215706444334,0.143172901777813,3.11466666666667,834,518,62.1103117505995
"Middle Holocene","AT13-4","Gobiidae",0.921524548,0.7728000041,2.43224146297176,0.143187889251906,3.11466666666667,834,518,62.1103117505995
"Middle Holocene","AT13-4","Gobiidae",0.92205999,0.8240620744,2.43374408619887,0.143454900378522,3.11466666666667,834,518,62.1103117505995
"Middle Holocene","AT13-4","Gobiidae",0.922527368,0.7967666968,2.43505574495897,0.143688249669595,3.11466666666667,834,518,62.1103117505995
"Middle Holocene","AT12-2","Gobiidae",0.923063856,0.7659014252,2.43656140717645,0.143956425599355,3.11466666666667,834,518,62.1103117505995
"Middle Holocene","AT13-4","Gobiidae",0.923631677,0.7622513427,2.43815506624424,0.144240639065629,3.11466666666667,834,518,62.1103117505995
"Middle Holocene","AT12-2","Gobiidae",0.933417446,0.7897650139,2.46562972792758,0.149199626636404,3.11466666666667,834,518,62.1103117505995
"Middle Holocene","AT12-2","Gobiidae",0.935952653,0.7948344956,2.47275058943323,0.150503230436371,3.11466666666667,834,518,62.1103117505995
"Middle Holocene","AT12-2","Gobiidae",0.936020548,0.77794333,2.47294130894686,0.150538249423266,3.11466666666667,834,518,62.1103117505995
"Middle Holocene","AT13-4","Gobiidae",0.93832895,0.7949193123,2.4794262138719,0.151732219995144,3.11466666666667,834,518,62.1103117505995
"Middle Holocene","AT12-2","Gobiidae",0.940925499,0.7915544066,2.48672180466666,0.153082998337477,3.11466666666667,834,518,62.1103117505995
"Middle Holocene","AT12-2","Gobiidae",0.941194043,0.8193571571,2.4874764123868,0.153223170908706,3.11466666666667,834,518,62.1103117505995
"Middle Holocene","AT12-2","Gobiidae",0.942638794,0.7722383308,2.49153639132213,0.153978807416256,3.11466666666667,834,518,62.1103117505995
"Middle Holocene","AT12-2","Gobiidae",0.943697283,0.7558516323,2.49451116271149,0.154534045428001,3.11466666666667,834,518,62.1103117505995
"Middle Holocene","AT13-4","Gobiidae",0.944264743,0.8165851998,2.49610603592353,0.154832277253112,3.11466666666667,834,518,62.1103117505995
"Middle Holocene","AT12-2","Gobiidae",0.945016107,0.817628729,2.49821787329081,0.155227770006568,3.11466666666667,834,518,62.1103117505995
"Middle Holocene","AT12-2","Gobiidae",0.945694298,0.8135889053,2.50012413657038,0.155585343438174,3.11466666666667,834,518,62.1103117505995
"Middle Holocene","AT12-2","Gobiidae",0.94659551,0.810271028,2.50265740235458,0.156061380373067,3.11466666666667,834,518,62.1103117505995
"Middle Holocene","AT13-4","Gobiidae",0.949218702,0.8082809783,2.51003194287736,0.157452703034948,3.11466666666667,834,518,62.1103117505995
"Middle Holocene","AT12-2","Gobiidae",0.950018925,0.7670392304,2.5122818545673,0.157878828962707,3.11466666666667,834,518,62.1103117505995
"Middle Holocene","AT12-2","Gobiidae",0.95082774,0.7817565491,2.51455604535787,0.158310336042636,3.11466666666667,834,518,62.1103117505995
"Middle Holocene","AT12-2","Gobiidae",0.953760863,0.7805199488,2.52280429839677,0.159881981818918,3.11466666666667,834,518,62.1103117505995
"Middle Holocene","AT12-2","Gobiidae",0.955776254,0.8104989964,2.52847272181093,0.160968084585689,3.11466666666667,834,518,62.1103117505995
"Middle Holocene","AT13-4","Gobiidae",0.957445232,0.8784955595,2.53316740748607,0.161871338757476,3.11466666666667,834,518,62.1103117505995
"Middle Holocene","AT13-4","Gobiidae",0.957637865,0.810021916,2.53370930019671,0.161975816122576,3.11466666666667,834,518,62.1103117505995
"Middle Holocene","AT13-4","Gobiidae",0.958024934,0.834555962,2.53479817844704,0.162185889032781,3.11466666666667,834,518,62.1103117505995
"Middle Holocene","AT12-2","Gobiidae",0.959484472,0.8149701834,2.53890430941614,0.162979706749074,3.11466666666667,834,518,62.1103117505995
"Middle Holocene","AT13-4","Gobiidae",0.961520678,0.789564634,2.54463344530262,0.16409162594403,3.11466666666667,834,518,62.1103117505995
"Middle Holocene","AT12-2","Gobiidae",0.962503286,0.8536568693,2.5473984179142,0.16463006543458,3.11466666666667,834,518,62.1103117505995
"Middle Holocene","AT13-4","Gobiidae",0.963591398,0.8379068104,2.55046047779236,0.165227735316259,3.11466666666667,834,518,62.1103117505995
"Middle Holocene","AT12-2","Gobiidae",0.963882721,0.8374486825,2.55128032800893,0.165388004042809,3.11466666666667,834,518,62.1103117505995
"Middle Holocene","AT12-2","Gobiidae",0.965270004,0.7738430437,2.55518467772904,0.166152673339595,3.11466666666667,834,518,62.1103117505995
"Middle Holocene","AT12-2","Gobiidae",0.965780705,0.8321583532,2.55662207681183,0.166434782946043,3.11466666666667,834,518,62.1103117505995
"Middle Holocene","AT12-2","Gobiidae",0.966367071,0.8149250376,2.55827249892224,0.166759095981496,3.11466666666667,834,518,62.1103117505995
"Middle Holocene","AT13-4","Gobiidae",0.967771103,0.874154637,2.56222463176446,0.167537418729132,3.11466666666667,834,518,62.1103117505995
"Middle Holocene","AT12-2","Gobiidae",0.968674802,0.8524177674,2.56476859645656,0.16803970297644,3.11466666666667,834,518,62.1103117505995
"Middle Holocene","AT12-2","Gobiidae",0.970104703,0.8321631742,2.5687941566238,0.168836570847709,3.11466666666667,834,518,62.1103117505995
"Middle Holocene","AT12-2","Gobiidae",0.970310044,0.8125774401,2.56937227820397,0.168951218221455,3.11466666666667,834,518,62.1103117505995
"Middle Holocene","AT13-4","Gobiidae",0.974316728,0.8418381975,2.58065433109685,0.171198993776279,3.11466666666667,834,518,62.1103117505995
"Middle Holocene","AT12-2","Gobiidae",0.976254148,0.8169467826,2.58611078701345,0.172293244186675,3.11466666666667,834,518,62.1103117505995
"Middle Holocene","AT12-2","Gobiidae",0.979200325,0.8308907026,2.59440956936533,0.173966448931328,3.11466666666667,834,518,62.1103117505995
"Middle Holocene","AT12-2","Gobiidae",0.980591446,0.7577685369,2.59832862385365,0.174760372554625,3.11466666666667,834,518,62.1103117505995
"Middle Holocene","AT12-2","Gobiidae",0.980947857,0.8421426279,2.59933275855129,0.174964179620635,3.11466666666667,834,518,62.1103117505995
"Middle Holocene","AT12-2","Gobiidae",0.98345299,0.7660268833,2.60639124671922,0.176401311649227,3.11466666666667,834,518,62.1103117505995
"Middle Holocene","AT12-2","Gobiidae",0.985555864,0.8146822527,2.61231720382225,0.177613932653002,3.11466666666667,834,518,62.1103117505995
"Middle Holocene","AT12-2","Gobiidae",0.98594005,0.8643080631,2.61339993703413,0.177836091301145,3.11466666666667,834,518,62.1103117505995
"Middle Holocene","AT12-2","Gobiidae",0.986105289,0.7856887539,2.61386563048933,0.177931700869049,3.11466666666667,834,518,62.1103117505995
"Middle Holocene","AT12-2","Gobiidae",0.989054938,0.8459499544,2.62217946261185,0.179644366278383,3.11466666666667,834,518,62.1103117505995
"Middle Holocene","AT12-2","Gobiidae",0.990061847,0.8592636948,2.62501787896949,0.180231599165129,3.11466666666667,834,518,62.1103117505995
"Middle Holocene","AT12-2","Gobiidae",0.993055364,0.8236597354,2.63345750211441,0.18198522921587,3.11466666666667,834,518,62.1103117505995
"Middle Holocene","AT12-2","Gobiidae",0.993960896,0.825164174,2.6360107858563,0.182518002647182,3.11466666666667,834,518,62.1103117505995
"Middle Holocene","AT12-2","Gobiidae",0.994398528,0.9116077043,2.63724480786938,0.18277586953215,3.11466666666667,834,518,62.1103117505995
"Middle Holocene","AT12-2","Gobiidae",0.994716176,0.8673546109,2.6381405239927,0.182963194939883,3.11466666666667,834,518,62.1103117505995
"Middle Holocene","AT12-2","Gobiidae",0.995226966,0.8297100802,2.63958090732877,0.183264698276337,3.11466666666667,834,518,62.1103117505995
"Middle Holocene","AT12-2","Gobiidae",0.995449182,0.8498203232,2.64020755169924,0.183395972088757,3.11466666666667,834,518,62.1103117505995
"Middle Holocene","AT12-2","Gobiidae",0.997700543,0.8389558352,2.64655684009677,0.184729611970021,3.11466666666667,834,518,62.1103117505995
"Middle Holocene","AT12-2","Gobiidae",0.997938257,0.8331549553,2.64722729405019,0.184870815105302,3.11466666666667,834,518,62.1103117505995
"Middle Holocene","AT12-2","Gobiidae",1.002231153,0.8378644153,2.65933681106456,0.18743361484399,3.11466666666667,834,518,62.1103117505995
"Middle Holocene","AT12-2","Gobiidae",1.004105964,0.8679125777,2.66462635853083,0.188560481455249,3.11466666666667,834,518,62.1103117505995
"Middle Holocene","AT12-2","Gobiidae",1.004461316,0.8281493635,2.66562901071342,0.188774592261735,3.11466666666667,834,518,62.1103117505995
"Middle Holocene","AT13-4","Gobiidae",1.005610099,0.8291340935,2.66887054109753,0.189467915059657,3.11466666666667,834,518,62.1103117505995
"Middle Holocene","AT13-4","Gobiidae",1.005879325,0.8173034418,2.66963025218366,0.189630653608727,3.11466666666667,834,518,62.1103117505995
"Middle Holocene","AT12-2","Gobiidae",1.006773233,0.8453060269,2.67215280439711,0.190171682496674,3.11466666666667,834,518,62.1103117505995
"Middle Holocene","AT12-2","Gobiidae",1.007167381,0.8476988315,2.67326511029111,0.190410573737226,3.11466666666667,834,518,62.1103117505995
"Middle Holocene","AT12-2","Gobiidae",1.008054607,0.9141801275,2.67576900832372,0.190949072756472,3.11466666666667,834,518,62.1103117505995
"Middle Holocene","AT12-2","Gobiidae",1.00901845,0.7809532565,2.67848929009177,0.191535260977662,3.11466666666667,834,518,62.1103117505995
"Middle Holocene","AT12-2","Gobiidae",1.010035504,0.8333952637,2.68135992897257,0.192155152602669,3.11466666666667,834,518,62.1103117505995
"Middle Holocene","AT12-2","Gobiidae",1.010302865,0.8695604994,2.68211458678728,0.192318337286802,3.11466666666667,834,518,62.1103117505995
"Middle Holocene","AT12-2","Gobiidae",1.010945514,0.8655716271,2.68392859070141,0.192710970358515,3.11466666666667,834,518,62.1103117505995
"Middle Holocene","AT12-2","Gobiidae",1.011665731,0.8678338614,2.68596163229222,0.19315164956915,3.11466666666667,834,518,62.1103117505995
"Middle Holocene","AT12-2","Gobiidae",1.012565736,0.8940983737,2.68850231134936,0.193703309864034,3.11466666666667,834,518,62.1103117505995
"Middle Holocene","AT12-2","Gobiidae",1.01380378,0.8439702209,2.69199749464984,0.194463942405569,3.11466666666667,834,518,62.1103117505995
"Middle Holocene","AT12-2","Gobiidae",1.015854142,0.8512230519,2.69778656663635,0.19572816596529,3.11466666666667,834,518,62.1103117505995
"Middle Holocene","AT12-2","Gobiidae",1.015910481,0.9243941309,2.69794564680222,0.195762983399279,3.11466666666667,834,518,62.1103117505995
"Middle Holocene","AT12-2","Gobiidae",1.01604192,0.8174991463,2.69831678331722,0.195844229114471,3.11466666666667,834,518,62.1103117505995
"Middle Holocene","AT12-2","Gobiidae",1.017597168,0.8823417459,2.70270847532795,0.196807329115947,3.11466666666667,834,518,62.1103117505995
"Middle Holocene","AT13-4","Gobiidae",1.019195764,0.8927910338,2.70722301531251,0.197800664639643,3.11466666666667,834,518,62.1103117505995
"Middle Holocene","AT12-2","Gobiidae",1.020440001,0.8501494726,2.71073713217314,0.198576192414534,3.11466666666667,834,518,62.1103117505995
"Middle Holocene","AT13-4","Gobiidae",1.022174919,0.8991907079,2.71563753885902,0.199661049246035,3.11466666666667,834,518,62.1103117505995
"Middle Holocene","AT13-4","Gobiidae",1.022377288,0.9258485479,2.71620917962738,0.199787857078158,3.11466666666667,834,518,62.1103117505995
"Middle Holocene","AT12-2","Gobiidae",1.024208535,0.8652973301,2.72138231012786,0.200937868586027,3.11466666666667,834,518,62.1103117505995
"Middle Holocene","AT12-2","Gobiidae",1.026817411,0.8900757767,2.72875319214991,0.202584082798793,3.11466666666667,834,518,62.1103117505995
"Middle Holocene","AT12-2","Gobiidae",1.029808766,0.9211670428,2.73720615307623,0.204483038582481,3.11466666666667,834,518,62.1103117505995
"Middle Holocene","AT12-2","Gobiidae",1.030517579,0.8464670494,2.73920934220245,0.204934791873987,3.11466666666667,834,518,62.1103117505995
"Middle Holocene","AT12-2","Gobiidae",1.030926232,0.8909499267,2.74036428337314,0.205195553760749,3.11466666666667,834,518,62.1103117505995
"Middle Holocene","AT13-4","Gobiidae",1.033001769,0.9239903814,2.74623064353342,0.206523481973482,3.11466666666667,834,518,62.1103117505995
"Middle Holocene","AT12-2","Gobiidae",1.035033132,0.8784684869,2.75197287076235,0.207828862866078,3.11466666666667,834,518,62.1103117505995
"Middle Holocene","AT12-2","Gobiidae",1.035067334,0.8581428113,2.75206955858049,0.207850890001615,3.11466666666667,834,518,62.1103117505995
"Middle Holocene","AT13-2","Gobiidae",1.035882254,0.865863752,2.75437336771504,0.208376198777547,3.11466666666667,834,518,62.1103117505995
"Middle Holocene","AT12-2","Gobiidae",1.036537193,0.8676970313,2.75622498768983,0.208799043251697,3.11466666666667,834,518,62.1103117505995
"Middle Holocene","AT12-2","Gobiidae",1.036813096,0.9547351116,2.75700503287498,0.208977349551164,3.11466666666667,834,518,62.1103117505995
"Middle Holocene","AT12-2","Gobiidae",1.041620006,0.8531672721,2.77059744548877,0.212100726879294,3.11466666666667,834,518,62.1103117505995
"Middle Holocene","AT12-2","Gobiidae",1.041789424,0.879835197,2.77107657818472,0.212211391659406,3.11466666666667,834,518,62.1103117505995
"Middle Holocene","AT13-4","Gobiidae",1.042410166,0.8712797053,2.7728321467754,0.212617203318882,3.11466666666667,834,518,62.1103117505995
"Middle Holocene","AT12-2","Gobiidae",1.04499832,0.896450356,2.78015261786262,0.214314972175629,3.11466666666667,834,518,62.1103117505995
"Middle Holocene","AT12-2","Gobiidae",1.048178433,0.9026727764,2.78914898666519,0.216413798494861,3.11466666666667,834,518,62.1103117505995
"Middle Holocene","AT12-2","Gobiidae",1.048222194,0.9280868438,2.78927279623432,0.21644277833934,3.11466666666667,834,518,62.1103117505995
"Middle Holocene","AT13-4","Gobiidae",1.049128891,0.804763448,2.79183811655218,0.217043821338506,3.11466666666667,834,518,62.1103117505995
"Middle Holocene","AT12-2","Gobiidae",1.051216993,0.8792221821,2.79774652233807,0.218432376242023,3.11466666666667,834,518,62.1103117505995
"Middle Holocene","AT12-2","Gobiidae",1.05393671,0.9053885794,2.80544323213185,0.220250096377523,3.11466666666667,834,518,62.1103117505995
"Middle Holocene","AT12-2","Gobiidae",1.060972269,0.913402742,2.82535945308446,0.225000556640421,3.11466666666667,834,518,62.1103117505995
"Middle Holocene","AT13-4","Gobiidae",1.065538286,0.8819236431,2.83828938147077,0.228121009236814,3.11466666666667,834,518,62.1103117505995
"Middle Holocene","AT12-2","Gobiidae",1.066716535,0.9633109111,2.84162648576079,0.228931041468243,3.11466666666667,834,518,62.1103117505995
"Middle Holocene","AT13-4","Gobiidae",1.066871116,0.8732126346,2.84206431622312,0.229037460744149,3.11466666666667,834,518,62.1103117505995
"Middle Holocene","AT13-4","Gobiidae",1.067515213,0.8982405239,2.84388867989933,0.229481247418309,3.11466666666667,834,518,62.1103117505995
"Middle Holocene","AT13-4","Gobiidae",1.068271916,0.9180919018,2.84603208181348,0.230003375892502,3.11466666666667,834,518,62.1103117505995
"Middle Holocene","AT13-4","Gobiidae",1.068797208,0.8824412985,2.84752005609627,0.230366310120765,3.11466666666667,834,518,62.1103117505995
"Middle Holocene","AT12-2","Gobiidae",1.071478411,0.9059176731,2.85511571588211,0.232224946254756,3.11466666666667,834,518,62.1103117505995
"Middle Holocene","AT13-4","Gobiidae",1.076142235,0.9622220032,2.86833086398239,0.235482500081905,3.11466666666667,834,518,62.1103117505995
"Middle Holocene","AT12-2","Gobiidae",1.076560353,0.884603859,2.86951579665875,0.235776071057831,3.11466666666667,834,518,62.1103117505995
"Middle Holocene","AT12-2","Gobiidae",1.079794024,0.9387351842,2.87868089612411,0.238055023725095,3.11466666666667,834,518,62.1103117505995
"Middle Holocene","AT13-4","Gobiidae",1.08022066,0.9113598345,2.87989022782427,0.238356825904517,3.11466666666667,834,518,62.1103117505995
"Middle Holocene","AT13-4","Gobiidae",1.080837937,0.9163492072,2.88163999918066,0.238793953429468,3.11466666666667,834,518,62.1103117505995
"Middle Holocene","AT12-2","Gobiidae",1.084614882,0.8799601229,2.89234773485316,0.241480637059539,3.11466666666667,834,518,62.1103117505995
"Middle Holocene","AT12-2","Gobiidae",1.089294711,0.915108072,2.90561844007909,0.244838342294791,3.11466666666667,834,518,62.1103117505995
"Middle Holocene","AT13-4","Gobiidae",1.091851313,0.9451085976,2.91286978266341,0.24668616707769,3.11466666666667,834,518,62.1103117505995
"Middle Holocene","AT12-2","Gobiidae",1.093052839,0.9162871129,2.91627806650425,0.247557894906415,3.11466666666667,834,518,62.1103117505995
"Middle Holocene","AT12-2","Gobiidae",1.09550559,0.9578906482,2.92323634704056,0.249343984913553,3.11466666666667,834,518,62.1103117505995
"Middle Holocene","AT13-4","Gobiidae",1.098188064,0.9512169886,2.93084746332461,0.251307490341032,3.11466666666667,834,518,62.1103117505995
"Middle Holocene","AT12-2","Gobiidae",1.098327399,0.9423834398,2.93124283756306,0.251409769894146,3.11466666666667,834,518,62.1103117505995
"Middle Holocene","AT12-2","Gobiidae",1.098359627,0.9034403453,2.93133428754972,0.251433431097374,3.11466666666667,834,518,62.1103117505995
"Middle Holocene","AT12-2","Gobiidae",1.100256896,0.9645128449,2.93671826597937,0.252829073553739,3.11466666666667,834,518,62.1103117505995
"Middle Holocene","AT12-2","Gobiidae",1.101078114,0.926927921,2.93904886091935,0.253434816209852,3.11466666666667,834,518,62.1103117505995
"Middle Holocene","AT12-2","Gobiidae",1.103873071,0.9551372847,2.94698169810991,0.255503902281058,3.11466666666667,834,518,62.1103117505995
"Middle Holocene","AT12-2","Gobiidae",1.106170316,0.9164570136,2.9535028464482,0.257213216693991,3.11466666666667,834,518,62.1103117505995
"Middle Holocene","AT12-2","Gobiidae",1.10996394,0.8983554097,2.96427361330332,0.260053146392823,3.11466666666667,834,518,62.1103117505995
"Middle Holocene","AT13-4","Gobiidae",1.109991299,0.97701123,2.9643512987887,0.260073705504716,3.11466666666667,834,518,62.1103117505995
"Middle Holocene","AT12-2","Gobiidae",1.110223553,0.923811706,2.96501078554412,0.260248279452968,3.11466666666667,834,518,62.1103117505995
"Middle Holocene","AT13-4","Gobiidae",1.111639226,0.9248043998,2.96903078690227,0.261314115771031,3.11466666666667,834,518,62.1103117505995
"Middle Holocene","AT13-4","Gobiidae",1.113256177,0.9154505784,2.97362274132144,0.262535161625251,3.11466666666667,834,518,62.1103117505995
"Middle Holocene","AT13-4","Gobiidae",1.114786783,0.976364547,2.97796987450329,0.263694616124381,3.11466666666667,834,518,62.1103117505995
"Middle Holocene","AT13-4","Gobiidae",1.115796697,0.9488606411,2.98083837695389,0.264461566169191,3.11466666666667,834,518,62.1103117505995
"Middle Holocene","AT13-4","Gobiidae",1.117219161,0.9445349788,2.98487894148508,0.265544417357707,3.11466666666667,834,518,62.1103117505995
"Middle Holocene","AT12-2","Gobiidae",1.119143156,0.9132991025,2.99034464194732,0.267013908697227,3.11466666666667,834,518,62.1103117505995
"Middle Holocene","AT12-2","Gobiidae",1.120131833,1.039525999,2.9931535147111,0.267771203754182,3.11466666666667,834,518,62.1103117505995
"Middle Holocene","AT12-2","Gobiidae",1.123327383,0.9437290425,3.00223327774394,0.270229001979236,3.11466666666667,834,518,62.1103117505995
"Middle Holocene","AT12-2","Gobiidae",1.124285817,1.006396675,3.00495686893355,0.270969179336518,3.11466666666667,834,518,62.1103117505995
"Middle Holocene","AT12-2","Gobiidae",1.12488019,0.9959349511,3.0066459782189,0.271428900699057,3.11466666666667,834,518,62.1103117505995
"Middle Holocene","AT13-4","Gobiidae",1.125134501,0.9418785623,3.00736870505828,0.271625762927119,3.11466666666667,834,518,62.1103117505995
"Middle Holocene","AT13-4","Gobiidae",1.125919138,0.9390078855,3.00959863130347,0.272233769950083,3.11466666666667,834,518,62.1103117505995
"Middle Holocene","AT13-4","Gobiidae",1.127869072,0.9507873192,3.01514073907248,0.273748808424093,3.11466666666667,834,518,62.1103117505995
"Middle Holocene","AT12-2","Gobiidae",1.130770277,0.9744882786,3.02338767304701,0.276013679502953,3.11466666666667,834,518,62.1103117505995
"Middle Holocene","AT12-2","Gobiidae",1.133828243,0.9333884626,3.03208166262897,0.278414853481291,3.11466666666667,834,518,62.1103117505995
"Middle Holocene","AT13-4","Gobiidae",1.133914717,0.9821820469,3.0323275352247,0.278482962764189,3.11466666666667,834,518,62.1103117505995
"Middle Holocene","AT12-2","Gobiidae",1.134132677,1.048727119,3.03294726885416,0.278654684884109,3.11466666666667,834,518,62.1103117505995
"Middle Holocene","AT12-2","Gobiidae",1.136546583,0.9876973476,3.03981131925723,0.280561382204559,3.11466666666667,834,518,62.1103117505995
"Middle Holocene","AT12-2","Gobiidae",1.138512126,0.9926104936,3.04540111035807,0.282120543251588,3.11466666666667,834,518,62.1103117505995
"Middle Holocene","AT13-4","Gobiidae",1.144893174,0.9254412287,3.06355232034695,0.287223387077418,3.11466666666667,834,518,62.1103117505995
"Middle Holocene","AT13-4","Gobiidae",1.147047434,1.029694286,3.06968166697793,0.288960362404859,3.11466666666667,834,518,62.1103117505995
"Middle Holocene","AT13-4","Gobiidae",1.148325693,0.9680224743,3.07331894104494,0.289994429875173,3.11466666666667,834,518,62.1103117505995
"Middle Holocene","AT13-4","Gobiidae",1.148380702,0.9686301842,3.07347547438991,0.290038987328254,3.11466666666667,834,518,62.1103117505995
"Middle Holocene","AT12-2","Gobiidae",1.150799901,0.9562875448,3.08036000404789,0.292003209295798,3.11466666666667,834,518,62.1103117505995
"Middle Holocene","AT12-2","Gobiidae",1.151028261,0.9083270821,3.08100991570439,0.292189093302904,3.11466666666667,834,518,62.1103117505995
"Middle Holocene","AT12-2","Gobiidae",1.153429137,0.9785968585,3.08784329251259,0.294148327141257,3.11466666666667,834,518,62.1103117505995
"Middle Holocene","AT13-4","Gobiidae",1.153579524,1.026535439,3.08827135416872,0.294271350428288,3.11466666666667,834,518,62.1103117505995
"Middle Holocene","AT12-2","Gobiidae",1.15627592,0.9764253202,3.09594697597377,0.296483136624694,3.11466666666667,834,518,62.1103117505995
"Middle Holocene","AT13-4","Gobiidae",1.158723542,1.006455484,3.10291541228791,0.298500741985012,3.11466666666667,834,518,62.1103117505995
"Middle Holocene","AT13-4","Gobiidae",1.160869228,1.041368645,3.10902499562595,0.300277213087401,3.11466666666667,834,518,62.1103117505995
"Middle Holocene","AT13-4","Gobiidae",1.161421413,0.9687066681,3.11059739172399,0.300735556221404,3.11466666666667,834,518,62.1103117505995
"Middle Holocene","AT13-4","Gobiidae",1.162112845,0.9984614636,3.1125663727474,0.301310160453937,3.11466666666667,834,518,62.1103117505995
"Middle Holocene","AT13-4","Gobiidae",1.162382017,0.9564605602,3.11333291004052,0.301534055995374,3.11466666666667,834,518,62.1103117505995
"Middle Holocene","AT12-2","Gobiidae",1.164305841,0.9845630458,3.11881182601696,0.303137615173582,3.11466666666667,834,518,62.1103117505995
"Middle Holocene","AT13-4","Gobiidae",1.167677139,0.9822522088,3.12841442669702,0.305961820237849,3.11466666666667,834,518,62.1103117505995
"Middle Holocene","AT12-2","Gobiidae",1.167758366,0.9535361606,3.12864581040606,0.306030088254753,3.11466666666667,834,518,62.1103117505995
"Middle Holocene","AT12-2","Gobiidae",1.168588965,0.9862877686,3.13101191799644,0.306728774996712,3.11466666666667,834,518,62.1103117505995
"Middle Holocene","AT13-4","Gobiidae",1.170526255,0.9690883517,3.13653104306725,0.308362657610374,3.11466666666667,834,518,62.1103117505995
"Middle Holocene","AT13-4","Gobiidae",1.170850007,0.9363252484,3.13745343308824,0.308636288245886,3.11466666666667,834,518,62.1103117505995
"Middle Holocene","AT12-2","Gobiidae",1.174410345,1.017514846,3.14759812533232,0.311656468426242,3.11466666666667,834,518,62.1103117505995
"Middle Holocene","AT12-2","Gobiidae",1.17634563,0.9273343621,3.15311326942439,0.313306643141244,3.11466666666667,834,518,62.1103117505995
"Middle Holocene","AT13-4","Gobiidae",1.176501555,0.9980662762,3.15355764697304,0.313439858107061,3.11466666666667,834,518,62.1103117505995
"Middle Holocene","AT13-4","Gobiidae",1.18507138,1.046306915,3.17798688465757,0.320821624537085,3.11466666666667,834,518,62.1103117505995
"Middle Holocene","AT13-4","Gobiidae",1.186754402,1.009052344,3.18278584082846,0.322285245270698,3.11466666666667,834,518,62.1103117505995
"Middle Holocene","AT13-4","Gobiidae",1.189043543,0.9435078816,3.18931377081275,0.324283337197811,3.11466666666667,834,518,62.1103117505995
"Middle Holocene","AT13-4","Gobiidae",1.189183596,1.031388172,3.18971318494755,0.324405859407176,3.11466666666667,834,518,62.1103117505995
"Middle Holocene","AT12-2","Gobiidae",1.193276372,1.064281378,3.20138659695011,0.328000418285989,3.11466666666667,834,518,62.1103117505995
"Middle Holocene","AT13-4","Gobiidae",1.194311477,0.9391060692,3.20433932400254,0.328913842578514,3.11466666666667,834,518,62.1103117505995
"Middle Holocene","AT13-4","Gobiidae",1.195265581,1.026617605,3.20706113199303,0.329757336965827,3.11466666666667,834,518,62.1103117505995
"Middle Holocene","AT13-4","Gobiidae",1.200568332,1.033592118,3.22219098811461,0.334472485573676,3.11466666666667,834,518,62.1103117505995
"Middle Holocene","AT13-4","Gobiidae",1.201357443,1.030886137,3.22444284830597,0.335178097145551,3.11466666666667,834,518,62.1103117505995
"Middle Holocene","AT13-4","Gobiidae",1.201899303,1.057806862,3.22598919059463,0.335663213288472,3.11466666666667,834,518,62.1103117505995
"Middle Holocene","AT13-4","Gobiidae",1.203246062,1.107782956,3.22983271815371,0.336871031606605,3.11466666666667,834,518,62.1103117505995
"Middle Holocene","AT12-2","Gobiidae",1.205102345,0.9994176303,3.23513082666505,0.338540705863104,3.11466666666667,834,518,62.1103117505995
"Middle Holocene","AT13-4","Gobiidae",1.205274128,1.035871144,3.23562114706664,0.338695507141443,3.11466666666667,834,518,62.1103117505995
"Middle Holocene","AT13-4","Gobiidae",1.205446314,1.019536446,3.23611262218634,0.338850720460217,3.11466666666667,834,518,62.1103117505995
"Middle Holocene","AT12-2","Gobiidae",1.208006246,0.9916945303,3.24342002808495,0.341164093113658,3.11466666666667,834,518,62.1103117505995
"Middle Holocene","AT13-4","Gobiidae",1.208038722,1.056878327,3.24351273813672,0.341193510807819,3.11466666666667,834,518,62.1103117505995
"Middle Holocene","AT12-2","Gobiidae",1.209544394,1.060728819,3.2478111907367,0.342559309344563,3.11466666666667,834,518,62.1103117505995
"Middle Holocene","AT12-2","Gobiidae",1.212265654,1.027211063,3.2555808107128,0.345037308015382,3.11466666666667,834,518,62.1103117505995
"Middle Holocene","AT13-4","Gobiidae",1.213440089,1.053858249,3.25893434592498,0.346110557277521,3.11466666666667,834,518,62.1103117505995
"Middle Holocene","AT12-2","Gobiidae",1.213496786,0.9374916865,3.25909624631732,0.346162427493507,3.11466666666667,834,518,62.1103117505995
"Middle Holocene","AT13-4","Gobiidae",1.218530439,1.060204869,3.2734719336704,0.350788906649772,3.11466666666667,834,518,62.1103117505995
"Middle Holocene","AT12-2","Gobiidae",1.221523658,0.9885406863,3.28202209567318,0.353560081853727,3.11466666666667,834,518,62.1103117505995
"Middle Holocene","AT13-4","Gobiidae",1.221759886,1.01740724,3.2826969399261,0.353779425207574,3.11466666666667,834,518,62.1103117505995
"Middle Holocene","AT13-4","Gobiidae",1.224999856,0.994663306,3.29195355507435,0.356797273061481,3.11466666666667,834,518,62.1103117505995
"Middle Holocene","AT12-2","Gobiidae",1.227130472,0.9985658669,3.29804158281443,0.358791447662889,3.11466666666667,834,518,62.1103117505995
"Middle Holocene","AT13-4","Gobiidae",1.227463056,1.048549873,3.29899196955251,0.359103424009154,3.11466666666667,834,518,62.1103117505995
"Middle Holocene","AT13-4","Gobiidae",1.231442873,1.036229752,3.31036589334043,0.362851139436423,3.11466666666667,834,518,62.1103117505995
"Middle Holocene","AT13-4","Gobiidae",1.233145698,1.069697419,3.31523310949252,0.364462845938657,3.11466666666667,834,518,62.1103117505995
"Middle Holocene","AT13-4","Gobiidae",1.233305578,1.063533553,3.31569011928524,0.364614423259089,3.11466666666667,834,518,62.1103117505995
"Middle Holocene","AT12-2","Gobiidae",1.233379333,1.031637424,3.31590094589996,0.364684362731732,3.11466666666667,834,518,62.1103117505995
"Middle Holocene","AT13-4","Gobiidae",1.236647438,1.034335204,3.32524353275123,0.367792678115206,3.11466666666667,834,518,62.1103117505995
"Middle Holocene","AT13-4","Gobiidae",1.238237037,1.06356722,3.32978831088774,0.369311125755825,3.11466666666667,834,518,62.1103117505995
"Middle Holocene","AT12-2","Gobiidae",1.248657241,1.071579949,3.35958954176398,0.379371922377008,3.11466666666667,834,518,62.1103117505995
"Middle Holocene","AT12-2","Gobiidae",1.249025565,1.080674693,3.36064321744495,0.37973095376303,3.11466666666667,834,518,62.1103117505995
"Middle Holocene","AT13-4","Gobiidae",1.256464013,1.128898252,3.38192681004841,0.387031880816814,3.11466666666667,834,518,62.1103117505995
"Middle Holocene","AT13-4","Gobiidae",1.257452104,1.067487407,3.38475463027878,0.38800891462128,3.11466666666667,834,518,62.1103117505995
"Middle Holocene","AT12-2","Gobiidae",1.257524804,1.049414288,3.38496269615095,0.388080868042354,3.11466666666667,834,518,62.1103117505995
"Middle Holocene","AT13-2","Gobiidae",1.257785175,1.151555455,3.3857078787213,0.388338640549565,3.11466666666667,834,518,62.1103117505995
"Middle Holocene","AT12-2","Gobiidae",1.259829356,1.032349343,3.39155866955615,0.390366516333109,3.11466666666667,834,518,62.1103117505995
"Middle Holocene","AT13-4","Gobiidae",1.260334967,1.064394302,3.39300590617166,0.390869216203621,3.11466666666667,834,518,62.1103117505995
"Middle Holocene","AT12-2","Gobiidae",1.260520811,1.02721094,3.3935378663299,0.391054102096858,3.11466666666667,834,518,62.1103117505995
"Middle Holocene","AT13-4","Gobiidae",1.263144327,1.085028065,3.40104795153068,0.393670518652132,3.11466666666667,834,518,62.1103117505995
"Middle Holocene","AT12-2","Gobiidae",1.268849139,1.09723735,3.41738196648647,0.399401428724425,3.11466666666667,834,518,62.1103117505995
"Middle Holocene","AT13-4","Gobiidae",1.270418638,1.097180402,3.42187657078865,0.400988120282692,3.11466666666667,834,518,62.1103117505995
"Middle Holocene","AT12-2","Gobiidae",1.273720979,1.114781787,3.43133469408898,0.404340792346007,3.11466666666667,834,518,62.1103117505995
"Middle Holocene","AT13-4","Gobiidae",1.273916142,1.062103049,3.43189370241456,0.404539531416447,3.11466666666667,834,518,62.1103117505995
"Middle Holocene","AT12-2","Gobiidae",1.274427815,1.015080815,3.43335932081848,0.405060899216242,3.11466666666667,834,518,62.1103117505995
"Middle Holocene","AT13-4","Gobiidae",1.278559839,1.08757031,3.44519630950852,0.409288172045512,3.11466666666667,834,518,62.1103117505995
"Middle Holocene","AT12-2","Gobiidae",1.284535956,1.082827474,3.46232034023593,0.415455613997973,3.11466666666667,834,518,62.1103117505995
"Middle Holocene","AT12-2","Gobiidae",1.286250326,0.9164914012,3.46723364570754,0.41723660434878,3.11466666666667,834,518,62.1103117505995
"Middle Holocene","AT12-2","Gobiidae",1.286958914,1.123951406,3.46926454727345,0.417974260210576,3.11466666666667,834,518,62.1103117505995
"Middle Holocene","AT12-2","Gobiidae",1.287423263,1.079614944,3.47059546776474,0.418458144335517,3.11466666666667,834,518,62.1103117505995
"Middle Holocene","AT13-4","Gobiidae",1.292415341,1.107860025,3.4849057134733,0.423684615812534,3.11466666666667,834,518,62.1103117505995
"Middle Holocene","AT12-2","Gobiidae",1.292660495,1.140927986,3.48560855987157,0.423942431633017,3.11466666666667,834,518,62.1103117505995
"Middle Holocene","AT12-2","Gobiidae",1.294849471,1.060108824,3.49188463717737,0.426249252829333,3.11466666666667,834,518,62.1103117505995
"Middle Holocene","AT12-2","Gobiidae",1.295675453,1.101443239,3.49425300881592,0.427121942277043,3.11466666666667,834,518,62.1103117505995
"Middle Holocene","AT13-4","Gobiidae",1.295948053,1.068385161,3.49503466679328,0.427410226859322,3.11466666666667,834,518,62.1103117505995
"Middle Holocene","AT13-4","Gobiidae",1.296325618,1.093854815,3.49611732040889,0.427809736952105,3.11466666666667,834,518,62.1103117505995
"Middle Holocene","AT12-2","Gobiidae",1.298405685,1.062674028,3.50208219267232,0.43001531213465,3.11466666666667,834,518,62.1103117505995
"Middle Holocene","AT12-2","Gobiidae",1.300806583,1.097830371,3.50896784228952,0.432570791306139,3.11466666666667,834,518,62.1103117505995
"Middle Holocene","AT12-2","Gobiidae",1.306785689,1.043709783,3.5261190949343,0.438980250684819,3.11466666666667,834,518,62.1103117505995
"Middle Holocene","AT13-4","Gobiidae",1.308809236,1.100383391,3.53192482798193,0.441164162085382,3.11466666666667,834,518,62.1103117505995
"Middle Holocene","AT12-2","Gobiidae",1.31387467,1.052580579,3.54646048767558,0.446663793505512,3.11466666666667,834,518,62.1103117505995
"Middle Holocene","AT13-4","Gobiidae",1.315008906,1.095172383,3.54971575284387,0.447901686294304,3.11466666666667,834,518,62.1103117505995
"Middle Holocene","AT13-4","Gobiidae",1.319226998,1.138026961,3.56182326291658,0.452525984606112,3.11466666666667,834,518,62.1103117505995
"Middle Holocene","AT13-4","Gobiidae",1.320184448,1.093375928,3.56457184562467,0.453580194278474,3.11466666666667,834,518,62.1103117505995
"Middle Holocene","AT12-2","Gobiidae",1.322591783,1.100484686,3.57148321687445,0.456238279169586,3.11466666666667,834,518,62.1103117505995
"Middle Holocene","AT13-4","Gobiidae",1.328128629,1.141389146,3.58738231728078,0.462392494959601,3.11466666666667,834,518,62.1103117505995
"Middle Holocene","AT13-4","Gobiidae",1.331428554,1.107379239,3.59686007476845,0.466087408230799,3.11466666666667,834,518,62.1103117505995
"Middle Holocene","AT13-2","Gobiidae",1.332092206,1.179032806,3.59876633784076,0.466832942959694,3.11466666666667,834,518,62.1103117505995
"Middle Holocene","AT12-2","Gobiidae",1.337275707,1.105456789,3.61365740497026,0.472684258127798,3.11466666666667,834,518,62.1103117505995
"Middle Holocene","AT13-4","Gobiidae",1.345837538,1.18763,3.63826166520822,0.482459369524169,3.11466666666667,834,518,62.1103117505995
"Middle Holocene","AT12-2","Gobiidae",1.347221522,1.135129324,3.64223977152678,0.48405242561976,3.11466666666667,834,518,62.1103117505995
"Middle Holocene","AT13-4","Gobiidae",1.356477246,1.109386432,3.66885094040391,0.494799553948292,3.11466666666667,834,518,62.1103117505995
"Middle Holocene","AT13-4","Gobiidae",1.357597303,1.174228274,3.67207200119641,0.496111124646416,3.11466666666667,834,518,62.1103117505995
"Middle Holocene","AT12-2","Gobiidae",1.363969244,1.125918513,3.69039962770421,0.50361813291782,3.11466666666667,834,518,62.1103117505995
"Middle Holocene","AT12-2","Gobiidae",1.37648839,1.232353424,3.72642422125199,0.518594408931029,3.11466666666667,834,518,62.1103117505995
"Middle Holocene","AT13-4","Gobiidae",1.39030226,1.192163317,3.76619850494551,0.535472084583458,3.11466666666667,834,518,62.1103117505995
"Middle Holocene","AT12-2","Gobiidae",1.402293335,1.197296226,3.80074469067908,0.550425947819595,3.11466666666667,834,518,62.1103117505995
"Middle Holocene","AT13-4","Gobiidae",1.403696286,1.280426771,3.80478780453615,0.552194105806715,3.11466666666667,834,518,62.1103117505995
"Middle Holocene","AT13-4","Gobiidae",1.408415416,1.150245847,3.81838956908186,0.558170375976949,3.11466666666667,834,518,62.1103117505995
"Middle Holocene","AT13-4","Gobiidae",1.410815189,1.202775287,3.82530744740563,0.56122643491974,3.11466666666667,834,518,62.1103117505995
"Middle Holocene","AT12-2","Gobiidae",1.413897017,1.163999839,3.83419259195691,0.5651679404174,3.11466666666667,834,518,62.1103117505995
"Middle Holocene","AT13-4","Gobiidae",1.417893539,1.241360182,3.8457166925054,0.570307610738043,3.11466666666667,834,518,62.1103117505995
"Middle Holocene","AT12-2","Gobiidae",1.42293003,1.22475928,3.86024250228946,0.576830414663693,3.11466666666667,834,518,62.1103117505995
"Middle Holocene","AT12-2","Gobiidae",1.429971004,1.144492842,3.88055491576454,0.58603504582396,3.11466666666667,834,518,62.1103117505995
"Middle Holocene","AT13-4","Gobiidae",1.430821645,1.167684665,3.88300934767267,0.587153882877988,3.11466666666667,834,518,62.1103117505995
"Middle Holocene","AT13-4","Gobiidae",1.431807718,1.253384971,3.8858546693374,0.588452690611053,3.11466666666667,834,518,62.1103117505995
"Middle Holocene","AT13-4","Gobiidae",1.433110629,1.181852636,3.88961441965507,0.590171852512391,3.11466666666667,834,518,62.1103117505995
"Middle Holocene","AT13-4","Gobiidae",1.433405378,1.182770982,3.89046499326914,0.590561246073817,3.11466666666667,834,518,62.1103117505995
"Middle Holocene","AT12-2","Gobiidae",1.441622463,1.159449955,3.91418193786405,0.601488173977991,3.11466666666667,834,518,62.1103117505995
"Middle Holocene","AT12-2","Gobiidae",1.442212797,1.193606558,3.91588614662799,0.602278504372163,3.11466666666667,834,518,62.1103117505995
"Middle Holocene","AT13-4","Gobiidae",1.460601587,1.242596141,3.96899392427434,0.627256636584938,3.11466666666667,834,518,62.1103117505995
"Middle Holocene","AT13-4","Gobiidae",1.461288449,1.29638041,3.97097843988648,0.628203195050951,3.11466666666667,834,518,62.1103117505995
"Middle Holocene","AT13-4","Gobiidae",1.46336988,1.188925857,3.97699257323918,0.631077599351173,3.11466666666667,834,518,62.1103117505995
"Middle Holocene","AT12-2","Gobiidae",1.47978279,1.222958568,4.02443529669551,0.654061309538001,3.11466666666667,834,518,62.1103117505995
"Middle Holocene","AT12-2","Gobiidae",1.480252525,1.282297743,4.02579359188868,0.65472744817476,3.11466666666667,834,518,62.1103117505995
"Middle Holocene","AT13-4","Gobiidae",1.482817705,1.050741004,4.03321159871686,0.658373409446642,3.11466666666667,834,518,62.1103117505995
"Middle Holocene","AT12-2","Gobiidae",1.486348129,1.227481938,4.04342223218949,0.663414113886861,3.11466666666667,834,518,62.1103117505995
"Middle Holocene","AT13-4","Gobiidae",1.487113955,1.350166976,4.04563734394483,0.66451104735215,3.11466666666667,834,518,62.1103117505995
"Middle Holocene","AT13-4","Gobiidae",1.488352873,1.229432756,4.04922100236138,0.666288257792934,3.11466666666667,834,518,62.1103117505995
"Middle Holocene","AT13-4","Gobiidae",1.490030535,1.24454897,4.05407405965131,0.668700050475474,3.11466666666667,834,518,62.1103117505995
"Middle Holocene","AT13-4","Gobiidae",1.492292606,1.199434564,4.06061821326668,0.671961487402443,3.11466666666667,834,518,62.1103117505995
"Middle Holocene","AT13-4","Gobiidae",1.503813775,1.322353356,4.09395858000283,0.688742656743301,3.11466666666667,834,518,62.1103117505995
"Middle Holocene","AT13-4","Gobiidae",1.512143348,1.290776686,4.1180730628801,0.701053205405995,3.11466666666667,834,518,62.1103117505995
"Middle Holocene","AT12-2","Gobiidae",1.517500019,1.297787283,4.13358530419159,0.709049505476297,3.11466666666667,834,518,62.1103117505995
"Middle Holocene","AT13-2","Gobiidae",1.518108064,1.28215307,4.13534634463411,0.709961127251923,3.11466666666667,834,518,62.1103117505995
"Middle Holocene","AT12-2","Gobiidae",1.529586071,1.259399423,4.16859768517581,0.727321428873996,3.11466666666667,834,518,62.1103117505995
"Middle Holocene","AT13-4","Gobiidae",1.534996353,1.347787536,4.18427654172123,0.735604776718263,3.11466666666667,834,518,62.1103117505995
"Middle Holocene","AT13-4","Gobiidae",1.546473583,1.388520224,4.21754881275072,0.753391385477591,3.11466666666667,834,518,62.1103117505995
"Middle Holocene","AT13-4","Gobiidae",1.548340169,1.343517092,4.22296148949523,0.756311794224948,3.11466666666667,834,518,62.1103117505995
"Middle Holocene","AT12-2","Gobiidae",1.55012656,1.326195859,4.22814200533947,0.759114019154947,3.11466666666667,834,518,62.1103117505995
"Middle Holocene","AT12-2","Gobiidae",1.566309246,1.307885528,4.27508878279037,0.784825406111554,3.11466666666667,834,518,62.1103117505995
"Middle Holocene","AT13-4","Gobiidae",1.572924921,1.324521063,4.29429003777064,0.795506899369189,3.11466666666667,834,518,62.1103117505995
"Middle Holocene","AT12-2","Gobiidae",1.588885984,1.302243679,4.34063622139629,0.82168831850948,3.11466666666667,834,518,62.1103117505995
"Middle Holocene","AT13-4","Gobiidae",1.622699394,1.286288251,4.43891726081958,0.87910131001101,3.11466666666667,834,518,62.1103117505995
"Middle Holocene","AT13-4","Gobiidae",1.623164774,1.377723361,4.44027083024693,0.879910191876513,3.11466666666667,834,518,62.1103117505995
"Middle Holocene","AT12-2","Gobiidae",1.626445025,1.286236259,4.44981221847387,0.885626165685724,3.11466666666667,834,518,62.1103117505995
"Middle Holocene","AT12-2","Gobiidae",1.627753476,1.300907766,4.45361849827791,0.887913307732859,3.11466666666667,834,518,62.1103117505995
"Middle Holocene","AT13-4","Gobiidae",1.634818045,1.37891233,4.4741726458857,0.900332277281615,3.11466666666667,834,518,62.1103117505995
"Middle Holocene","AT12-2","Gobiidae",1.640383111,1.329670714,4.49036799199997,0.910199014648359,3.11466666666667,834,518,62.1103117505995
"Middle Holocene","AT13-4","Gobiidae",1.641474598,1.335282565,4.49354482403853,0.912142886388303,3.11466666666667,834,518,62.1103117505995
"Middle Holocene","AT13-4","Gobiidae",1.657252944,1.360365377,4.53948343644951,0.940563267014089,3.11466666666667,834,518,62.1103117505995
"Middle Holocene","AT13-4","Gobiidae",1.657684829,1.383311915,4.54074125861261,0.941349644938321,3.11466666666667,834,518,62.1103117505995
"Middle Holocene","AT12-2","Gobiidae",1.660915468,1.411176666,4.550150830747,0.94724636282808,3.11466666666667,834,518,62.1103117505995
"Middle Holocene","AT13-4","Gobiidae",1.661369948,1.37291514,4.55147464393777,0.948077935896217,3.11466666666667,834,518,62.1103117505995
"Middle Holocene","AT13-4","Gobiidae",1.664623105,1.343550029,4.56095113546726,0.954044991067082,3.11466666666667,834,518,62.1103117505995
"Middle Holocene","AT13-4","Gobiidae",1.678904123,1.413140852,4.60256576668829,0.980545727966189,3.11466666666667,834,518,62.1103117505995
"Middle Holocene","AT13-4","Gobiidae",1.708523593,1.447965278,4.68894754957125,1.03711648741444,3.11466666666667,834,518,62.1103117505995
"Middle Holocene","AT13-4","Gobiidae",1.708772884,1.367674967,4.68967498241392,1.03760191244431,3.11466666666667,834,518,62.1103117505995
"Middle Holocene","AT13-4","Gobiidae",1.714626463,1.377593401,4.7067576928387,1.04904512743217,3.11466666666667,834,518,62.1103117505995
"Middle Holocene","AT13-4","Gobiidae",1.718472551,1.410405754,4.71798387854158,1.05661097727898,3.11466666666667,834,518,62.1103117505995
"Middle Holocene","AT13-4","Gobiidae",1.733246438,1.385062703,4.76112150586468,1.08602278587551,3.11466666666667,834,518,62.1103117505995
"Middle Holocene","AT13-4","Gobiidae",1.741682062,1.474445744,4.78576275924912,1.10306656827646,3.11466666666667,834,518,62.1103117505995
"Middle Holocene","AT13-4","Gobiidae",1.754056734,1.354703631,4.821923992028,1.1284007853219,3.11466666666667,834,518,62.1103117505995
"Middle Holocene","AT13-4","Gobiidae",1.816803776,1.457803929,5.00552938737714,1.26305072485414,3.11466666666667,834,518,62.1103117505995
"Middle Holocene","AT13-4","Gobiidae",1.826654928,1.538820853,5.03439184068714,1.28514784525569,3.11466666666667,834,518,62.1103117505995
"Middle Holocene","AT13-4","Gobiidae",1.832024652,1.578284594,5.05012850571892,1.29730399373842,3.11466666666667,834,518,62.1103117505995
"Middle Holocene","AT12-2","Gobiidae",1.850353823,1.53483437,5.10386641687711,1.33939415412233,3.11466666666667,834,518,62.1103117505995
"Middle Holocene","AT13-4","Gobiidae",1.850845736,1.444141267,5.10530908479804,1.34053652838287,3.11466666666667,834,518,62.1103117505995
"Middle Holocene","AT12-2","Gobiidae",1.904489702,1.474096654,5.26277873517695,1.46918364844659,3.11466666666667,834,518,62.1103117505995
"Middle Holocene","AT13-4","Gobiidae",1.954240491,1.628750524,5.40907122712089,1.59586375566724,3.11466666666667,834,518,62.1103117505995
"Middle Holocene","AT13-4","Gobiidae",1.974864404,1.695811871,5.46978540027697,1.65051226260378,3.11466666666667,834,518,62.1103117505995
"Middle Holocene","AT13-4","Gobiidae",2.00407085,1.556265414,5.55583398395028,1.73008643049757,3.11466666666667,834,518,62.1103117505995
"Middle Holocene","AT13-4","Gobiidae",2.012616561,1.624457422,5.58102657114281,1.75385946148759,3.11466666666667,834,518,62.1103117505995
"Middle Holocene","AT13-4","Gobiidae",2.115937217,1.713587064,5.88614150433877,2.05933488236417,3.11466666666667,834,518,62.1103117505995
"Middle Holocene","AT13-4","Gobiidae",2.378012758,1.733230907,6.66421372524164,2.99483891126472,3.11466666666667,834,518,62.1103117505995
"Middle Holocene","AFH12-1","Gobiidae",0.786708422,0.766429346,2.05574698346404,0.0862158545333402,3.11466666666667,834,518,62.1103117505995
"Middle Holocene","AFH12-1","Engraulidae",1.018583282,0.708677645,3.30866975963964,0.294459822577336,3.24499999364217,834,182,21.8225419664269
"Middle Holocene","AFH12-1","Engraulidae",1.072456917,0.6901916724,3.50451249068073,0.353783782545846,3.24499999364217,834,182,21.8225419664269
"Middle Holocene","AFH12-1","Engraulidae",1.088356901,0.6855597364,3.56253311549953,0.372820156578447,3.24499999364217,834,182,21.8225419664269
"Middle Holocene","AFH12-1","Engraulidae",1.2177737,0.7805214138,4.03833404262212,0.556249944983433,3.24499999364217,834,182,21.8225419664269
"Middle Holocene","AFH12-1","Engraulidae",1.298203269,0.938868145,4.33704018570136,0.698532775656136,3.24499999364217,834,182,21.8225419664269
"Middle Holocene","AFH12-1","Engraulidae",1.379839921,0.9219208769,4.64242848059442,0.867979092773882,3.24499999364217,834,182,21.8225419664269
"Middle Holocene","AFH12-1","Engraulidae",1.442001449,0.7876122903,4.87637761803203,1.0154540675651,3.24499999364217,834,182,21.8225419664269
"Middle Holocene","AFH12-1","Engraulidae",1.44567768,1.086087186,4.89025046320832,1.02470346670036,3.24499999364217,834,182,21.8225419664269
"Middle Holocene","AFH12-1","Engraulidae",1.534046427,0.7777941933,5.22493240808463,1.26578585207632,3.24499999364217,834,182,21.8225419664269
"Middle Holocene","AFH12-1","Engraulidae",1.554747438,1.067410132,5.30366209519683,1.3276736232399,3.24499999364217,834,182,21.8225419664269
"Middle Holocene","AFH12-1","Engraulidae",1.555382052,0.8826420123,5.30607757267127,1.32960455456144,3.24499999364217,834,182,21.8225419664269
"Middle Holocene","AFH12-1","Engraulidae",1.568291373,0.8947734343,5.35523793279348,1.36932361060321,3.24499999364217,834,182,21.8225419664269
"Middle Holocene","AFH12-1","Engraulidae",1.633279946,0.9333960414,5.60342776060474,1.58235598525306,3.24499999364217,834,182,21.8225419664269
"Middle Holocene","AFH12-1","Engraulidae",1.653226232,0.9906347114,5.6798338600144,1.65225746805807,3.24499999364217,834,182,21.8225419664269
"Middle Holocene","AFH12-1","Engraulidae",1.655911172,0.8330127596,5.6901269511258,1.66183341617704,3.24499999364217,834,182,21.8225419664269
"Middle Holocene","AFH12-1","Engraulidae",1.656642179,0.8852697089,5.69292970291087,1.66444748003424,3.24499999364217,834,182,21.8225419664269
"Middle Holocene","AFH12-1","Engraulidae",1.700680518,0.9626778891,5.86203904778806,1.82745506048072,3.24499999364217,834,182,21.8225419664269
"Middle Holocene","AFH12-1","Engraulidae",1.70132193,1.14046269,5.8645058800388,1.82991072760541,3.24499999364217,834,182,21.8225419664269
"Middle Holocene","AFH12-1","Engraulidae",1.739450605,0.9717029928,6.01133864891701,1.9801987229875,3.24499999364217,834,182,21.8225419664269
"Middle Holocene","AFH12-1","Engraulidae",1.741068628,0.9152279053,6.01757792561627,1.98676618160372,3.24499999364217,834,182,21.8225419664269
"Middle Holocene","AFH12-1","Engraulidae",1.7542055,0.9391603652,6.06825996452675,2.04066932987625,3.24499999364217,834,182,21.8225419664269
"Middle Holocene","AFH12-1","Engraulidae",1.756574423,0.9231531451,6.07740395300204,2.05050021781632,3.24499999364217,834,182,21.8225419664269
"Middle Holocene","AFH12-1","Engraulidae",1.791661347,1.028922755,6.21300491757032,2.20013052786225,3.24499999364217,834,182,21.8225419664269
"Middle Holocene","AFH12-1","Engraulidae",1.807378216,1.149786504,6.27384625611015,2.26963790259827,3.24499999364217,834,182,21.8225419664269
"Middle Holocene","AFH12-1","Engraulidae",1.854880968,1.330549114,6.45810400041801,2.48932062537295,3.24499999364217,834,182,21.8225419664269
"Middle Holocene","AFH12-1","Engraulidae",1.983036533,0.9096855098,6.95789974805542,3.15797316882053,3.24499999364217,834,182,21.8225419664269
"Middle Holocene","AFH12-1","Engraulidae",2.028773986,1.008072457,7.13719217919495,3.42511390665852,3.24499999364217,834,182,21.8225419664269
"Middle Holocene","AFH12-1","Engraulidae",2.161997084,1.139198049,7.6620683571553,4.29576986486956,3.24499999364217,834,182,21.8225419664269
"Middle Holocene","AFH12-1","Gobiidae",0.88438923,0.7758569885,2.32816416326779,0.125491083200103,3.11466666666667,834,518,62.1103117505995
"Middle Holocene","AFH12-1","Gobiidae",0.916754819,0.7571802792,2.41885850246788,0.140824423123409,3.11466666666667,834,518,62.1103117505995
"Middle Holocene","AFH12-1","Gobiidae",0.921096226,0.7786291175,2.43103949281525,0.142974542498998,3.11466666666667,834,518,62.1103117505995
"Middle Holocene","AFH12-1","Gobiidae",0.925344139,0.8070197662,2.44296167527811,0.145100121989105,3.11466666666667,834,518,62.1103117505995
"Middle Holocene","AFH12-1","Gobiidae",0.929438763,0.8014593694,2.45445691373152,0.147169487108509,3.11466666666667,834,518,62.1103117505995
"Middle Holocene","AFH12-1","Gobiidae",0.947634872,0.8001763619,2.5055791908541,0.156611634243939,3.11466666666667,834,518,62.1103117505995
"Middle Holocene","AFH12-1","Gobiidae",0.951749034,0.8343772703,2.51714664873453,0.158802839288319,3.11466666666667,834,518,62.1103117505995
"Middle Holocene","AFH12-1","Gobiidae",0.955814996,0.8259525026,2.5285816937144,0.160989012409908,3.11466666666667,834,518,62.1103117505995
"Middle Holocene","AFH12-1","Gobiidae",0.957506045,0.8247690031,2.5333384787873,0.161904316579005,3.11466666666667,834,518,62.1103117505995
"Middle Holocene","AFH12-1","Gobiidae",0.961113629,0.7674682675,2.54348809749673,0.163868930858422,3.11466666666667,834,518,62.1103117505995
"Middle Holocene","AFH12-1","Gobiidae",0.968767173,0.7932967154,2.56502863459411,0.168091101935878,3.11466666666667,834,518,62.1103117505995
"Middle Holocene","AFH12-1","Gobiidae",0.975743121,0.815180688,2.58467148875981,0.172004151330473,3.11466666666667,834,518,62.1103117505995
"Middle Holocene","AFH12-1","Gobiidae",0.976066079,0.8359372978,2.58558108855276,0.172186812901283,3.11466666666667,834,518,62.1103117505995
"Middle Holocene","AFH12-1","Gobiidae",0.976674419,0.8121534203,2.58729450834756,0.172531245952551,3.11466666666667,834,518,62.1103117505995
"Middle Holocene","AFH12-1","Gobiidae",0.977518987,0.8316292739,2.58967338790611,0.17301021347348,3.11466666666667,834,518,62.1103117505995
"Middle Holocene","AFH12-1","Gobiidae",0.982934852,0.8608385581,2.60493124247148,0.176103405013604,3.11466666666667,834,518,62.1103117505995
"Middle Holocene","AFH12-1","Gobiidae",0.983574993,0.7756225289,2.60673503266948,0.176471508438513,3.11466666666667,834,518,62.1103117505995
"Middle Holocene","AFH12-1","Gobiidae",0.986676454,0.8262638846,2.61547538413128,0.178262457302408,3.11466666666667,834,518,62.1103117505995
"Middle Holocene","AFH12-1","Gobiidae",0.992129074,0.8303267377,2.63084584039613,0.181441351102845,3.11466666666667,834,518,62.1103117505995
"Middle Holocene","AFH12-1","Gobiidae",0.993585157,0.8202313394,2.63495131534059,0.182296804971943,3.11466666666667,834,518,62.1103117505995
"Middle Holocene","AFH12-1","Gobiidae",0.997601205,0.8284597926,2.64627666794262,0.184670626768006,3.11466666666667,834,518,62.1103117505995
"Middle Holocene","AFH12-1","Gobiidae",0.999402977,0.8399542601,2.6513586462825,0.185742504411187,3.11466666666667,834,518,62.1103117505995
"Middle Holocene","AFH12-1","Gobiidae",1.007967175,0.902103672,2.67552225461445,0.190895959685953,3.11466666666667,834,518,62.1103117505995
"Middle Holocene","AFH12-1","Gobiidae",1.01165394,0.869038719,2.68592834770677,0.19314442943097,3.11466666666667,834,518,62.1103117505995
"Middle Holocene","AFH12-1","Gobiidae",1.016852023,0.9485676142,2.70060429015831,0.196345486263367,3.11466666666667,834,518,62.1103117505995
"Middle Holocene","AFH12-1","Gobiidae",1.018706532,0.8659911253,2.70584134446488,0.197496300155904,3.11466666666667,834,518,62.1103117505995
"Middle Holocene","AFH12-1","Gobiidae",1.022537015,0.8667590916,2.71666037268315,0.199887983843249,3.11466666666667,834,518,62.1103117505995
"Middle Holocene","AFH12-1","Gobiidae",1.028413008,0.8645753239,2.73326183130407,0.20359547363957,3.11466666666667,834,518,62.1103117505995
"Middle Holocene","AFH12-1","Gobiidae",1.035906708,0.8984803475,2.75444250185377,0.208391976271223,3.11466666666667,834,518,62.1103117505995
"Middle Holocene","AFH12-1","Gobiidae",1.036741025,0.911880062,2.75680126928404,0.208930762518806,3.11466666666667,834,518,62.1103117505995
"Middle Holocene","AFH12-1","Gobiidae",1.043539336,0.860713422,2.77602580950524,0.213356769911608,3.11466666666667,834,518,62.1103117505995
"Middle Holocene","AFH12-1","Gobiidae",1.063622613,0.9011801579,2.83286420090847,0.226808220857629,3.11466666666667,834,518,62.1103117505995
"Middle Holocene","AFH12-1","Gobiidae",1.066514395,0.8793191517,2.84105395670572,0.228791932169348,3.11466666666667,834,518,62.1103117505995
"Middle Holocene","AFH12-1","Gobiidae",1.072821796,0.8619186236,2.85892188342053,0.233160063019797,3.11466666666667,834,518,62.1103117505995
"Middle Holocene","AFH12-1","Gobiidae",1.091353011,0.9151980221,2.91145635417847,0.246325260965217,3.11466666666667,834,518,62.1103117505995
"Middle Holocene","AFH12-1","Gobiidae",1.111294037,0.9637054208,2.96805054462703,0.261053952379375,3.11466666666667,834,518,62.1103117505995
"Middle Holocene","AFH12-1","Gobiidae",1.121599601,0.9866893042,2.99732379418228,0.268898191412699,3.11466666666667,834,518,62.1103117505995
"Middle Holocene","AFH12-1","Gobiidae",1.131151096,1.042658173,3.02447028444079,0.276311925976266,3.11466666666667,834,518,62.1103117505995
"Middle Holocene","AFH12-1","Gobiidae",1.165557582,1.014142117,3.12237700418726,0.304184120696145,3.11466666666667,834,518,62.1103117505995
"Middle Holocene","AFH12-1","Gobiidae",1.192507757,0.9805972443,3.19919416058211,0.327323287556641,3.11466666666667,834,518,62.1103117505995
"Middle Holocene","AFH12-1","Gobiidae",1.208137667,0.9295288494,3.24379519988156,0.341283148794102,3.11466666666667,834,518,62.1103117505995
"Middle Holocene","AFH12-1","Gobiidae",1.212744243,0.9837953921,3.25694737075943,0.345474386326755,3.11466666666667,834,518,62.1103117505995
"Middle Holocene","AT12-2","Atherinidae",1.16,NA,1.91194379440813,0.0463791610297428,3.18,834,29,3.47721822541966
"Middle Holocene","AT12-2","Atherinidae",1.15,NA,1.88687205345765,0.0444718567245816,3.18,834,29,3.47721822541966
"Middle Holocene","AT12-2","Atherinidae",1.38,NA,2.49150086616827,0.107679579065442,3.18,834,29,3.47721822541966
"Middle Holocene","AT12-2","Atherinidae",1.24,NA,2.11657058339,0.0640919934499993,3.18,834,29,3.47721822541966
"Middle Holocene","AT12-2","Atherinidae",1,NA,1.52476669300079,0.0225780347765262,3.18,834,29,3.47721822541966
"Middle Holocene","AT12-2","Atherinidae",1.36,NA,2.43665979869639,0.100318715060791,3.18,834,29,3.47721822541966
"Middle Holocene","AT12-2","Atherinidae",1.18,NA,1.96242773194898,0.0503884688280332,3.18,834,29,3.47721822541966
"Middle Holocene","AT12-2","Atherinidae",1.31,NA,2.30140752861092,0.0836527315273513,3.18,834,29,3.47721822541966
"Middle Holocene","AT12-2","Atherinidae",1.56,NA,3.00357433816936,0.195158237945256,3.18,834,29,3.47721822541966
"Middle Holocene","AT12-2","Atherinidae",1.62,NA,3.18146374301436,0.234360463833285,3.18,834,29,3.47721822541966
"Middle Holocene","AT12-2","Atherinidae",0.83,NA,1.14770696896552,0.00914524665046664,3.18,834,29,3.47721822541966
"Middle Holocene","AT12-2","Atherinidae",1.12,NA,1.81234338521481,0.0391205890149634,3.18,834,29,3.47721822541966
"Middle Holocene","AT12-2","Atherinidae",1.14,NA,1.86191442072139,0.0426273517691157,3.18,834,29,3.47721822541966
"Middle Holocene","AT12-2","Atherinidae",0.95,NA,1.41007146900654,0.0176051717222292,3.18,834,29,3.47721822541966
"Middle Holocene","AT12-2","Atherinidae",1.42,NA,2.60243576605542,0.123686196584214,3.18,834,29,3.47721822541966
"Middle Holocene","AT12-2","Atherinidae",1.29,NA,2.24805473142736,0.0776377303228868,3.18,834,29,3.47721822541966
"Middle Holocene","AFH12-1","Gobiidae",1.242041423,1.014753799,3.34066682209415,0.37296273426666,3.11466666666667,834,518,62.1103117505995
"Middle Holocene","AFH12-1","Gobiidae",1.242822519,1.041989854,3.34290060024525,0.373715524969751,3.11466666666667,834,518,62.1103117505995
"Middle Holocene","AFH12-1","Gobiidae",1.244932851,1.072214598,3.34893617099085,0.375754611006212,3.11466666666667,834,518,62.1103117505995
"Middle Holocene","AFH12-1","Gobiidae",1.264962004,1.065407752,3.40625181806049,0.395490325450468,3.11466666666667,834,518,62.1103117505995
"Middle Holocene","AFH12-1","Gobiidae",1.267917419,1.12009059,3.41471394837262,0.398461549347519,3.11466666666667,834,518,62.1103117505995
"Middle Holocene","AFH12-1","Gobiidae",1.27285775,1.003328777,3.42886219921166,0.403462551805426,3.11466666666667,834,518,62.1103117505995
"Middle Holocene","AT13-2","Atherinidae",1.25,NA,2.14264889099695,0.0666381618041855,3.18,834,29,3.47721822541966
"Middle Holocene","AT13-2","Atherinidae",1.15,NA,1.88687205345765,0.0444718567245816,3.18,834,29,3.47721822541966
"Middle Holocene","AT13-2","Atherinidae",1.22,NA,2.06474467146193,0.0592314121545199,3.18,834,29,3.47721822541966
"Middle Holocene","AT13-3","Atherinidae",0.92,NA,1.34274900248709,0.0150677494774658,3.18,834,29,3.47721822541966
"Middle Holocene","AT13-3","Atherinidae",1.52,NA,2.88695170491412,0.172056575436817,3.18,834,29,3.47721822541966
"Middle Holocene","AT13-3","Atherinidae",1.05,NA,1.6425110412895,0.0286061449151963,3.18,834,29,3.47721822541966
"Middle Holocene","AT13-3","Atherinidae",1.47,NA,2.74342443062979,0.146290273835902,3.18,834,29,3.47721822541966
"Middle Holocene","AT13-3","Atherinidae",1.61,NA,3.151571440801,0.227426663659737,3.18,834,29,3.47721822541966
"Middle Holocene","AT13-3","Atherinidae",1.25,NA,2.14264889099695,0.0666381618041855,3.18,834,29,3.47721822541966
"Middle Holocene","AT13-9","Bythitidae",3.100327,1.658334,7.17481029718775,3.60922851796278,3.5,834,9,1.07913669064748
"Middle Holocene","AT13-9","Bythitidae",2.066457,1.050111,4.20666349156331,0.669662790640927,3.5,834,9,1.07913669064748
"Middle Holocene","AT13-2","Bythitidae",1.410717,0.70639,2.54533863390238,0.137233382509229,3.5,834,9,1.07913669064748
"Middle Holocene","AT13-2","Bythitidae",1.441044,0.764841,2.61759751444179,0.149904976281763,3.5,834,9,1.07913669064748
"Middle Holocene","AT13-2","Bythitidae",1.544476,0.808318,2.8676276271716,0.199901839703783,3.5,834,9,1.07913669064748
"Middle Holocene","AT13-3","Bythitidae",3.051289,1.329729,7.02582795548071,3.37802720690385,3.5,834,9,1.07913669064748
"Middle Holocene","AT13-6","Bythitidae",2.037535,1.084035,4.12934826966643,0.631594979984448,3.5,834,9,1.07913669064748
"Middle Holocene","AT12-2","Bythitidae",1.780343,0.894955,3.45745068149295,0.360668037799837,3.5,834,9,1.07913669064748
"Middle Holocene","AT12-2","Bythitidae",2.040323,0.97043,4.13678621913638,0.635191250935878,3.5,834,9,1.07913669064748
"Middle Holocene","AT13-5","Haemulidae",2.765703,1.935632,5.97303911740881,3.73001729326477,3.66931034482759,834,1,0.119904076738609
"Middle Holocene","AT12-2","Bregmacerotidae",1.145502,1.095274,5.3972600023099,0.824125747077629,3.155,834,5,0.599520383693046
"Middle Holocene","AT13-8","Bregmacerotidae",1.354839,1.299731,6.16733119769645,1.23505534968197,3.155,834,5,0.599520383693046
"Middle Holocene","AT12-2","Gerreidae",2.340282,1.662407,6.61419918719061,4.69611878742774,3.30785714285714,834,20,2.39808153477218
"Middle Holocene","AT12-2","Gerreidae",1.34499,0.938803,3.7116414599722,0.805790208659184,3.30785714285714,834,20,2.39808153477218
"Middle Holocene","AT13-4","Gerreidae",1.38535,1.011432,3.82789131238945,0.885289064091847,3.30785714285714,834,20,2.39808153477218
"Middle Holocene","AT12-2","Labridae",1.347732,1.039447,7.30880813484904,9.10656782766913,2.74846153846154,834,2,0.239808153477218
"Middle Holocene","AT13-3","Labridae",0.834455,0.538358,4.79826161860997,2.56770963425057,2.74846153846154,834,2,0.239808153477218
"Middle Holocene","AT12-2","Dorosomatidae",1.347475,0.801308,6.14067824565948,2.20949192565847,3.30000000095367,834,7,0.839328537170264
"Middle Holocene","AT12-2","Dorosomatidae",NA,0.775956,7.97207544899473,4.98636998623571,3.30000000095367,834,7,0.839328537170264
"Middle Holocene","AT12-2","Dorosomatidae",NA,0.919307,8.9557680208661,7.16744310738039,3.30000000095367,834,7,0.839328537170264
"Middle Holocene","AT12-2","Dorosomatidae",1.504669,0.898271,6.70342043498483,2.90431260059436,3.30000000095367,834,7,0.839328537170264
"Middle Holocene","AT12-2","Dorosomatidae",1.029691,0.736813,4.95894809831578,1.13453199756379,3.30000000095367,834,7,0.839328537170264
"Middle Holocene","AT14-10","Dorosomatidae",1.346665,0.738311,6.13774474232255,2.20620203340369,3.30000000095367,834,7,0.839328537170264
"Middle Holocene","AT14-7","Dorosomatidae",1.329803,0.780206,6.07659448949916,2.13837806186839,3.30000000095367,834,7,0.839328537170264
"Middle Holocene","AT13-2","Acanthuridae",NA,1.499396,12.5291544223241,42.1331250367565,2.4075,834,1,0.119904076738609
"Middle Holocene","AT13-9","Batrachoididae",1.102801,1.078572,1.32961937704976,0.0208530449562755,3.70666666666667,834,1,0.119904076738609
"Middle Holocene","AT12-2","Opistognathidae",1.165825,0.698507,5.47321532551861,2.19516864996245,3.69666666666667,834,2,0.239808153477218
"Middle Holocene","AT13-8","Opistognathidae",2.682128,1.536005,10.6117183418751,14.0148610303489,3.69666666666667,834,2,0.239808153477218
"Middle Holocene","AT12-2","Synodontidae",NA,1.029056,9.67651928770552,7.56723664771195,4.2475,834,2,0.239808153477218
"Middle Holocene","AT13-4","Synodontidae",NA,1.135892,10.3552886850399,9.31894626746225,4.2475,834,2,0.239808153477218
"Middle Holocene","AT12-2","Scaridae",1.563146,0.978297,10.3724549419175,21.2654300318106,NA,834,4,0.479616306954436
"Middle Holocene","AT13-6","Scaridae",2.081883,1.228917,13.2059586858209,44.6462458089122,NA,834,4,0.479616306954436
"Middle Holocene","AT13-9","Scaridae",1.498476,0.955789,10.0096051257047,19.0626185453009,NA,834,4,0.479616306954436
"Middle Holocene","AT14-6","Scaridae",1.407248,0.8442,9.49351208544677,16.2024416383174,NA,834,4,0.479616306954436
"Middle Holocene","AT12-2","Apogonidae",1.551545,1.080954,2.60896303313261,0.303247226483843,3.42222222222222,834,44,5.2757793764988
"Middle Holocene","AT12-2","Apogonidae",1.137819,0.808234,1.92190877702325,0.118438977770511,3.42222222222222,834,44,5.2757793764988
"Middle Holocene","AT12-2","Apogonidae",1.087265,0.839396,1.83772970902056,0.103195715341376,3.42222222222222,834,44,5.2757793764988
"Middle Holocene","AT12-2","Apogonidae",1.175123,0.874172,1.98398988736087,0.130606541981037,3.42222222222222,834,44,5.2757793764988
"Middle Holocene","AT13-2","Apogonidae",1.041619,0.758376,1.76167431798688,0.0906144264388487,3.42222222222222,834,44,5.2757793764988
"Middle Holocene","AT13-2","Apogonidae",0.940694,0.719453,1.59333784931654,0.0665313349926631,3.42222222222222,834,44,5.2757793764988
"Middle Holocene","AT13-3","Apogonidae",NA,1.705377,5.18232756575523,2.50403179975648,3.42222222222222,834,44,5.2757793764988
"Middle Holocene","AT13-6","Apogonidae",1.138022,0.815967,1.92224668762841,0.118503045407421,3.42222222222222,834,44,5.2757793764988
"Middle Holocene","AT13-9","Apogonidae",1.575834,1.103462,2.64920793122235,0.317868067026613,3.42222222222222,834,44,5.2757793764988
"Middle Holocene","AT13-2","Apogonidae",1.885942,NA,3.16228425680084,0.547961258031669,3.42222222222222,834,44,5.2757793764988
"Middle Holocene","AT13-4","Apogonidae",3.67812,2.670748,6.10781051929009,4.15097478612175,3.42222222222222,834,44,5.2757793764988
"Middle Holocene","AT13-4","Apogonidae",1.479115,1.124498,2.48889749807157,0.262335884257061,3.42222222222222,834,44,5.2757793764988
"Middle Holocene","AT13-4","Apogonidae",1.072108,0.882629,1.81248034724766,0.0988962085495076,3.42222222222222,834,44,5.2757793764988
"Middle Holocene","AT14-10","Apogonidae",1.552759,1.033067,2.61097474847297,0.303967071084905,3.42222222222222,834,44,5.2757793764988
"Middle Holocene","AT14-6","Apogonidae",1.520598,1.057751,2.55767309372093,0.285280607515704,3.42222222222222,834,44,5.2757793764988
"Middle Holocene","AT14-7","Apogonidae",1.286306,0.945146,2.16885370985946,0.171783096926853,3.42222222222222,834,44,5.2757793764988
"Middle Holocene","AT14-5","Apogonidae",2.173562,1.472682,3.63705100931977,0.842589896451432,3.42222222222222,834,44,5.2757793764988
"Middle Holocene","AT14-10","Apogonidae",1.344399,0.945006,2.26535124296457,0.196396777846273,3.42222222222222,834,44,5.2757793764988
"Middle Holocene","AT14-10","Apogonidae",1.215411,0.913845,2.05100483747912,0.144658532102773,3.42222222222222,834,44,5.2757793764988
"Middle Holocene","AT12-2","Apogonidae",NA,1.162331,3.85172946468807,1.00514784092758,3.42222222222222,834,44,5.2757793764988
"Middle Holocene","AT12-2","Engraulidae",NA,0.768381,8.38138710831194,5.72036709098359,3.24499999364217,834,182,21.8225419664269
"Middle Holocene","AT12-2","Engraulidae",NA,0.745086,8.22440985061465,5.38537288598815,3.24499999364217,834,182,21.8225419664269
"Middle Holocene","AT12-2","Engraulidae",1.382028,0.735951,4.65064308094918,0.872890704422144,3.24499999364217,834,182,21.8225419664269
"Middle Holocene","AT12-2","Engraulidae",1.598654,0.982798,5.47104686276149,1.46609783010235,3.24499999364217,834,182,21.8225419664269
"Middle Holocene","AT12-2","Engraulidae",1.319115,0.653827,4.41506102236161,0.739437562387123,3.24499999364217,834,182,21.8225419664269
"Middle Holocene","AT12-2","Engraulidae",1.453082,0.946601,4.9182042349957,1.04351643597804,3.24499999364217,834,182,21.8225419664269
"Middle Holocene","AT12-2","Engraulidae",1.929269,1.016773,6.74774118608136,2.86348461361919,3.24499999364217,834,182,21.8225419664269
"Middle Holocene","AT12-2","Engraulidae",1.881523,0.988824,6.56168563828714,2.61901026025277,3.24499999364217,834,182,21.8225419664269
"Middle Holocene","AT12-2","Engraulidae",2.149977,1.128883,7.61455392819951,4.21132019640826,3.24499999364217,834,182,21.8225419664269
"Middle Holocene","AT12-2","Engraulidae",2.079918,1.165482,7.33823295315995,3.74266421361177,3.24499999364217,834,182,21.8225419664269
"Middle Holocene","AT12-2","Engraulidae",2.007336,1.069997,7.05309560940616,3.29795708105615,3.24499999364217,834,182,21.8225419664269
"Middle Holocene","AT12-2","Engraulidae",2.132921,1.203867,7.54718571691098,4.09354765100828,3.24499999364217,834,182,21.8225419664269
"Middle Holocene","AT12-2","Engraulidae",2.382446,1.332267,8.5387627459132,6.07030287213671,3.24499999364217,834,182,21.8225419664269
"Middle Holocene","AT12-2","Engraulidae",1.503909,0.829522,5.11053439817838,1.17943335905607,3.24499999364217,834,182,21.8225419664269
"Middle Holocene","AT12-2","Engraulidae",2.241265,1.204392,7.97616713890749,4.88350601553043,3.24499999364217,834,182,21.8225419664269
"Middle Holocene","AT12-2","Engraulidae",1.776486,0.942973,6.1543184440881,2.13448360061671,3.24499999364217,834,182,21.8225419664269
"Middle Holocene","AT12-2","Engraulidae",1.150466,0.750042,3.79010493191455,0.454290339487634,3.24499999364217,834,182,21.8225419664269
"Middle Holocene","AT12-2","Engraulidae",1.352766,0.805762,4.54091156220705,0.808837575357947,3.24499999364217,834,182,21.8225419664269
"Middle Holocene","AT12-2","Engraulidae",NA,1.048604,10.1448573323565,10.5224662249589,3.24499999364217,834,182,21.8225419664269
"Middle Holocene","AT12-2","Engraulidae",NA,0.902085,9.24918369506035,7.83414818441666,3.24499999364217,834,182,21.8225419664269
"Middle Holocene","AT12-2","Engraulidae",2.202792,1.182421,7.82355457084368,4.59147645067958,3.24499999364217,834,182,21.8225419664269
"Middle Holocene","AT12-2","Engraulidae",1.806782,1.000095,6.27153713213401,2.26697272358703,3.24499999364217,834,182,21.8225419664269
"Middle Holocene","AT12-2","Engraulidae",1.775242,0.931745,6.14951018303587,2.12916545012285,3.24499999364217,834,182,21.8225419664269
"Middle Holocene","AT12-2","Engraulidae",1.898814,0.960033,6.62900242704756,2.70573677509231,3.24499999364217,834,182,21.8225419664269
"Middle Holocene","AT12-2","Engraulidae",1.983852,1.039297,6.96109225069806,3.16260029672918,3.24499999364217,834,182,21.8225419664269
"Middle Holocene","AT12-2","Engraulidae",1.972282,1.073256,6.91581065735351,3.09740425200737,3.24499999364217,834,182,21.8225419664269
"Middle Holocene","AT12-2","Engraulidae",2.177565,1.170682,7.72365252180352,4.40694722925602,3.24499999364217,834,182,21.8225419664269
"Middle Holocene","AT12-2","Engraulidae",1.989873,1.086989,6.98466878931464,3.19691574704188,3.24499999364217,834,182,21.8225419664269
"Middle Holocene","AT12-2","Engraulidae",1.973708,1.014597,6.92138994645544,3.10538694055337,3.24499999364217,834,182,21.8225419664269
"Middle Holocene","AT12-2","Engraulidae",2.051642,1.033306,7.22701186870435,3.56459937211921,3.24499999364217,834,182,21.8225419664269
"Middle Holocene","AT12-2","Engraulidae",1.741871,0.931551,6.02067221029949,1.99002876503249,3.24499999364217,834,182,21.8225419664269
"Middle Holocene","AT12-2","Engraulidae",1.900555,1.054673,6.63578437810293,2.71458203241105,3.24499999364217,834,182,21.8225419664269
"Middle Holocene","AT12-2","Engraulidae",2.087086,1.080321,7.36645554477021,3.78880099015759,3.24499999364217,834,182,21.8225419664269
"Middle Holocene","AT12-2","Engraulidae",2.331986,1.225129,8.33722788847274,5.62472447789344,3.24499999364217,834,182,21.8225419664269
"Middle Holocene","AT12-2","Engraulidae",2.111447,1.096065,7.46245587038563,3.94866024909244,3.24499999364217,834,182,21.8225419664269
"Middle Holocene","AT12-2","Engraulidae",2.114533,1.096052,7.47462617139839,3.96925122467207,3.24499999364217,834,182,21.8225419664269
"Middle Holocene","AT12-2","Engraulidae",2.036655,1.102753,7.16813361248564,3.47273305438147,3.24499999364217,834,182,21.8225419664269
"Middle Holocene","AT12-2","Engraulidae",NA,0.872575,9.06217344591706,7.3396859518389,3.24499999364217,834,182,21.8225419664269
"Middle Holocene","AT12-2","Engraulidae",1.777083,0.960104,6.1566260839913,2.13703918930877,3.24499999364217,834,182,21.8225419664269
"Middle Holocene","AT12-2","Engraulidae",1.474498,0.80279,4.99914933695275,1.09932856057429,3.24499999364217,834,182,21.8225419664269
"Middle Holocene","AT12-2","Engraulidae",1.584148,0.928493,5.41568611170558,1.41927013006271,3.24499999364217,834,182,21.8225419664269
"Middle Holocene","AT12-2","Engraulidae",1.779412,0.955258,6.16562944303197,2.14703002320476,3.24499999364217,834,182,21.8225419664269
"Middle Holocene","AT12-2","Engraulidae",1.62373,0.973332,5.56688394367702,1.54965288137822,3.24499999364217,834,182,21.8225419664269
"Middle Holocene","AT12-2","Engraulidae",1.209843,0.761805,4.00900146535191,0.54345646154647,3.24499999364217,834,182,21.8225419664269
"Middle Holocene","AT12-2","Engraulidae",1.34969,0.855327,4.52939251419733,0.802306891034019,3.24499999364217,834,182,21.8225419664269
"Middle Holocene","AT12-2","Engraulidae",1.349919,0.850852,4.5302499720118,0.802791771887019,3.24499999364217,834,182,21.8225419664269
"Middle Holocene","AT12-2","Engraulidae",1.772454,1.262671,6.13873552925112,2.11728125691019,3.24499999364217,834,182,21.8225419664269
"Middle Holocene","AT12-2","Engraulidae",NA,0.925214,9.39411100920234,8.23272326760173,3.24499999364217,834,182,21.8225419664269
"Middle Holocene","AT12-2","Engraulidae",1.272001,0.790585,4.23948596145532,0.649607930218186,3.24499999364217,834,182,21.8225419664269
"Middle Holocene","AT12-2","Engraulidae",1.259207,0.800567,4.19193650628548,0.626637547885342,3.24499999364217,834,182,21.8225419664269
"Middle Holocene","AT12-2","Engraulidae",NA,0.915338,9.33240060898283,8.06134795604319,3.24499999364217,834,182,21.8225419664269
"Middle Holocene","AT12-2","Engraulidae",1.899116,1.056928,6.63017879661655,2.70726961647044,3.24499999364217,834,182,21.8225419664269
"Middle Holocene","AT12-2","Engraulidae",1.445608,0.757258,4.88998747659306,1.02452759062566,3.24499999364217,834,182,21.8225419664269
"Middle Holocene","AT12-2","Engraulidae",1.561498,0.890246,5.32936202845995,1.34831713825902,3.24499999364217,834,182,21.8225419664269
"Middle Holocene","AT12-2","Engraulidae",1.143347,0.75655,3.76394674244302,0.44435841588497,3.24499999364217,834,182,21.8225419664269
"Middle Holocene","AT12-2","Engraulidae",1.505514,0.941672,5.11662014242952,1.18392204328912,3.24499999364217,834,182,21.8225419664269
"Middle Holocene","AT12-2","Engraulidae",NA,0.86134,8.9903357282194,7.15558675549636,3.24499999364217,834,182,21.8225419664269
"Middle Holocene","AT12-2","Engraulidae",1.788069,0.987546,6.19910728862203,2.1844610649871,3.24499999364217,834,182,21.8225419664269
"Middle Holocene","AT12-2","Engraulidae",2.263594,1.213733,8.06488008577452,5.05899130079569,3.24499999364217,834,182,21.8225419664269
"Middle Holocene","AT12-2","Engraulidae",2.022151,1.129658,7.11120060951346,3.38546076753943,3.24499999364217,834,182,21.8225419664269
"Middle Holocene","AT13-2","Engraulidae",2.01323,1.033985,7.07620617898076,3.3325722296138,3.24499999364217,834,182,21.8225419664269
"Middle Holocene","AT13-3","Engraulidae",1.818105,1.076076,6.31540575877857,2.31797429462463,3.24499999364217,834,182,21.8225419664269
"Middle Holocene","AT13-3","Engraulidae",NA,1.083064,10.3483246038458,11.2109827146043,3.24499999364217,834,182,21.8225419664269
"Middle Holocene","AT13-3","Engraulidae",2.136276,1.223743,7.56043246860059,4.11652452586273,3.24499999364217,834,182,21.8225419664269
"Middle Holocene","AT13-3","Engraulidae",1.724678,0.913219,5.9544049742141,1.92095745285942,3.24499999364217,834,182,21.8225419664269
"Middle Holocene","AT13-3","Engraulidae",1.710118,0.99989,5.89834588553836,1.8638267119363,3.24499999364217,834,182,21.8225419664269
"Middle Holocene","AT13-3","Engraulidae",1.267088,0.700953,4.22122000584466,0.640716733763453,3.24499999364217,834,182,21.8225419664269
"Middle Holocene","AT13-3","Engraulidae",NA,1.086304,10.3673256032361,11.2768174873892,3.24499999364217,834,182,21.8225419664269
"Middle Holocene","AT13-3","Engraulidae",1.750915,0.969187,6.05556108168428,2.02707025725207,3.24499999364217,834,182,21.8225419664269
"Middle Holocene","AT13-3","Engraulidae",1.955219,1.028859,6.84908720660297,3.00302719768545,3.24499999364217,834,182,21.8225419664269
"Middle Holocene","AT13-3","Engraulidae",NA,0.993993,9.81704170402672,9.47514699057441,3.24499999364217,834,182,21.8225419664269
"Middle Holocene","AT13-3","Engraulidae",2.015292,1.105558,7.08429319995301,3.3447437015579,3.24499999364217,834,182,21.8225419664269
"Middle Holocene","AT13-3","Engraulidae",1.443525,0.841191,4.88212648507247,1.01928000463523,3.24499999364217,834,182,21.8225419664269
"Middle Holocene","AT13-4","Engraulidae",2.220721,1.208667,7.8946362735613,4.72595590110985,3.24499999364217,834,182,21.8225419664269
"Middle Holocene","AT13-4","Engraulidae",2.152548,1.204989,7.6247143061416,4.22928201072904,3.24499999364217,834,182,21.8225419664269
"Middle Holocene","AT13-6","Engraulidae",2.036396,1.13057,7.16711653912387,3.47116058691614,3.24499999364217,834,182,21.8225419664269
"Middle Holocene","AT13-6","Engraulidae",2.771021,1.609746,10.1066416982075,10.3964720668529,3.24499999364217,834,182,21.8225419664269
"Middle Holocene","AT13-6","Engraulidae",NA,1.136696,10.660091369795,12.3250424007672,3.24499999364217,834,182,21.8225419664269
"Middle Holocene","AT13-6","Engraulidae",2.112271,1.118076,7.46570528926132,3.95415075708495,3.24499999364217,834,182,21.8225419664269
"Middle Holocene","AT13-6","Engraulidae",2.123442,1.121523,7.50977224480615,4.02912874764865,3.24499999364217,834,182,21.8225419664269
"Middle Holocene","AT13-6","Engraulidae",2.202066,1.215303,7.82067766234244,4.58608965029359,3.24499999364217,834,182,21.8225419664269
"Middle Holocene","AT13-8","Engraulidae",1.740157,1.110691,6.01406250404115,1.98306401466798,3.24499999364217,834,182,21.8225419664269
"Middle Holocene","AT13-8","Engraulidae",1.970163,1.091371,6.90752083709597,3.08556945199525,3.24499999364217,834,182,21.8225419664269
"Middle Holocene","AT13-9","Engraulidae",1.574654,1.067683,5.37948489914409,1.38921063375882,3.24499999364217,834,182,21.8225419664269
"Middle Holocene","AT13-9","Engraulidae",NA,1.194862,10.9918652130651,13.5916559902672,3.24499999364217,834,182,21.8225419664269
"Middle Holocene","AT13-9","Engraulidae",1.897142,0.984938,6.6224899384595,2.69726160716783,3.24499999364217,834,182,21.8225419664269
"Middle Holocene","AT13-9","Engraulidae",1.173898,0.851464,3.87633574532864,0.488109861175464,3.24499999364217,834,182,21.8225419664269
"Middle Holocene","AT14-10","Engraulidae",2.008566,1.174605,7.05791783246713,3.30515935276234,3.24499999364217,834,182,21.8225419664269
"Middle Holocene","AT14-10","Engraulidae",2.59998,1.575834,9.41313452454289,8.28605352917684,3.24499999364217,834,182,21.8225419664269
"Middle Holocene","AT14-10","Engraulidae",1.701779,0.935027,5.86626380965664,1.83166208278294,3.24499999364217,834,182,21.8225419664269
"Middle Holocene","AT14-5","Engraulidae",2.075355,1.112131,7.32027289838699,3.71350583500611,3.24499999364217,834,182,21.8225419664269
"Middle Holocene","AT14-5","Engraulidae",1.979664,1.162661,6.94469810526129,3.1388884144109,3.24499999364217,834,182,21.8225419664269
"Middle Holocene","AT14-6","Engraulidae",NA,0.773825,8.41780637331987,5.80008162285155,3.24499999364217,834,182,21.8225419664269
"Middle Holocene","AT14-6","Engraulidae",1.413937,0.799099,4.77060750943749,0.946810374257256,3.24499999364217,834,182,21.8225419664269
"Middle Holocene","AT14-6","Engraulidae",1.772419,0.914852,6.13860027884226,2.11713236903183,3.24499999364217,834,182,21.8225419664269
"Middle Holocene","AT14-6","Engraulidae",2.03974,1.093872,7.180249324305,3.4915024413002,3.24499999364217,834,182,21.8225419664269
"Middle Holocene","AT14-6","Engraulidae",2.120475,1.10782,7.49806550781411,4.00911586009832,3.24499999364217,834,182,21.8225419664269
"Middle Holocene","AT14-6","Engraulidae",1.285174,0.821308,4.28850185912322,0.67388519501279,3.24499999364217,834,182,21.8225419664269
"Middle Holocene","AT14-7","Engraulidae",1.372269,0.806994,4.6140169806137,0.85113783919022,3.24499999364217,834,182,21.8225419664269
"Middle Holocene","AT14-7","Engraulidae",1.700274,0.912983,5.86047565958649,1.82589992043772,3.24499999364217,834,182,21.8225419664269
"Middle Holocene","AT14-9","Engraulidae",1.736238,0.985359,5.99895247814552,1.96720524847251,3.24499999364217,834,182,21.8225419664269
"Middle Holocene","AT14-9","Engraulidae",2.00141,1.089472,7.02986748414554,3.26341545268217,3.24499999364217,834,182,21.8225419664269
"Middle Holocene","AT12-2","Gobiidae",1.217947,1.110402,3.27180548850748,0.350250494952604,3.11466666666667,834,518,62.1103117505995
"Middle Holocene","AT12-2","Gobiidae",1.121156,1.002857,2.99606338137513,0.268557240353378,3.11466666666667,834,518,62.1103117505995
"Middle Holocene","AT12-2","Gobiidae",1.083515,1.101328,2.88922929753779,0.240696113855096,3.11466666666667,834,518,62.1103117505995
"Middle Holocene","AT12-2","Gobiidae",0.803215,1.035016,2.10163813653976,0.0921532315372119,3.11466666666667,834,518,62.1103117505995
"Middle Holocene","AT12-2","Gobiidae",NA,0.970017,3.30015848486833,0.359486595091502,3.11466666666667,834,518,62.1103117505995
"Middle Holocene","AT12-2","Gobiidae",0.754159,0.74811,1.9654334067058,0.0752888086079595,3.11466666666667,834,518,62.1103117505995
"Middle Holocene","AT12-2","Gobiidae",NA,1.035314,3.52041027739247,0.436839854325839,3.11466666666667,834,518,62.1103117505995
"Middle Holocene","AT12-2","Gobiidae",1.411233,1.296154,3.82651195644253,0.561759682478673,3.11466666666667,834,518,62.1103117505995
"Middle Holocene","AT12-2","Gobiidae",1.270525,1.305518,3.42218117439141,0.401095804076251,3.11466666666667,834,518,62.1103117505995
"Middle Holocene","AT12-2","Gobiidae",1.009421,0.975109,2.6796254671682,0.191780449278911,3.11466666666667,834,518,62.1103117505995
"Middle Holocene","AT12-2","Gobiidae",0.975109,0.987726,2.58288556476892,0.171645887376604,3.11466666666667,834,518,62.1103117505995
"Middle Holocene","AT12-2","Gobiidae",1.128141,1.405114,3.01591366174573,0.273960548033928,3.11466666666667,834,518,62.1103117505995
"Middle Holocene","AT12-2","Gobiidae",0.845685,0.9408,2.21998372755542,0.108712541973372,3.11466666666667,834,518,62.1103117505995
"Middle Holocene","AT12-2","Gobiidae",1.409134,1.286277,3.8204609688347,0.559084272779627,3.11466666666667,834,518,62.1103117505995
"Middle Holocene","AT12-2","Gobiidae",NA,0.810815,2.76262456596965,0.21026489713739,3.11466666666667,834,518,62.1103117505995
"Middle Holocene","AT12-2","Gobiidae",1.313131,1.2,3.54432624607248,0.445853439415607,3.11466666666667,834,518,62.1103117505995
"Middle Holocene","AT12-2","Gobiidae",0.727941,0.827111,1.89286593909923,0.0672116792712133,3.11466666666667,834,518,62.1103117505995
"Middle Holocene","AT12-2","Gobiidae",0.777561,0.836249,2.0303416904784,0.0830416981463432,3.11466666666667,834,518,62.1103117505995
"Middle Holocene","AT12-2","Gobiidae",0.823102,0.772162,2.15700661233921,0.099673102794966,3.11466666666667,834,518,62.1103117505995
"Middle Holocene","AT12-2","Gobiidae",1.591919,1.438475,4.34944653689265,0.826729621987302,3.11466666666667,834,518,62.1103117505995
"Middle Holocene","AT12-2","Gobiidae",1.155556,1.127273,3.09389752455776,0.295891488662085,3.11466666666667,834,518,62.1103117505995
"Middle Holocene","AT13-2","Gobiidae",1.177524,1.208877,3.1564716504242,0.314314352918548,3.11466666666667,834,518,62.1103117505995
"Middle Holocene","AT13-3","Gobiidae",1.528223,1.361385,4.16464809341693,0.725244685522974,3.11466666666667,834,518,62.1103117505995
"Middle Holocene","AT13-3","Gobiidae",1.420676,1.272918,3.85374122216369,0.573904888869672,3.11466666666667,834,518,62.1103117505995
"Middle Holocene","AT13-3","Gobiidae",1.150221,1.178771,3.07871249063743,0.291532351189275,3.11466666666667,834,518,62.1103117505995
"Middle Holocene","AT13-3","Gobiidae",1.148029,1.107913,3.07247468105207,0.289754188887753,3.11466666666667,834,518,62.1103117505995
"Middle Holocene","AT13-3","Gobiidae",NA,0.117687,0.407444673558688,0.000653518255186199,3.11466666666667,834,518,62.1103117505995
"Middle Holocene","AT13-3","Gobiidae",1.022192,1.237391,2.71568578804741,0.199671750348054,3.11466666666667,834,518,62.1103117505995
"Middle Holocene","AT13-3","Gobiidae",1.196896,1.080103,3.21171260689829,0.33120218452626,3.11466666666667,834,518,62.1103117505995
"Middle Holocene","AT13-3","Gobiidae",0.943118,0.980743,2.49288312295068,0.154230007979712,3.11466666666667,834,518,62.1103117505995
"Middle Holocene","AT13-3","Gobiidae",1.38953,1.342821,3.76397427441775,0.534518709140748,3.11466666666667,834,518,62.1103117505995
"Middle Holocene","AT13-4","Gobiidae",0.925236,1.020943,2.44265812961861,0.145045743153083,3.11466666666667,834,518,62.1103117505995
"Middle Holocene","AT13-4","Gobiidae",1.369782,1.323599,3.70712359303254,0.510534201475832,3.11466666666667,834,518,62.1103117505995
"Middle Holocene","AT13-5","Gobiidae",1.427749,1.290736,3.87414400106969,0.583119396379042,3.11466666666667,834,518,62.1103117505995
"Middle Holocene","AT13-6","Gobiidae",1.253216,0.135138,3.37263230453275,0.383832145844588,3.11466666666667,834,518,62.1103117505995
"Middle Holocene","AT13-6","Gobiidae",1.148462,1.078901,3.07370681645463,0.290104847576203,3.11466666666667,834,518,62.1103117505995
"Middle Holocene","AT13-6","Gobiidae",1.215219,1.19509,3.26401432029889,0.347740574965929,3.11466666666667,834,518,62.1103117505995
"Middle Holocene","AT13-6","Gobiidae",1.623606,1.419119,4.44155416982205,0.880677564310712,3.11466666666667,834,518,62.1103117505995
"Middle Holocene","AT13-8","Gobiidae",1.577446,1.460912,4.30741490187114,0.802863788602055,3.11466666666667,834,518,62.1103117505995
"Middle Holocene","AT13-8","Gobiidae",1.256242,1.141774,3.38129144980428,0.386812585442573,3.11466666666667,834,518,62.1103117505995
"Middle Holocene","AT13-8","Gobiidae",0.804608,0.865565,2.10551366521938,0.092666801941606,3.11466666666667,834,518,62.1103117505995
"Middle Holocene","AT13-8","Gobiidae",1.177947,1.153894,3.15767726178696,0.314676634336276,3.11466666666667,834,518,62.1103117505995
"Middle Holocene","AT13-8","Gobiidae",1.301887,1.350404,3.51206668391162,0.43372417285524,3.11466666666667,834,518,62.1103117505995
"Middle Holocene","AT13-8","Gobiidae",1.558178,1.342708,4.25149577956803,0.771832642580991,3.11466666666667,834,518,62.1103117505995
"Middle Holocene","AT13-9","Gobiidae",1.617549,1.507982,4.42393885104714,0.870183497227498,3.11466666666667,834,518,62.1103117505995
"Middle Holocene","AT13-9","Gobiidae",1.319209,1.15942,3.561771596683,0.452506183895641,3.11466666666667,834,518,62.1103117505995
"Middle Holocene","AT13-9","Gobiidae",1.578678,1.478081,4.31099185741077,0.804876638784994,3.11466666666667,834,518,62.1103117505995
"Middle Holocene","AT13-9","Gobiidae",0.852424,0.671982,2.23879749041427,0.111515524952532,3.11466666666667,834,518,62.1103117505995
"Middle Holocene","AT13-9","Gobiidae",1.646823,1.261881,4.50911356725811,0.921709380110599,3.11466666666667,834,518,62.1103117505995
"Middle Holocene","AT13-9","Gobiidae",1.170255,1.224206,3.13575823275601,0.308133525281687,3.11466666666667,834,518,62.1103117505995
"Middle Holocene","AT13-9","Gobiidae",1.95443,1.650469,5.40962893370511,1.59636015729512,3.11466666666667,834,518,62.1103117505995
"Middle Holocene","AT14-10","Gobiidae",1.600517,1.437777,4.37442780111279,0.841136361865357,3.11466666666667,834,518,62.1103117505995
"Middle Holocene","AT14-10","Gobiidae",0.956507,0.920115,2.53052818113293,0.161363137688639,3.11466666666667,834,518,62.1103117505995
"Middle Holocene","AT14-10","Gobiidae",0.842598,0.783739,2.21136868324122,0.107444901327769,3.11466666666667,834,518,62.1103117505995
"Middle Holocene","AT14-10","Gobiidae",1.131376,1.120698,3.02510966366198,0.27648816844174,3.11466666666667,834,518,62.1103117505995
"Middle Holocene","AT14-10","Gobiidae",1.365028,1.240739,3.69344545495763,0.504873017404321,3.11466666666667,834,518,62.1103117505995
"Middle Holocene","AT14-10","Gobiidae",1.860429,1.763448,5.13341942852083,1.36292584231355,3.11466666666667,834,518,62.1103117505995
"Middle Holocene","AT14-10","Gobiidae",0.984894,1.015136,2.61045196645393,0.177231652546025,3.11466666666667,834,518,62.1103117505995
"Middle Holocene","AT14-10","Gobiidae",1.405709,1.279228,3.81058861859966,0.554737577297928,3.11466666666667,834,518,62.1103117505995
"Middle Holocene","AT14-10","Gobiidae",1.184628,1.251274,3.17672270598573,0.320436806908288,3.11466666666667,834,518,62.1103117505995
"Middle Holocene","AT14-10","Gobiidae",1.671467,1.4291,4.58089131785264,0.966682595448354,3.11466666666667,834,518,62.1103117505995
"Middle Holocene","AT14-5","Gobiidae",0.783651,0.902887,2.04725346330866,0.0851458048120129,3.11466666666667,834,518,62.1103117505995
"Middle Holocene","AT14-6","Gobiidae",1.578203,1.355975,4.30961273431761,0.804100169598302,3.11466666666667,834,518,62.1103117505995
"Middle Holocene","AT14-6","Gobiidae",0.764435,0.909005,1.99391968362506,0.0786288227652385,3.11466666666667,834,518,62.1103117505995
"Middle Holocene","AT14-6","Gobiidae",1.74028,1.604563,4.78166667994745,1.10022110330267,3.11466666666667,834,518,62.1103117505995
"Middle Holocene","AT14-9","Gobiidae",0.983169,0.842192,2.60559101641679,0.17623798693331,3.11466666666667,834,518,62.1103117505995
"Middle Holocene","AT14-9","Gobiidae",1.291614,1.22289,3.48260836073073,0.422842639617481,3.11466666666667,834,518,62.1103117505995
"Middle Holocene","AT14-9","Gobiidae",1.065615,0.987862,2.83850664815554,0.228173689075315,3.11466666666667,834,518,62.1103117505995
"Middle Holocene","AT14-9","Gobiidae",1.126639,0.925631,3.01164455443761,0.272792406745188,3.11466666666667,834,518,62.1103117505995
"Middle Holocene","AT14-9","Gobiidae",0.885227,0.995416,2.33050913639668,0.125872752544692,3.11466666666667,834,518,62.1103117505995
"Middle Holocene","AT14-9","Gobiidae",0.887459,0.937626,2.33675733535307,0.126893500239958,3.11466666666667,834,518,62.1103117505995
"Middle Holocene","AT14-9","Gobiidae",1.647867,1.694489,4.51215293576557,0.923584765307036,3.11466666666667,834,518,62.1103117505995
"Middle Holocene","AT14-9","Gobiidae",1.270475,1.60528,3.42203798225981,0.40104518023226,3.11466666666667,834,518,62.1103117505995
"Middle Holocene","AT14-9","Gobiidae",1.311158,1.410606,3.53866434877881,0.443708426575564,3.11466666666667,834,518,62.1103117505995
"Middle Holocene","AT14-9","Gobiidae",1.290481,1.195798,3.47936033348987,0.421654152407991,3.11466666666667,834,518,62.1103117505995
"Middle Holocene","AT14-9","Gobiidae",1.167882,1.338057,3.12899799689774,0.30613401776467,3.11466666666667,834,518,62.1103117505995
"Middle Holocene","AT14-9","Gobiidae",0.778737,0.823777,2.03360676162916,0.0834451882616314,3.11466666666667,834,518,62.1103117505995
"Middle Holocene","AT14-9","Gobiidae",1.337967,1.51143,3.61564361506694,0.473468408173312,3.11466666666667,834,518,62.1103117505995
"Middle Holocene","AT14-9","Gobiidae",0.779293,0.960541,2.03515056031968,0.0836364228884969,3.11466666666667,834,518,62.1103117505995
"Middle Holocene","AT14-9","Gobiidae",0.814605,0.90067,2.1333391819285,0.09641043073864,3.11466666666667,834,518,62.1103117505995
"Middle Holocene","AT14-9","Gobiidae",0.966264,1.025976,2.55798238430454,0.166702056988506,3.11466666666667,834,518,62.1103117505995
"Middle Holocene","AT14-9","Gobiidae",0.881471,1.008142,2.31999694390577,0.124167821765215,3.11466666666667,834,518,62.1103117505995
"Middle Holocene","AT14-9","Gobiidae",0.827383,0.826867,2.16893671696028,0.101345346592872,3.11466666666667,834,518,62.1103117505995
"Middle Holocene","AT14-9","Gobiidae",1.018889,1.092407,2.70635665890946,0.197609780726001,3.11466666666667,834,518,62.1103117505995
"Middle Holocene","AT14-9","Gobiidae",0.836374,0.855792,2.19400513234422,0.104920085839605,3.11466666666667,834,518,62.1103117505995
"Middle Holocene","AT14-9","Gobiidae",1.164203,1.249916,3.11851892756148,0.303051746296986,3.11466666666667,834,518,62.1103117505995
"Middle Holocene","AT12-2","Pomacentridae",1.28,NA,4.27889546076638,1.77803043159274,2.71652173415474,834,7,0.839328537170264
"Middle Holocene","AT12-2","Pomacentridae",1.65,NA,5.36255378385912,3.58042492441347,2.71652173415474,834,7,0.839328537170264
"Middle Holocene","AT13-2","Pomacentridae",1.85,NA,5.93672585339578,4.90806482878954,2.71652173415474,834,7,0.839328537170264
"Middle Holocene","AT13-3","Pomacentridae",1.16,NA,3.92033045251881,1.35545029753319,2.71652173415474,834,7,0.839328537170264
"Middle Holocene","AT13-3","Pomacentridae",2.15,NA,6.78536039218417,7.4273336495436,2.71652173415474,834,7,0.839328537170264
"Middle Holocene","AT14-5","Pomacentridae",1.95,NA,6.22118947785086,5.67462341924583,2.71652173415474,834,7,0.839328537170264
"Middle Holocene","AT14-7","Pomacentridae",1.61,NA,5.24681821684253,3.34620985537608,2.71652173415474,834,7,0.839328537170264
