"","basin","region","site_name","sample","unique","age_group","family","oto_length_mm","oto_width_mm","fish_length_cm","feeding","habit","cryptobenthic","prey_of_harvested_fishes","harvested","reef_associated","n_species","n_estimates","mean_a","mean_b","group_name","fish_weight_g"
"1","Pacific","Gulf of Panama","Saboga","AT19-1-1","AT19-1-1-25","modern","Lutjanidae",2.023411,1.141143,5.04349364501858,"piscivore","demersal","Not cryptobenthic","No","Yes","Yes",21,63,0.0238565079365079,2.93352,"AT19-1-1_1",2.7484239101691
"2","Pacific","Gulf of Panama","Saboga","AT19-1-1","AT19-1-1-30","modern","Mullidae",1.303222,0.860522,5.81053970861607,"omnivore_carnivore","demersal","Not cryptobenthic","Yes","Yes","Yes",5,18,0.0115783333333333,3.18735555555556,"AT19-1-1_1",3.15846210629339
"3","Pacific","Gulf of Panama","Saboga","AT19-1-1","AT19-1-1-35","modern","Serranidae",2.798703,1.1596,7.69685916342525,"piscivore","demersal","Not cryptobenthic","No","Yes","Yes",17,33,0.0156015151515152,3.14550303030303,"AT19-1-1_1",9.57345505869601
"4","Pacific","Gulf of Panama","Saboga","AT19-1-1","AT19-1-1-35","modern","Haemulidae",2.093878,1.37551,4.41464959095799,"omnivore_carnivore","demersal","Not cryptobenthic","Yes","Yes","Yes",26,69,0.0169027536231884,3.01954057971014,"AT19-1-1_1",1.49708969199187
"5","Pacific","Gulf of Panama","Saboga","AT19-1-1","AT19-1-1-40","modern","Gobiidae",1.093878,0.979592,2.91861887960542,"omnivore_carnivore","demersal","Cryptobenthic","No","No","Yes",19,37,0.00980621621621622,3.01654054054054,"AT19-1-1_1",0.248157789830831
"6","Pacific","Gulf of Panama","Saboga","AT19-1-1","AT19-1-1-40","modern","Gobiidae",1.469388,0.979592,3.99438450465744,"omnivore_carnivore","demersal","Cryptobenthic","No","No","Yes",19,37,0.00980621621621622,3.01654054054054,"AT19-1-1_1",0.639439375121928
"7","Pacific","Gulf of Panama","Saboga","AT19-1-1","AT19-1-1-40","modern","Apogonidae",3.902041,2.587755,6.47409039405577,"planktivore","demersal","Cryptobenthic","No","No","Yes",5,6,0.015875,3.07606666666667,"AT19-1-1_1",4.96539354107894
"8","Pacific","Gulf of Panama","Saboga","AT19-1-1","AT19-1-1-45","modern","Engraulidae",1.583673,0.881633,5.41387430904891,"planktivore","pelagic","Not cryptobenthic","Yes","Yes","No",16,60,0.00646266666666667,3.19177016666667,"AT19-1-1_1",1.41775519209725
"9","Pacific","Gulf of Panama","Saboga","AT19-1-1","AT19-1-1-50","modern","Serranidae",2.644898,1.428571,7.24162297777872,"piscivore","demersal","Not cryptobenthic","No","Yes","Yes",17,33,0.0156015151515152,3.14550303030303,"AT19-1-1_1",7.90284089637528
"10","Pacific","Gulf of Panama","Saboga","AT19-1-1","AT19-1-1-50","modern","Serranidae",2.204082,1.183673,5.9488111699861,"piscivore","demersal","Not cryptobenthic","No","Yes","Yes",17,33,0.0156015151515152,3.14550303030303,"AT19-1-1_1",4.25734912774177
"11","Pacific","Gulf of Panama","Saboga","AT19-1-1","AT19-1-1-50","modern","Serranidae",NA,0.808163,5.02024058856674,"piscivore","demersal","Not cryptobenthic","No","Yes","Yes",17,33,0.0156015151515152,3.14550303030303,"AT19-1-1_1",2.49630652409699
"12","Pacific","Gulf of Panama","Saboga","AT19-1-1","AT19-1-1-220","pre_exp","Gobiidae",0.906122,0.84898,2.38904069424369,"omnivore_carnivore","demersal","Cryptobenthic","No","No","Yes",19,37,0.00980621621621622,3.01654054054054,"AT19-1-1_2",0.135652602157328
"13","Pacific","Gulf of Panama","Saboga","AT19-1-1","AT19-1-1-220","pre_exp","Gobiidae",0.840816,0.926531,2.20639647536664,"omnivore_carnivore","demersal","Cryptobenthic","No","No","Yes",19,37,0.00980621621621622,3.01654054054054,"AT19-1-1_2",0.106717794609263
"14","Pacific","Gulf of Panama","Saboga","AT19-1-1","AT19-1-1-220","pre_exp","Gobiidae",0.668027,0.716327,1.7276621961191,"omnivore_carnivore","demersal","Cryptobenthic","No","No","Yes",19,37,0.00980621621621622,3.01654054054054,"AT19-1-1_2",0.0510276599984345
"15","Pacific","Gulf of Panama","Saboga","AT19-1-1","AT19-1-1-220","pre_exp","Apogonidae",1.061224,0.771429,1.79434598927951,"planktivore","demersal","Cryptobenthic","No","No","Yes",5,6,0.015875,3.07606666666667,"AT19-1-1_2",0.0958839896196399
"16","Pacific","Gulf of Panama","Saboga","AT19-1-1","AT19-1-1-220","pre_exp","Carangidae",2.522449,1.179592,10.1065397164092,"piscivore","demersal","Not cryptobenthic","No","Yes","Yes",45,155,0.020702,2.90060774193548,"AT19-1-1_2",16.9812656360671
"17","Pacific","Gulf of Panama","Saboga","AT19-1-1","AT19-1-1-220","pre_exp","Haemulidae",2.138776,1.257143,4.51758663220097,"omnivore_carnivore","demersal","Not cryptobenthic","Yes","Yes","Yes",26,69,0.0169027536231884,3.01954057971014,"AT19-1-1_2",1.60499684312637
"18","Pacific","Gulf of Panama","Saboga","AT19-1-1","AT19-1-1-220","pre_exp","Haemulidae",1.118367,0.688435,2.23351866829375,"omnivore_carnivore","demersal","Not cryptobenthic","Yes","Yes","Yes",26,69,0.0169027536231884,3.01954057971014,"AT19-1-1_2",0.191313527879597
"19","Pacific","Gulf of Panama","Saboga","AT19-1-1","AT19-1-1-225","pre_exp","Lutjanidae",1.673469,1.020408,4.16521228044241,"piscivore","demersal","Not cryptobenthic","No","Yes","Yes",21,63,0.0238565079365079,2.93352,"AT19-1-1_2",1.56792330856183
"20","Pacific","Gulf of Panama","Saboga","AT19-1-1","AT19-1-1-230","pre_exp","Engraulidae",0.881633,0.631293,2.8163469309836,"planktivore","pelagic","Not cryptobenthic","Yes","Yes","No",16,60,0.00646266666666667,3.19177016666667,"AT19-1-1_2",0.176078610082375
"21","Pacific","Gulf of Panama","Saboga","AT19-1-1","AT19-1-1-230","pre_exp","Scorpaenidae",1.097959,0.595918,2.51915746891618,"piscivore","demersal","Not cryptobenthic","Yes","Yes","Yes",9,23,0.01664,3.09669565217391,"AT19-1-1_2",0.290883383221303
"22","Pacific","Gulf of Panama","Saboga","AT19-1-1","AT19-1-1-230","pre_exp","Gerreidae",1.971429,1.289796,5.53071838510416,"omnivore_carnivore","demersal","Not cryptobenthic","Yes","Yes","No",20,105,0.0147402857142857,3.05094761904762,"AT19-1-1_2",2.72078039340633
"23","Pacific","Gulf of Panama","Saboga","AT19-1-1","AT19-1-1-235","pre_exp","Gobiidae",1.412245,1.126531,3.82942954882156,"omnivore_carnivore","demersal","Cryptobenthic","No","No","Yes",19,37,0.00980621621621622,3.01654054054054,"AT19-1-1_2",0.563052731846549
"24","Pacific","Gulf of Panama","Saboga","AT19-1-1","AT19-1-1-235","pre_exp","Gobiidae",0.857143,0.734694,2.25197747516466,"omnivore_carnivore","demersal","Cryptobenthic","No","No","Yes",19,37,0.00980621621621622,3.01654054054054,"AT19-1-1_2",0.113507665428234
"25","Pacific","Gulf of Panama","Saboga","AT19-1-1","AT19-1-1-235","pre_exp","Gobiidae",1.061224,0.983673,2.82607220688503,"omnivore_carnivore","demersal","Cryptobenthic","No","No","Yes",19,37,0.00980621621621622,3.01654054054054,"AT19-1-1_2",0.225171821811756
"26","Pacific","Gulf of Panama","Saboga","AT19-1-1","AT19-1-1-235","pre_exp","Apogonidae",2.253061,1.665306,3.76811151179265,"planktivore","demersal","Cryptobenthic","No","No","Yes",5,6,0.015875,3.07606666666667,"AT19-1-1_2",0.939525964892747
"27","Pacific","Gulf of Panama","Saboga","AT19-1-1","AT19-1-1-235","pre_exp","Apogonidae",1.306122,0.897959,2.20177678428464,"planktivore","demersal","Cryptobenthic","No","No","Yes",5,6,0.015875,3.07606666666667,"AT19-1-1_2",0.179931508067479
"28","Pacific","Gulf of Panama","Saboga","AT19-1-1","AT19-1-1-235","pre_exp","Haemulidae",0.94627,1.771429,1.86272367931894,"omnivore_carnivore","demersal","Not cryptobenthic","Yes","Yes","Yes",26,69,0.0169027536231884,3.01954057971014,"AT19-1-1_2",0.110581283019341
"29","Pacific","Gulf of Panama","Saboga","AT19-1-1","AT19-1-1-240","pre_exp","Gobiidae",0.489796,0.563265,1.24210153943261,"omnivore_carnivore","demersal","Cryptobenthic","No","No","Yes",19,37,0.00980621621621622,3.01654054054054,"AT19-1-1_2",0.0188594999810033
"30","Pacific","Gulf of Panama","Saboga","AT19-1-1","AT19-1-1-240","pre_exp","Haemulidae",2.212245,1.228571,4.68642963794627,"omnivore_carnivore","demersal","Not cryptobenthic","Yes","Yes","Yes",26,69,0.0169027536231884,3.01954057971014,"AT19-1-1_2",1.79305002988845
"31","Pacific","Gulf of Panama","Saboga","AT19-1-1","AT19-1-1-245","pre_exp","Mugilidae",2.640816,1.546939,7.41084179586032,"herbivore","demersal","Not cryptobenthic","Yes","Yes","Yes",8,93,0.0211977419354839,2.91072483870968,"AT19-1-1_2",7.21497220137803
"32","Pacific","Gulf of Panama","Saboga","AT19-1-1","AT19-1-1-245","pre_exp","Serranidae",1.689796,0.865306,4.46648075390077,"piscivore","demersal","Not cryptobenthic","No","Yes","Yes",17,33,0.0156015151515152,3.14550303030303,"AT19-1-1_2",1.72836364679464
"33","Pacific","Gulf of Panama","Saboga","AT19-1-1","AT19-1-1-245","pre_exp","Scorpaenidae",1.563265,0.726531,3.6400154311417,"piscivore","demersal","Not cryptobenthic","Yes","Yes","Yes",9,23,0.01664,3.09669565217391,"AT19-1-1_2",0.90932522448879
"34","Pacific","Gulf of Panama","Saboga","AT19-1-1","AT19-1-1-250","pre_exp","Gobiidae",0.865306,0.892517,2.27478724116931,"omnivore_carnivore","demersal","Cryptobenthic","No","No","Yes",19,37,0.00980621621621622,3.01654054054054,"AT19-1-1_3",0.117011301340815
"35","Pacific","Gulf of Panama","Saboga","AT19-1-1","AT19-1-1-250","pre_exp","Apogonidae",1.287075,0.897959,2.17013149306993,"planktivore","demersal","Cryptobenthic","No","No","Yes",5,6,0.015875,3.07606666666667,"AT19-1-1_3",0.172094604536899
"36","Pacific","Gulf of Panama","Saboga","AT19-1-1","AT19-1-1-250","pre_exp","Labridae",1.061224,0.748299,5.92559482781442,"omnivore_carnivore","demersal","Not cryptobenthic","Yes","Yes","Yes",16,23,0.0229417391304348,3.00832173913043,"AT19-1-1_3",4.84454136577082
"37","Pacific","Gulf of Panama","Saboga","AT19-1-1","AT19-1-1-250","pre_exp","Haemulidae",0.560544,0.412245,1.05460375417562,"omnivore_carnivore","demersal","Not cryptobenthic","Yes","Yes","Yes",26,69,0.0169027536231884,3.01954057971014,"AT19-1-1_3",0.0198461641316708
"38","Pacific","Gulf of Panama","Saboga","AT19-1-1","AT19-1-1-250","pre_exp","Engraulidae",0.636735,0.473469,1.95883620448285,"planktivore","pelagic","Not cryptobenthic","Yes","Yes","No",16,60,0.00646266666666667,3.19177016666667,"AT19-1-1_3",0.0552589529876704
"39","Pacific","Gulf of Panama","Saboga","AT19-1-1","AT19-1-1-250","pre_exp","Ophidiidae",1.669388,1.091156,3.89394616439259,"omnivore_carnivore","demersal","Not cryptobenthic","Yes","No","No",7,13,0.00616923076923077,3.09081538461538,"AT19-1-1_3",0.412113967881504
"40","Pacific","Gulf of Panama","Saboga","AT19-1-1","AT19-1-1-255","pre_exp","Apogonidae",3.853061,2.481633,6.39399782564017,"planktivore","demersal","Cryptobenthic","No","No","Yes",5,6,0.015875,3.07606666666667,"AT19-1-1_3",4.77885236261131
"41","Pacific","Gulf of Panama","Saboga","AT19-1-1","AT19-1-1-255","pre_exp","Lutjanidae",NA,0.796912,4.7801690278884,"piscivore","demersal","Not cryptobenthic","No","Yes","Yes",21,63,0.0238565079365079,2.93352,"AT19-1-1_3",2.3483739073999
"42","Pacific","Gulf of Panama","Saboga","AT19-1-1","AT19-1-1-255","pre_exp","Clupeidae",NA,1.02501,9.6503904829181,"planktivore","pelagic","Not cryptobenthic","Yes","Yes","No",8,40,0.00769625,3.11845,"AT19-1-1_3",9.04759533453255
"43","Pacific","Gulf of Panama","Saboga","AT19-1-1","AT19-1-1-260","pre_exp","Serranidae",1.55102,0.726531,4.07214200812909,"piscivore","demersal","Not cryptobenthic","No","Yes","Yes",17,33,0.0156015151515152,3.14550303030303,"AT19-1-1_3",1.2923096983867
"44","Pacific","Gulf of Panama","Saboga","AT19-1-1","AT19-1-1-265","pre_exp","Gobiidae",1.02449,0.967347,2.72217747877119,"omnivore_carnivore","demersal","Cryptobenthic","No","No","Yes",19,37,0.00980621621621622,3.01654054054054,"AT19-1-1_3",0.201115029775305
"45","Pacific","Gulf of Panama","Saboga","AT19-1-1","AT19-1-1-265","pre_exp","Gobiidae",1.469388,1.134694,3.99438450465744,"omnivore_carnivore","demersal","Cryptobenthic","No","No","Yes",19,37,0.00980621621621622,3.01654054054054,"AT19-1-1_3",0.639439375121928
"46","Pacific","Gulf of Panama","Saboga","AT19-1-1","AT19-1-1-265","pre_exp","Gobiidae",0.881633,0.926531,2.32045028681726,"omnivore_carnivore","demersal","Cryptobenthic","No","No","Yes",19,37,0.00980621621621622,3.01654054054054,"AT19-1-1_3",0.124241027180494
"47","Pacific","Gulf of Panama","Saboga","AT19-1-1","AT19-1-1-265","pre_exp","Apogonidae",2.857143,1.934694,4.76194809705899,"planktivore","demersal","Cryptobenthic","No","No","Yes",5,6,0.015875,3.07606666666667,"AT19-1-1_3",1.93029873497022
"48","Pacific","Gulf of Panama","Saboga","AT19-1-1","AT19-1-1-265","pre_exp","Serranidae",2.008163,1.17551,5.38050738371789,"piscivore","demersal","Not cryptobenthic","No","Yes","Yes",17,33,0.0156015151515152,3.14550303030303,"AT19-1-1_3",3.10436992376204
"49","Pacific","Gulf of Panama","Saboga","AT19-1-1","AT19-1-1-270","pre_exp","Lutjanidae",1.436735,0.963265,3.57183820600513,"piscivore","demersal","Not cryptobenthic","No","Yes","Yes",21,63,0.0238565079365079,2.93352,"AT19-1-1_3",0.99890908402582
"50","Pacific","Gulf of Panama","Saboga","AT19-1-1","AT19-1-1-270","pre_exp","Scorpaenidae",1.208163,0.612245,2.78309256180667,"piscivore","demersal","Not cryptobenthic","Yes","Yes","Yes",9,23,0.01664,3.09669565217391,"AT19-1-1_3",0.396022777041616
"51","Pacific","Gulf of Panama","Saboga","AT19-1-1","AT19-1-1-270","pre_exp","Engraulidae",0.979592,0.702041,3.16767039007198,"planktivore","pelagic","Not cryptobenthic","Yes","Yes","No",16,60,0.00646266666666667,3.19177016666667,"AT19-1-1_3",0.256246948197306
"52","Pacific","Gulf of Panama","Saboga","AT19-1-1","AT19-1-1-275","pre_exp","Apogonidae",3.640816,2.302041,6.04675936009097,"planktivore","demersal","Cryptobenthic","No","No","Yes",5,6,0.015875,3.07606666666667,"AT19-1-1_3",4.0246638811306
"53","Pacific","Gulf of Panama","Saboga","AT19-1-1","AT19-1-1-275","pre_exp","Engraulidae",1.371429,0.938776,4.61086581723024,"planktivore","pelagic","Not cryptobenthic","Yes","Yes","No",16,60,0.00646266666666667,3.19177016666667,"AT19-1-1_3",0.849283888556481
"54","Pacific","Gulf of Panama","Saboga","AT19-1-1","AT19-1-1-280","pre_exp","Gobiidae",1.232653,1.110204,3.31382477797531,"omnivore_carnivore","demersal","Cryptobenthic","No","No","Yes",19,37,0.00980621621621622,3.01654054054054,"AT19-1-1_4",0.363996006835538
"55","Pacific","Gulf of Panama","Saboga","AT19-1-1","AT19-1-1-280","pre_exp","Mullidae",NA,0.719526,4.23381160677635,"omnivore_carnivore","demersal","Not cryptobenthic","Yes","Yes","Yes",5,18,0.0115783333333333,3.18735555555556,"AT19-1-1_4",1.15149556564667
"56","Pacific","Gulf of Panama","Saboga","AT19-1-1","AT19-1-1-285","pre_exp","Gobiidae",1.436735,NA,3.9000742366825,"omnivore_carnivore","demersal","Cryptobenthic","No","No","Yes",19,37,0.00980621621621622,3.01654054054054,"AT19-1-1_4",0.594972305490397
"57","Pacific","Gulf of Panama","Saboga","AT19-1-1","AT19-1-1-285","pre_exp","Gobiidae",0.832943,0.763623,2.18443690832967,"omnivore_carnivore","demersal","Cryptobenthic","No","No","Yes",19,37,0.00980621621621622,3.01654054054054,"AT19-1-1_4",0.103545884184397
"58","Pacific","Gulf of Panama","Saboga","AT19-1-1","AT19-1-1-285","pre_exp","Gobiidae",1.469388,1.216327,3.99438450465744,"omnivore_carnivore","demersal","Cryptobenthic","No","No","Yes",19,37,0.00980621621621622,3.01654054054054,"AT19-1-1_4",0.639439375121928
"59","Pacific","Gulf of Panama","Saboga","AT19-1-1","AT19-1-1-285","pre_exp","Haemulidae",1.136073,0.782738,2.27196204205298,"omnivore_carnivore","demersal","Not cryptobenthic","Yes","Yes","Yes",26,69,0.0169027536231884,3.01954057971014,"AT19-1-1_4",0.201430373763105
"60","Pacific","Gulf of Panama","Saboga","AT19-1-1","AT19-1-1-285","pre_exp","Scorpaenidae",2.081633,1,4.90527403481048,"piscivore","demersal","Not cryptobenthic","Yes","Yes","Yes",9,23,0.01664,3.09669565217391,"AT19-1-1_4",2.2904840976953
"61","Pacific","Gulf of Panama","Saboga","AT19-1-1","AT19-1-1-285","pre_exp","Sciaenidae",1.861224,2.171429,3.22836367076236,"piscivore","pelagic","Not cryptobenthic","No","Yes","No",56,251,0.0099000796812749,3.14183187250996,"AT19-1-1_4",0.393347123596932
"62","Pacific","Gulf of Panama","Saboga","AT19-1-1","AT19-1-1-290","pre_exp","Gobiidae",1.416327,1.155102,3.84119928149689,"omnivore_carnivore","demersal","Cryptobenthic","No","No","Yes",19,37,0.00980621621621622,3.01654054054054,"AT19-1-1_4",0.56828916915521
"63","Pacific","Gulf of Panama","Saboga","AT19-1-1","AT19-1-1-290","pre_exp","Gobiidae",0.922449,0.870748,2.43483580853816,"omnivore_carnivore","demersal","Cryptobenthic","No","No","Yes",19,37,0.00980621621621622,3.01654054054054,"AT19-1-1_4",0.143649104415602
"64","Pacific","Gulf of Panama","Saboga","AT19-1-1","AT19-1-1-290","pre_exp","Engraulidae",1.146939,0.770068,3.77714290674861,"planktivore","pelagic","Not cryptobenthic","Yes","Yes","No",16,60,0.00646266666666667,3.19177016666667,"AT19-1-1_4",0.449349983848929
"65","Pacific","Gulf of Panama","Saboga","AT19-1-1","AT19-1-1-290","pre_exp","Haemulidae",0.97551,0.682993,1.92533964416878,"omnivore_carnivore","demersal","Not cryptobenthic","Yes","Yes","Yes",26,69,0.0169027536231884,3.01954057971014,"AT19-1-1_4",0.122190927084923
"66","Pacific","Gulf of Panama","Saboga","AT19-1-1","AT19-1-1-290","pre_exp","Haemulidae",2.228571,1.436735,4.7240157174918,"omnivore_carnivore","demersal","Not cryptobenthic","Yes","Yes","Yes",26,69,0.0169027536231884,3.01954057971014,"AT19-1-1_4",1.83682548877792
"67","Pacific","Gulf of Panama","Saboga","AT19-1-1","AT19-1-1-290","pre_exp","Haemulidae",2.538776,1.64898,5.44252935138906,"omnivore_carnivore","demersal","Not cryptobenthic","Yes","Yes","Yes",26,69,0.0169027536231884,3.01954057971014,"AT19-1-1_4",2.81668171531341
"68","Pacific","Gulf of Panama","Saboga","AT19-1-1","AT19-1-1-295","pre_exp","Ophidiidae",2.972202,1.828462,7.78227409982725,"omnivore_carnivore","demersal","Not cryptobenthic","Yes","No","No",7,13,0.00616923076923077,3.09081538461538,"AT19-1-1_4",3.50329546366181
"69","Pacific","Gulf of Panama","Saboga","AT19-1-1","AT19-1-1-300","pre_exp","Engraulidae",NA,1.130612,10.6250144829544,"planktivore","pelagic","Not cryptobenthic","Yes","Yes","No",16,60,0.00646266666666667,3.19177016666667,"AT19-1-1_4",12.1960650929066
"70","Pacific","Gulf of Panama","Saboga","AT19-1-1","AT19-1-1-310","pre_exp","Gobiidae",0.693878,0.770068,1.79883217385008,"omnivore_carnivore","demersal","Cryptobenthic","No","No","Yes",19,37,0.00980621621621622,3.01654054054054,"AT19-1-1_5",0.0576356357598503
"71","Pacific","Gulf of Panama","Saboga","AT19-1-1","AT19-1-1-310","pre_exp","Lutjanidae",1.306122,0.869388,3.24476825116645,"piscivore","demersal","Not cryptobenthic","No","Yes","Yes",21,63,0.0238565079365079,2.93352,"AT19-1-1_5",0.753658208059729
"72","Pacific","Gulf of Panama","Saboga","AT19-1-1","AT19-1-1-310","pre_exp","Haemulidae",3.6,2.391837,7.95404135819756,"omnivore_carnivore","demersal","Not cryptobenthic","Yes","Yes","Yes",26,69,0.0169027536231884,3.01954057971014,"AT19-1-1_5",8.85765996549761
"73","Pacific","Gulf of Panama","Saboga","AT19-1-1","AT19-1-1-315","pre_exp","Gobiidae",0.669388,0.661224,1.73140485981373,"omnivore_carnivore","demersal","Cryptobenthic","No","No","Yes",19,37,0.00980621621621622,3.01654054054054,"AT19-1-1_5",0.0513618435376249
"74","Pacific","Gulf of Panama","Saboga","AT19-1-1","AT19-1-1-315","pre_exp","Apogonidae",1.159184,0.857143,1.95746784740459,"planktivore","demersal","Cryptobenthic","No","No","Yes",5,6,0.015875,3.07606666666667,"AT19-1-1_5",0.125310044559982
"75","Pacific","Gulf of Panama","Saboga","AT19-1-1","AT19-1-1-315","pre_exp","Haemulidae",1.97551,1.289796,4.14419252848536,"omnivore_carnivore","demersal","Not cryptobenthic","Yes","Yes","Yes",26,69,0.0169027536231884,3.01954057971014,"AT19-1-1_5",1.23692214653012
"76","Pacific","Gulf of Panama","Saboga","AT19-1-1","AT19-1-1-315","pre_exp","Bythitidae",1.787755,0.82449,3.47640740446601,"omnivore_carnivore","demersal","Cryptobenthic","Yes","No","Yes",1,55,0.0072,3.155,"AT19-1-1_5",0.366943964232555
"77","Pacific","Gulf of Panama","Saboga","AT19-1-1","AT19-1-1-320","pre_exp","Gobiidae",0.97184,NA,2.57367999353736,"omnivore_carnivore","demersal","Cryptobenthic","No","No","Yes",19,37,0.00980621621621622,3.01654054054054,"AT19-1-1_5",0.16980712092171
"78","Pacific","Gulf of Panama","Saboga","AT19-1-1","AT19-1-1-320","pre_exp","Apogonidae",1.657143,1.273469,2.78386556657512,"planktivore","demersal","Cryptobenthic","No","No","Yes",5,6,0.015875,3.07606666666667,"AT19-1-1_5",0.370238367829955
"79","Pacific","Gulf of Panama","Saboga","AT19-1-1","AT19-1-1-320","pre_exp","Blenniidae",NA,0.432653,3.16695569994089,"omnivore_carnivore","demersal","Cryptobenthic","No","No","Yes",9,10,0.017112,2.8482,"AT19-1-1_5",0.456277741245217
"80","Pacific","Gulf of Panama","Saboga","AT19-1-1","AT19-1-1-320","pre_exp","Ophidiidae",2.089796,1.118367,5.0989580066777,"omnivore_carnivore","demersal","Not cryptobenthic","Yes","No","No",7,13,0.00616923076923077,3.09081538461538,"AT19-1-1_5",0.948255827773395
"81","Pacific","Gulf of Panama","Saboga","AT19-1-1","AT19-1-1-320","pre_exp","Paralichthyidae",1.130612,1.012245,5.34143437836952,"omnivore_carnivore","demersal","Not cryptobenthic","No","Yes","No",4,4,0.007525,3.25305,"AT19-1-1_5",1.7523224582121
"82","Pacific","Gulf of Panama","Saboga","AT19-1-1","AT19-1-1-325","pre_exp","Gobiidae",0.995918,0.955102,2.64152963745502,"omnivore_carnivore","demersal","Cryptobenthic","No","No","Yes",19,37,0.00980621621621622,3.01654054054054,"AT19-1-1_5",0.183673137971384
"83","Pacific","Gulf of Panama","Saboga","AT19-1-1","AT19-1-1-325","pre_exp","Engraulidae",1.273469,0.82449,4.24494539884172,"planktivore","pelagic","Not cryptobenthic","Yes","Yes","No",16,60,0.00646266666666667,3.19177016666667,"AT19-1-1_5",0.652281739276291
"84","Pacific","Gulf of Panama","Saboga","AT19-1-1","AT19-1-1-325","pre_exp","Labridae",1.436735,0.930612,7.73083434828159,"omnivore_carnivore","demersal","Not cryptobenthic","Yes","Yes","Yes",16,23,0.0229417391304348,3.00832173913043,"AT19-1-1_5",10.7819429101101
"85","Pacific","Gulf of Panama","Saboga","AT19-1-1","AT19-1-1-330","pre_exp","Gobiidae",1.2,1.020408,3.22056921569328,"omnivore_carnivore","demersal","Cryptobenthic","No","No","Yes",19,37,0.00980621621621622,3.01654054054054,"AT19-1-1_5",0.333964925112048
"86","Pacific","Gulf of Panama","Saboga","AT19-1-1","AT19-1-1-330","pre_exp","Gobiidae",0.653061,0.767347,1.68653865140472,"omnivore_carnivore","demersal","Cryptobenthic","No","No","Yes",19,37,0.00980621621621622,3.01654054054054,"AT19-1-1_5",0.0474509598725979
"87","Pacific","Gulf of Panama","Saboga","AT19-1-1","AT19-1-1-330","pre_exp","Ophidiidae",2.204082,1.240816,5.43548737335914,"omnivore_carnivore","demersal","Not cryptobenthic","Yes","No","No",7,13,0.00616923076923077,3.09081538461538,"AT19-1-1_5",1.15536034140143
"88","Pacific","Gulf of Panama","Saboga","AT19-1-1","AT19-1-1-335","pre_exp","Gobiidae",0.857143,0.8,2.25197747516466,"omnivore_carnivore","demersal","Cryptobenthic","No","No","Yes",19,37,0.00980621621621622,3.01654054054054,"AT19-1-1_5",0.113507665428234
"89","Pacific","Gulf of Panama","Saboga","AT19-1-1","AT19-1-1-335","pre_exp","Gobiidae",1.510204,1.191837,4.11245781257864,"omnivore_carnivore","demersal","Cryptobenthic","No","No","Yes",19,37,0.00980621621621622,3.01654054054054,"AT19-1-1_5",0.698173566728364
"90","Pacific","Gulf of Panama","Saboga","AT19-1-1","AT19-1-1-335","pre_exp","Ophidiidae",3.24898,1.771429,8.66010345987989,"omnivore_carnivore","demersal","Not cryptobenthic","Yes","No","No",7,13,0.00616923076923077,3.09081538461538,"AT19-1-1_5",4.87463134134075
"91","Pacific","Gulf of Panama","Saboga","AT19-1-1","AT19-1-1-335","pre_exp","Ophidiidae",1.861224,0.922449,4.43707525683199,"omnivore_carnivore","demersal","Not cryptobenthic","Yes","No","No",7,13,0.00616923076923077,3.09081538461538,"AT19-1-1_5",0.617003666360569
"92","Pacific","Gulf of Panama","Saboga","AT19-1-1","AT19-1-1-335","pre_exp","Apogonidae",NA,0.938776,3.26475405967332,"planktivore","demersal","Cryptobenthic","No","No","Yes",5,6,0.015875,3.07606666666667,"AT19-1-1_5",0.604438387333503
"93","Pacific","Gulf of Panama","Saboga","AT19-1-1","AT19-1-1-335","pre_exp","Lutjanidae",1.485714,0.97551,3.69454679635489,"piscivore","demersal","Not cryptobenthic","No","Yes","Yes",21,63,0.0238565079365079,2.93352,"AT19-1-1_5",1.10295786457105
"94","Pacific","Gulf of Panama","Saboga","AT19-1-1","AT19-1-1-340","pre_exp","Gobiidae",0.922449,NA,2.43483580853816,"omnivore_carnivore","demersal","Cryptobenthic","No","No","Yes",19,37,0.00980621621621622,3.01654054054054,"AT19-1-1_6",0.143649104415602
"95","Pacific","Gulf of Panama","Saboga","AT19-1-1","AT19-1-1-340","pre_exp","Gobiidae",0.873469,0.881633,2.29761061864396,"omnivore_carnivore","demersal","Cryptobenthic","No","No","Yes",19,37,0.00980621621621622,3.01654054054054,"AT19-1-1_6",0.120588657787571
"96","Pacific","Gulf of Panama","Saboga","AT19-1-1","AT19-1-1-340","pre_exp","Gobiidae",0.889796,0.808163,2.34330053339995,"omnivore_carnivore","demersal","Cryptobenthic","No","No","Yes",19,37,0.00980621621621622,3.01654054054054,"AT19-1-1_6",0.127968356921082
"97","Pacific","Gulf of Panama","Saboga","AT19-1-1","AT19-1-1-340","pre_exp","Haemulidae",2.971429,1.730612,6.45725886596979,"omnivore_carnivore","demersal","Not cryptobenthic","Yes","Yes","Yes",26,69,0.0169027536231884,3.01954057971014,"AT19-1-1_6",4.71987899125426
"98","Pacific","Gulf of Panama","Saboga","AT19-1-1","AT19-1-1-340","pre_exp","Carapidae",0.971429,0.767347,5.96312472075337,"omnivore_carnivore","demersal","Not cryptobenthic","No","No","Yes",1,1,0.00144,3,"AT19-1-1_6",0.305340330025178
"99","Pacific","Gulf of Panama","Saboga","AT19-1-1","AT19-1-1-345","pre_exp","Gobiidae",1.265306,1.236735,3.40723670483275,"omnivore_carnivore","demersal","Cryptobenthic","No","No","Yes",19,37,0.00980621621621622,3.01654054054054,"AT19-1-1_6",0.395835374780495
"100","Pacific","Gulf of Panama","Saboga","AT19-1-1","AT19-1-1-345","pre_exp","Gobiidae",0.840816,0.840816,2.20639647536664,"omnivore_carnivore","demersal","Cryptobenthic","No","No","Yes",19,37,0.00980621621621622,3.01654054054054,"AT19-1-1_6",0.106717794609263
"101","Pacific","Gulf of Panama","Saboga","AT19-1-1","AT19-1-1-345","pre_exp","Gobiidae",0.636735,0.715646,1.64174606722735,"omnivore_carnivore","demersal","Cryptobenthic","No","No","Yes",19,37,0.00980621621621622,3.01654054054054,"AT19-1-1_6",0.0437502658069927
"102","Pacific","Gulf of Panama","Saboga","AT19-1-1","AT19-1-1-345","pre_exp","Gobiidae",0.718367,0.716327,1.86640741463667,"omnivore_carnivore","demersal","Cryptobenthic","No","No","Yes",19,37,0.00980621621621622,3.01654054054054,"AT19-1-1_6",0.0644174325248752
"103","Pacific","Gulf of Panama","Saboga","AT19-1-1","AT19-1-1-345","pre_exp","Apogonidae",1.64898,1.085714,2.77035105399074,"planktivore","demersal","Cryptobenthic","No","No","Yes",5,6,0.015875,3.07606666666667,"AT19-1-1_6",0.364737400255515
"104","Pacific","Gulf of Panama","Saboga","AT19-1-1","AT19-1-1-345","pre_exp","Lutjanidae",2.571429,1.567347,6.42117428225091,"piscivore","demersal","Not cryptobenthic","No","Yes","Yes",21,63,0.0238565079365079,2.93352,"AT19-1-1_6",5.58161705004855
"105","Pacific","Gulf of Panama","Saboga","AT19-1-1","AT19-1-1-345","pre_exp","Haemulidae",3.338776,2.089796,7.32900770638087,"omnivore_carnivore","demersal","Not cryptobenthic","Yes","Yes","Yes",26,69,0.0169027536231884,3.01954057971014,"AT19-1-1_6",6.91825364360142
"106","Pacific","Gulf of Panama","Saboga","AT19-1-1","AT19-1-1-345","pre_exp","Labridae",NA,0.778231,7.65915966332967,"omnivore_carnivore","demersal","Not cryptobenthic","Yes","Yes","Yes",16,23,0.0229417391304348,3.00832173913043,"AT19-1-1_6",10.4840149267068
"107","Pacific","Gulf of Panama","Saboga","AT19-1-1","AT19-1-1-350","pre_exp","Gobiidae",1.093878,1.004082,2.91861887960542,"omnivore_carnivore","demersal","Cryptobenthic","No","No","Yes",19,37,0.00980621621621622,3.01654054054054,"AT19-1-1_6",0.248157789830831
"108","Pacific","Gulf of Panama","Saboga","AT19-1-1","AT19-1-1-350","pre_exp","Gobiidae",1.012245,0.95102,2.68759686973083,"omnivore_carnivore","demersal","Cryptobenthic","No","No","Yes",19,37,0.00980621621621622,3.01654054054054,"AT19-1-1_6",0.193506589750678
"109","Pacific","Gulf of Panama","Saboga","AT19-1-1","AT19-1-1-350","pre_exp","Gobiidae",0.881633,0.910204,2.32045028681726,"omnivore_carnivore","demersal","Cryptobenthic","No","No","Yes",19,37,0.00980621621621622,3.01654054054054,"AT19-1-1_6",0.124241027180494
"110","Pacific","Gulf of Panama","Saboga","AT19-1-1","AT19-1-1-350","pre_exp","Gobiidae",1.093878,1.081633,2.91861887960542,"omnivore_carnivore","demersal","Cryptobenthic","No","No","Yes",19,37,0.00980621621621622,3.01654054054054,"AT19-1-1_6",0.248157789830831
"111","Pacific","Gulf of Panama","Saboga","AT19-1-1","AT19-1-1-350","pre_exp","Gobiidae",1.322449,1.204082,3.57107326986653,"omnivore_carnivore","demersal","Cryptobenthic","No","No","Yes",19,37,0.00980621621621622,3.01654054054054,"AT19-1-1_6",0.456080325495892
"112","Pacific","Gulf of Panama","Saboga","AT19-1-1","AT19-1-1-350","pre_exp","Gobiidae",0.530612,0.595918,1.35243733953057,"omnivore_carnivore","demersal","Cryptobenthic","No","No","Yes",19,37,0.00980621621621622,3.01654054054054,"AT19-1-1_6",0.02437932469206
"113","Pacific","Gulf of Panama","Saboga","AT19-1-1","AT19-1-1-350","pre_exp","Haemulidae",1.22449,0.779592,2.46469485831549,"omnivore_carnivore","demersal","Not cryptobenthic","Yes","Yes","Yes",26,69,0.0169027536231884,3.01954057971014,"AT19-1-1_6",0.257574115816108
"114","Pacific","Gulf of Panama","Saboga","AT19-1-1","AT19-1-1-350","pre_exp","Serranidae",1.489796,0.673469,3.89903703154802,"piscivore","demersal","Not cryptobenthic","No","Yes","Yes",17,33,0.0156015151515152,3.14550303030303,"AT19-1-1_6",1.12726219877181
"115","Pacific","Gulf of Panama","Saboga","AT19-1-1","AT19-1-1-355","pre_exp","Gobiidae",1.371429,1.167347,3.71186301766215,"omnivore_carnivore","demersal","Cryptobenthic","No","No","Yes",19,37,0.00980621621621622,3.01654054054054,"AT19-1-1_6",0.512505635588624
"116","Pacific","Gulf of Panama","Saboga","AT19-1-1","AT19-1-1-355","pre_exp","Gobiidae",1.126531,1.004082,3.01133760186388,"omnivore_carnivore","demersal","Cryptobenthic","No","No","Yes",19,37,0.00980621621621622,3.01654054054054,"AT19-1-1_6",0.272708544906812
"117","Pacific","Gulf of Panama","Saboga","AT19-1-1","AT19-1-1-355","pre_exp","Haemulidae",2.318367,1.363265,4.93116740890527,"omnivore_carnivore","demersal","Not cryptobenthic","Yes","Yes","Yes",26,69,0.0169027536231884,3.01954057971014,"AT19-1-1_6",2.09096778140087
"118","Pacific","Gulf of Panama","Saboga","AT19-1-1","AT19-1-1-355","pre_exp","Lutjanidae",NA,1.102041,6.3496579336758,"piscivore","demersal","Not cryptobenthic","No","Yes","Yes",21,63,0.0238565079365079,2.93352,"AT19-1-1_6",5.40120946847751
"119","Pacific","Gulf of Panama","Saboga","AT19-1-1","AT19-1-1-360","pre_exp","Gobiidae",0.97184,0.97184,2.57367999353736,"omnivore_carnivore","demersal","Cryptobenthic","No","No","Yes",19,37,0.00980621621621622,3.01654054054054,"AT19-1-1_7",0.16980712092171
"120","Pacific","Gulf of Panama","Saboga","AT19-1-1","AT19-1-1-360","pre_exp","Gobiidae",1.191837,0.946939,3.19728093234655,"omnivore_carnivore","demersal","Cryptobenthic","No","No","Yes",19,37,0.00980621621621622,3.01654054054054,"AT19-1-1_7",0.326733153936738
"121","Pacific","Gulf of Panama","Saboga","AT19-1-1","AT19-1-1-360","pre_exp","Gobiidae",0.865306,0.84898,2.27478724116931,"omnivore_carnivore","demersal","Cryptobenthic","No","No","Yes",19,37,0.00980621621621622,3.01654054054054,"AT19-1-1_7",0.117011301340815
"122","Pacific","Gulf of Panama","Saboga","AT19-1-1","AT19-1-1-360","pre_exp","Gobiidae",1.22449,1.110204,3.29049679044721,"omnivore_carnivore","demersal","Cryptobenthic","No","No","Yes",19,37,0.00980621621621622,3.01654054054054,"AT19-1-1_7",0.356321201113181
"123","Pacific","Gulf of Panama","Saboga","AT19-1-1","AT19-1-1-360","pre_exp","Gobiidae",1.387755,1.257143,3.75886229101253,"omnivore_carnivore","demersal","Cryptobenthic","No","No","Yes",19,37,0.00980621621621622,3.01654054054054,"AT19-1-1_7",0.532331853958309
"124","Pacific","Gulf of Panama","Saboga","AT19-1-1","AT19-1-1-360","pre_exp","Gobiidae",0.604082,0.644898,1.5523776807684,"omnivore_carnivore","demersal","Cryptobenthic","No","No","Yes",19,37,0.00980621621621622,3.01654054054054,"AT19-1-1_7",0.0369532665785528
"125","Pacific","Gulf of Panama","Saboga","AT19-1-1","AT19-1-1-360","pre_exp","Gobiidae",1.120778,1.149558,2.99498938694717,"omnivore_carnivore","demersal","Cryptobenthic","No","No","Yes",19,37,0.00980621621621622,3.01654054054054,"AT19-1-1_7",0.268266944999043
"126","Pacific","Gulf of Panama","Saboga","AT19-1-1","AT19-1-1-360","pre_exp","Gobiidae",1.240816,1.097959,3.33716253671865,"omnivore_carnivore","demersal","Cryptobenthic","No","No","Yes",19,37,0.00980621621621622,3.01654054054054,"AT19-1-1_7",0.371783821973915
"127","Pacific","Gulf of Panama","Saboga","AT19-1-1","AT19-1-1-360","pre_exp","Engraulidae",NA,0.75102,8.2645747238565,"planktivore","pelagic","Not cryptobenthic","Yes","Yes","No",16,60,0.00646266666666667,3.19177016666667,"AT19-1-1_7",5.46976689714382
"128","Pacific","Gulf of Panama","Saboga","AT19-1-1","AT19-1-1-365","pre_exp","Gobiidae",1.036735,0.922449,2.75678423507178,"omnivore_carnivore","demersal","Cryptobenthic","No","No","Yes",19,37,0.00980621621621622,3.01654054054054,"AT19-1-1_7",0.208926868254317
"129","Pacific","Gulf of Panama","Saboga","AT19-1-1","AT19-1-1-370","pre_exp","Gobiidae",0.897959,0.897959,2.3661640401942,"omnivore_carnivore","demersal","Cryptobenthic","No","No","Yes",19,37,0.00980621621621622,3.01654054054054,"AT19-1-1_7",0.131771933483546
"130","Pacific","Gulf of Panama","Saboga","AT19-1-2","AT19-1-2-15","modern","Gobiidae",0.914286,0.857143,2.4119331894359,"omnivore_carnivore","demersal","Cryptobenthic","No","No","Yes",19,37,0.00980621621621622,3.01654054054054,"AT19-1-2_1",0.139611699580656
"131","Pacific","Gulf of Panama","Saboga","AT19-1-2","AT19-1-2-25","modern","Engraulidae",1.412245,0.832653,4.76423836664741,"planktivore","pelagic","Not cryptobenthic","Yes","Yes","No",16,60,0.00646266666666667,3.19177016666667,"AT19-1-2_1",0.94278166083597
"132","Pacific","Gulf of Panama","Saboga","AT19-1-2","AT19-1-2-30","modern","Apogonidae",1.387755,0.946939,2.33732973031513,"planktivore","demersal","Cryptobenthic","No","No","Yes",5,6,0.015875,3.07606666666667,"AT19-1-2_1",0.216232507082441
"133","Pacific","Gulf of Panama","Saboga","AT19-1-2","AT19-1-2-30","modern","Bregmacerotidae",1.608163,1.697959,7.06729708056246,"planktivore","bathypelagic","Not cryptobenthic","No","No","No",2,6,0.00495666666666667,3.03316666666667,"AT19-1-2_1",1.8668811023304
"134","Pacific","Gulf of Panama","Saboga","AT19-1-2","AT19-1-2-35","modern","Haemulidae",NA,1.738776,13.8698820214009,"omnivore_carnivore","demersal","Not cryptobenthic","Yes","Yes","Yes",26,69,0.0169027536231884,3.01954057971014,"AT19-1-2_1",47.4780120051751
"135","Pacific","Gulf of Panama","Saboga","AT19-1-2","AT19-1-2-35","modern","Lutjanidae",2.514286,1.404082,6.27740697060744,"piscivore","demersal","Not cryptobenthic","No","Yes","Yes",21,63,0.0238565079365079,2.93352,"AT19-1-2_1",5.2228950062302
"136","Pacific","Gulf of Panama","Saboga","AT19-1-2","AT19-1-2-35","modern","Serranidae",1.453061,0.922449,3.79543905471452,"piscivore","demersal","Not cryptobenthic","No","Yes","Yes",17,33,0.0156015151515152,3.14550303030303,"AT19-1-2_1",1.03570774321252
"137","Pacific","Gulf of Panama","Saboga","AT19-1-2","AT19-1-2-40","modern","Gobiidae",0.857143,0.8,2.25197747516466,"omnivore_carnivore","demersal","Cryptobenthic","No","No","Yes",19,37,0.00980621621621622,3.01654054054054,"AT19-1-2_1",0.113507665428234
"138","Pacific","Gulf of Panama","Saboga","AT19-1-2","AT19-1-2-40","modern","Scorpaenidae",1.559184,0.759184,3.63011706370071,"piscivore","demersal","Not cryptobenthic","Yes","Yes","Yes",9,23,0.01664,3.09669565217391,"AT19-1-2_1",0.901689689146443
"139","Pacific","Gulf of Panama","Saboga","AT19-1-2","AT19-1-2-40","modern","Engraulidae",1.24898,0.851701,4.15396758735887,"planktivore","pelagic","Not cryptobenthic","Yes","Yes","No",16,60,0.00646266666666667,3.19177016666667,"AT19-1-2_1",0.608700753338004
"140","Pacific","Gulf of Panama","Saboga","AT19-1-2","AT19-1-2-45","modern","Scorpaenidae",2.767347,1.24898,6.59905141605618,"piscivore","demersal","Not cryptobenthic","Yes","Yes","Yes",9,23,0.01664,3.09669565217391,"AT19-1-2_2",5.73902554273059
"141","Pacific","Gulf of Panama","Saboga","AT19-1-2","AT19-1-2-45","modern","Batrachoididae",2.081633,1.281633,3.43811078172127,"omnivore_carnivore","demersal","Not cryptobenthic","No","Yes","Yes",6,9,0.00845777777777778,3.16755555555556,"AT19-1-2_2",0.422745742179081
"142","Pacific","Gulf of Panama","Saboga","AT19-1-2","AT19-1-2-50","modern","Apogonidae",1.126531,0.767347,1.90311756741743,"planktivore","demersal","Cryptobenthic","No","No","Yes",5,6,0.015875,3.07606666666667,"AT19-1-2_2",0.114912852820498
"143","Pacific","Gulf of Panama","Saboga","AT19-1-2","AT19-1-2-50","modern","Atherinopsidae",0.808163,0.481633,4.09058515615886,"planktivore","pelagic","Not cryptobenthic","Yes","No","No",2,2,0.0052,3.08,"AT19-1-2_2",0.398384554976751
"144","Pacific","Gulf of Panama","Saboga","AT19-1-2","AT19-1-2-50","modern","Clupeidae",1.567347,0.771429,6.92438308152595,"planktivore","pelagic","Not cryptobenthic","Yes","Yes","No",8,40,0.00769625,3.11845,"AT19-1-2_2",3.21340574699537
"145","Pacific","Gulf of Panama","Saboga","AT19-1-2","AT19-1-2-55","modern","Gobiidae",0.77551,0.816327,2.0246479983685,"omnivore_carnivore","demersal","Cryptobenthic","No","No","Yes",19,37,0.00980621621621622,3.01654054054054,"AT19-1-2_2",0.0823412085335597
"146","Pacific","Gulf of Panama","Saboga","AT19-1-2","AT19-1-2-60","modern","Gobiidae",0.832653,0.791837,2.18362828298939,"omnivore_carnivore","demersal","Cryptobenthic","No","No","Yes",19,37,0.00980621621621622,3.01654054054054,"AT19-1-2_2",0.103430302839475
"147","Pacific","Gulf of Panama","Saboga","AT19-1-2","AT19-1-2-60","modern","Lutjanidae",1.453061,0.844898,3.61273674807807,"piscivore","demersal","Not cryptobenthic","No","Yes","Yes",21,63,0.0238565079365079,2.93352,"AT19-1-2_2",1.03283480499548
"148","Pacific","Gulf of Panama","Saboga","AT19-1-2","AT19-1-2-60","modern","Engraulidae",2.604082,1.232653,9.42970620831948,"planktivore","pelagic","Not cryptobenthic","Yes","Yes","No",16,60,0.00646266666666667,3.19177016666667,"AT19-1-2_2",8.33270328503827
"149","Pacific","Gulf of Panama","Saboga","AT19-1-2","AT19-1-2-60","modern","Apogonidae",1.934694,1.24898,3.24282783992825,"planktivore","demersal","Cryptobenthic","No","No","Yes",5,6,0.015875,3.07606666666667,"AT19-1-2_2",0.592038145879044
"150","Pacific","Gulf of Panama","Saboga","AT19-1-2","AT19-1-2-270","pre_exp","Gobiidae",NA,1.15102,3.91041728664798,"omnivore_carnivore","demersal","Cryptobenthic","No","No","Yes",19,37,0.00980621621621622,3.01654054054054,"AT19-1-2_3",0.599744767031106
"151","Pacific","Gulf of Panama","Saboga","AT19-1-2","AT19-1-2-270","pre_exp","Carapidae",2.383673,1.64898,10.5412476006008,"omnivore_carnivore","demersal","Not cryptobenthic","No","No","Yes",1,1,0.00144,3,"AT19-1-2_3",1.68670268216557
"152","Pacific","Gulf of Panama","Saboga","AT19-1-2","AT19-1-2-275","pre_exp","Engraulidae",NA,1.044898,10.1228228803622,"planktivore","pelagic","Not cryptobenthic","Yes","Yes","No",16,60,0.00646266666666667,3.19177016666667,"AT19-1-2_3",10.4496930376031
"153","Pacific","Gulf of Panama","Saboga","AT19-1-2","AT19-1-2-275","pre_exp","Lutjanidae",1.257143,0.808163,3.12218213797972,"piscivore","demersal","Not cryptobenthic","No","Yes","Yes",21,63,0.0238565079365079,2.93352,"AT19-1-2_3",0.673147122803884
"154","Pacific","Gulf of Panama","Saboga","AT19-1-2","AT19-1-2-285","pre_exp","Gobiidae",2.326531,1.885714,6.51092203916502,"omnivore_carnivore","demersal","Cryptobenthic","No","No","Yes",19,37,0.00980621621621622,3.01654054054054,"AT19-1-2_3",2.79181757573522
"155","Pacific","Gulf of Panama","Saboga","AT19-1-2","AT19-1-2-285","pre_exp","Apogonidae",2.408163,1.526531,4.02361845005034,"planktivore","demersal","Cryptobenthic","No","No","Yes",5,6,0.015875,3.07606666666667,"AT19-1-2_3",1.14962259404446
"156","Pacific","Gulf of Panama","Saboga","AT19-1-2","AT19-1-2-285","pre_exp","Apogonidae",1.273469,0.889796,2.1475218932987,"planktivore","demersal","Cryptobenthic","No","No","Yes",5,6,0.015875,3.07606666666667,"AT19-1-2_3",0.166638719917416
"157","Pacific","Gulf of Panama","Saboga","AT19-1-2","AT19-1-2-285","pre_exp","Scorpaenidae",2.269388,1.077551,5.36701078496232,"piscivore","demersal","Not cryptobenthic","Yes","Yes","Yes",9,23,0.01664,3.09669565217391,"AT19-1-2_3",3.02630491273869
"158","Pacific","Gulf of Panama","Saboga","AT19-1-2","AT19-1-2-285","pre_exp","Haemulidae",2.64898,1.567347,5.69967388879319,"omnivore_carnivore","demersal","Not cryptobenthic","Yes","Yes","Yes",26,69,0.0169027536231884,3.01954057971014,"AT19-1-2_3",3.23800289108617
"159","Pacific","Gulf of Panama","Saboga","AT19-1-2","AT19-1-2-295","pre_exp","Gobiidae",1.142857,1.012245,3.05775962491314,"omnivore_carnivore","demersal","Cryptobenthic","No","No","Yes",19,37,0.00980621621621622,3.01654054054054,"AT19-1-2_3",0.285588242621737
"160","Pacific","Gulf of Panama","Saboga","AT19-1-2","AT19-1-2-295","pre_exp","Engraulidae",1.844898,1.069388,6.41933538916673,"planktivore","pelagic","Not cryptobenthic","Yes","Yes","No",16,60,0.00646266666666667,3.19177016666667,"AT19-1-2_3",2.44193703323559
"161","Pacific","Gulf of Panama","Saboga","AT19-1-2","AT19-1-2-295","pre_exp","Engraulidae",NA,0.971429,9.67957506620125,"planktivore","pelagic","Not cryptobenthic","Yes","Yes","No",16,60,0.00646266666666667,3.19177016666667,"AT19-1-2_3",9.05812810307103
"162","Pacific","Gulf of Panama","Saboga","AT19-1-2","AT19-1-2-300","pre_exp","Gobiidae",0.763265,0.746939,1.9906750785798,"omnivore_carnivore","demersal","Cryptobenthic","No","No","Yes",19,37,0.00980621621621622,3.01654054054054,"AT19-1-2_4",0.0782434931609637
"163","Pacific","Gulf of Panama","Saboga","AT19-1-2","AT19-1-2-300","pre_exp","Gobiidae",0.693878,0.772789,1.79883217385008,"omnivore_carnivore","demersal","Cryptobenthic","No","No","Yes",19,37,0.00980621621621622,3.01654054054054,"AT19-1-2_4",0.0576356357598503
"164","Pacific","Gulf of Panama","Saboga","AT19-1-2","AT19-1-2-300","pre_exp","Gobiidae",1.118367,0.979592,2.98813966018244,"omnivore_carnivore","demersal","Cryptobenthic","No","No","Yes",19,37,0.00980621621621622,3.01654054054054,"AT19-1-2_4",0.266420431706005
"165","Pacific","Gulf of Panama","Saboga","AT19-1-2","AT19-1-2-300","pre_exp","Engraulidae",1.64898,1.053061,5.66355928935589,"planktivore","pelagic","Not cryptobenthic","Yes","Yes","No",16,60,0.00646266666666667,3.19177016666667,"AT19-1-2_4",1.63719420917958
"166","Pacific","Gulf of Panama","Saboga","AT19-1-2","AT19-1-2-300","pre_exp","Scorpaenidae",2.506122,1.069388,5.95146221770103,"piscivore","demersal","Not cryptobenthic","Yes","Yes","Yes",9,23,0.01664,3.09669565217391,"AT19-1-2_4",4.16799420588975
"167","Pacific","Gulf of Panama","Saboga","AT19-1-2","AT19-1-2-300","pre_exp","Haemulidae",NA,2.293878,16.77486088262,"omnivore_carnivore","demersal","Not cryptobenthic","Yes","Yes","Yes",26,69,0.0169027536231884,3.01954057971014,"AT19-1-2_4",84.3072237299849
"168","Pacific","Gulf of Panama","Saboga","AT19-1-2","AT19-1-2-305","pre_exp","Gobiidae",0.77551,0.767347,2.0246479983685,"omnivore_carnivore","demersal","Cryptobenthic","No","No","Yes",19,37,0.00980621621621622,3.01654054054054,"AT19-1-2_4",0.0823412085335597
"169","Pacific","Gulf of Panama","Saboga","AT19-1-2","AT19-1-2-305","pre_exp","Lutjanidae",NA,1.355102,7.6098851222583,"piscivore","demersal","Not cryptobenthic","No","Yes","Yes",21,63,0.0238565079365079,2.93352,"AT19-1-2_4",9.18643822831303
"170","Pacific","Gulf of Panama","Saboga","AT19-1-2","AT19-1-2-310","pre_exp","Engraulidae",NA,0.987755,9.77915946695555,"planktivore","pelagic","Not cryptobenthic","Yes","Yes","No",16,60,0.00646266666666667,3.19177016666667,"AT19-1-2_4",9.35893928546296
"171","Pacific","Gulf of Panama","Saboga","AT19-1-2","AT19-1-2-310","pre_exp","Engraulidae",NA,0.653061,7.58479278229343,"planktivore","pelagic","Not cryptobenthic","Yes","Yes","No",16,60,0.00646266666666667,3.19177016666667,"AT19-1-2_4",4.15900910474535
"172","Pacific","Gulf of Panama","Saboga","AT19-1-2","AT19-1-2-310","pre_exp","Engraulidae",NA,0.952381,9.56256711993907,"planktivore","pelagic","Not cryptobenthic","Yes","Yes","No",16,60,0.00646266666666667,3.19177016666667,"AT19-1-2_4",8.71325011006678
"173","Pacific","Gulf of Panama","Saboga","AT19-1-2","AT19-1-2-310","pre_exp","Apogonidae",1.583673,1.15102,2.66219458736902,"planktivore","demersal","Cryptobenthic","No","No","Yes",5,6,0.015875,3.07606666666667,"AT19-1-2_4",0.322685682402158
"174","Pacific","Gulf of Panama","Saboga","AT19-1-2","AT19-1-2-315","pre_exp","Gobiidae",0.702041,0.791837,1.82134075688971,"omnivore_carnivore","demersal","Cryptobenthic","No","No","Yes",19,37,0.00980621621621622,3.01654054054054,"AT19-1-2_4",0.0598386923406565
"175","Pacific","Gulf of Panama","Saboga","AT19-1-2","AT19-1-2-315","pre_exp","Gobiidae",1.142857,1.096599,3.05775962491314,"omnivore_carnivore","demersal","Cryptobenthic","No","No","Yes",19,37,0.00980621621621622,3.01654054054054,"AT19-1-2_4",0.285588242621737
"176","Pacific","Gulf of Panama","Saboga","AT19-1-2","AT19-1-2-315","pre_exp","Gobiidae",1.02449,0.936054,2.72217747877119,"omnivore_carnivore","demersal","Cryptobenthic","No","No","Yes",19,37,0.00980621621621622,3.01654054054054,"AT19-1-2_4",0.201115029775305
"177","Pacific","Gulf of Panama","Saboga","AT19-1-2","AT19-1-2-315","pre_exp","Gobiidae",1.081633,0.955102,2.8838938267812,"omnivore_carnivore","demersal","Cryptobenthic","No","No","Yes",19,37,0.00980621621621622,3.01654054054054,"AT19-1-2_4",0.239357793455546
"178","Pacific","Gulf of Panama","Saboga","AT19-1-2","AT19-1-2-315","pre_exp","Engraulidae",1.722449,1.044898,5.94581928816814,"planktivore","pelagic","Not cryptobenthic","Yes","Yes","No",16,60,0.00646266666666667,3.19177016666667,"AT19-1-2_4",1.91213072804914
"179","Pacific","Gulf of Panama","Saboga","AT19-1-2","AT19-1-2-320","pre_exp","Gobiidae",1.697959,1.322449,4.65812617592479,"omnivore_carnivore","demersal","Cryptobenthic","No","No","Yes",19,37,0.00980621621621622,3.01654054054054,"AT19-1-2_4",1.01668820367654
"180","Pacific","Gulf of Panama","Saboga","AT19-1-2","AT19-1-2-320","pre_exp","Gobiidae",1.240816,0.995918,3.33716253671865,"omnivore_carnivore","demersal","Cryptobenthic","No","No","Yes",19,37,0.00980621621621622,3.01654054054054,"AT19-1-2_4",0.371783821973915
"181","Pacific","Gulf of Panama","Saboga","AT19-1-2","AT19-1-2-320","pre_exp","Gobiidae",0.97551,0.718367,2.58401492353295,"omnivore_carnivore","demersal","Cryptobenthic","No","No","Yes",19,37,0.00980621621621622,3.01654054054054,"AT19-1-2_4",0.171872383503767
"182","Pacific","Gulf of Panama","Saboga","AT19-1-2","AT19-1-2-320","pre_exp","Scorpaenidae",1.710204,0.832653,3.99711060174559,"piscivore","demersal","Not cryptobenthic","Yes","Yes","Yes",9,23,0.01664,3.09669565217391,"AT19-1-2_4",1.21500497577376
"183","Pacific","Gulf of Panama","Saboga","AT19-1-2","AT19-1-2-325","pre_exp","Gobiidae",1.159184,1.044898,3.10422645092889,"omnivore_carnivore","demersal","Cryptobenthic","No","No","Yes",19,37,0.00980621621621622,3.01654054054054,"AT19-1-2_4",0.29888135631817
"184","Pacific","Gulf of Panama","Saboga","AT19-1-2","AT19-1-2-325","pre_exp","Engraulidae",1.730612,1.355102,5.97726787645714,"planktivore","pelagic","Not cryptobenthic","Yes","Yes","No",16,60,0.00646266666666667,3.19177016666667,"AT19-1-2_4",1.94459860981674
"185","Pacific","Gulf of Panama","Saboga","AT19-1-2","AT19-1-2-325","pre_exp","Engraulidae",NA,0.938776,9.47844088418333,"planktivore","pelagic","Not cryptobenthic","Yes","Yes","No",16,60,0.00646266666666667,3.19177016666667,"AT19-1-2_4",8.4709374113745
"186","Pacific","Gulf of Panama","Saboga","AT19-1-2","AT19-1-2-325","pre_exp","Engraulidae",NA,1.012245,9.92735943735829,"planktivore","pelagic","Not cryptobenthic","Yes","Yes","No",16,60,0.00646266666666667,3.19177016666667,"AT19-1-2_4",9.81919691981528
"187","Pacific","Gulf of Panama","Saboga","AT19-1-2","AT19-1-2-330","pre_exp","Gobiidae",1.134694,0.983673,3.03454333371505,"omnivore_carnivore","demersal","Cryptobenthic","No","No","Yes",19,37,0.00980621621621622,3.01654054054054,"AT19-1-2_5",0.279097264702355
"188","Pacific","Gulf of Panama","Saboga","AT19-1-2","AT19-1-2-330","pre_exp","Lutjanidae",2.408163,1.355102,6.01047625476754,"piscivore","demersal","Not cryptobenthic","No","Yes","Yes",21,63,0.0238565079365079,2.93352,"AT19-1-2_5",4.5978168489147
"189","Pacific","Gulf of Panama","Saboga","AT19-1-2","AT19-1-2-330","pre_exp","Haemulidae",1.208163,0.804082,2.42901170971816,"omnivore_carnivore","demersal","Not cryptobenthic","Yes","Yes","Yes",26,69,0.0169027536231884,3.01954057971014,"AT19-1-2_5",0.246477797492563
"190","Pacific","Gulf of Panama","Saboga","AT19-1-2","AT19-1-2-335","pre_exp","Gobiidae",0.881633,0.715646,2.32045028681726,"omnivore_carnivore","demersal","Cryptobenthic","No","No","Yes",19,37,0.00980621621621622,3.01654054054054,"AT19-1-2_5",0.124241027180494
"191","Pacific","Gulf of Panama","Saboga","AT19-1-2","AT19-1-2-335","pre_exp","Haemulidae",2.179592,1.530612,4.61132723910237,"omnivore_carnivore","demersal","Not cryptobenthic","Yes","Yes","Yes",26,69,0.0169027536231884,3.01954057971014,"AT19-1-2_5",1.70768134024849
"192","Pacific","Gulf of Panama","Saboga","AT19-1-2","AT19-1-2-335","pre_exp","Haemulidae",0.995918,0.666667,1.96913884926312,"omnivore_carnivore","demersal","Not cryptobenthic","Yes","Yes","Yes",26,69,0.0169027536231884,3.01954057971014,"AT19-1-2_5",0.130778638860035
"193","Pacific","Gulf of Panama","Saboga","AT19-1-2","AT19-1-2-345","pre_exp","Gobiidae",1.012245,0.914286,2.68759686973083,"omnivore_carnivore","demersal","Cryptobenthic","No","No","Yes",19,37,0.00980621621621622,3.01654054054054,"AT19-1-2_5",0.193506589750678
"194","Pacific","Gulf of Panama","Saboga","AT19-1-2","AT19-1-2-345","pre_exp","Apogonidae",1.836735,1.265306,3.08095829142853,"planktivore","demersal","Cryptobenthic","No","No","Yes",5,6,0.015875,3.07606666666667,"AT19-1-2_5",0.505759317590956
"195","Pacific","Gulf of Panama","Saboga","AT19-1-2","AT19-1-2-345","pre_exp","Engraulidae",NA,0.816327,8.69881463246376,"planktivore","pelagic","Not cryptobenthic","Yes","Yes","No",16,60,0.00646266666666667,3.19177016666667,"AT19-1-2_5",6.44098667589771
"196","Pacific","Gulf of Panama","Saboga","AT19-1-3","AT19-1-3-5","modern","Gobiidae",1.430894,1.154472,3.88321812439939,"omnivore_carnivore","demersal","Cryptobenthic","No","No","Yes",19,37,0.00980621621621622,3.01654054054054,"AT19-1-1_1",0.587249118252794
"197","Pacific","Gulf of Panama","Saboga","AT19-1-3","AT19-1-3-5","modern","Gobiidae",0.906504,0.865854,2.39011156221895,"omnivore_carnivore","demersal","Cryptobenthic","No","No","Yes",19,37,0.00980621621621622,3.01654054054054,"AT19-1-1_1",0.135836106329687
"198","Pacific","Gulf of Panama","Saboga","AT19-1-3","AT19-1-3-20","modern","Engraulidae",1.650407,1.121951,5.66902802423478,"planktivore","pelagic","Not cryptobenthic","Yes","Yes","No",16,60,0.00646266666666667,3.19177016666667,"AT19-1-1_1",1.6422453412855
"199","Pacific","Gulf of Panama","Saboga","AT19-1-3","AT19-1-3-20","modern","Gobiidae",0.971545,0.894309,2.57284936369318,"omnivore_carnivore","demersal","Cryptobenthic","No","No","Yes",19,37,0.00980621621621622,3.01654054054054,"AT19-1-1_1",0.169641857508357
"200","Pacific","Gulf of Panama","Saboga","AT19-1-3","AT19-1-3-205","pre_exp","Apogonidae",3.02439,1.861789,5.03653302339669,"planktivore","demersal","Cryptobenthic","No","No","Yes",5,6,0.015875,3.07606666666667,"AT19-1-3_2",2.29359962254292
"201","Pacific","Gulf of Panama","Saboga","AT19-1-3","AT19-1-3-210","pre_exp","Bythitidae",1.906066,0.95621,3.78231544778106,"omnivore_carnivore","demersal","Cryptobenthic","Yes","No","Yes",1,55,0.0072,3.155,"AT19-1-3_2",0.478804459389796
"202","Pacific","Gulf of Panama","Saboga","AT19-1-3","AT19-1-3-210","pre_exp","Engraulidae",0.853659,0.715447,2.71682606887477,"planktivore","pelagic","Not cryptobenthic","Yes","Yes","No",16,60,0.00646266666666667,3.19177016666667,"AT19-1-3_2",0.15697748770817
"203","Pacific","Gulf of Panama","Saboga","AT19-1-3","AT19-1-3-210","pre_exp","Apogonidae",1.430894,1.04065,2.40891554802474,"planktivore","demersal","Cryptobenthic","No","No","Yes",5,6,0.015875,3.07606666666667,"AT19-1-3_2",0.23725881261795
"204","Pacific","Gulf of Panama","Saboga","AT19-1-3","AT19-1-3-210","pre_exp","Scorpaenidae",2.247967,1.089431,5.31424800063455,"piscivore","demersal","Not cryptobenthic","Yes","Yes","Yes",9,23,0.01664,3.09669565217391,"AT19-1-3_2",2.93511988764096
"205","Pacific","Gulf of Panama","Saboga","AT19-1-3","AT19-1-3-215","pre_exp","Gobiidae",0.804878,0.804878,2.10626489361776,"omnivore_carnivore","demersal","Cryptobenthic","No","No","Yes",19,37,0.00980621621621622,3.01654054054054,"AT19-1-3_2",0.0927665727517662
"206","Pacific","Gulf of Panama","Saboga","AT19-1-3","AT19-1-3-215","pre_exp","Gerreidae",1.463415,0.886179,4.05315457058093,"omnivore_carnivore","demersal","Not cryptobenthic","Yes","Yes","No",20,105,0.0147402857142857,3.05094761904762,"AT19-1-3_2",1.05402525055627
"207","Pacific","Gulf of Panama","Saboga","AT19-1-3","AT19-1-3-220","pre_exp","Gobiidae",1.430894,1.121951,3.88321812439939,"omnivore_carnivore","demersal","Cryptobenthic","No","No","Yes",19,37,0.00980621621621622,3.01654054054054,"AT19-1-3_2",0.587249118252794
"208","Pacific","Gulf of Panama","Saboga","AT19-1-3","AT19-1-3-220","pre_exp","Gobiidae",0.829268,0.780488,2.17419099209472,"omnivore_carnivore","demersal","Cryptobenthic","No","No","Yes",19,37,0.00980621621621622,3.01654054054054,"AT19-1-3_2",0.10208774882346
"209","Pacific","Gulf of Panama","Saboga","AT19-1-3","AT19-1-3-220","pre_exp","Gobiidae",1.121951,1.036585,2.99832225389394,"omnivore_carnivore","demersal","Cryptobenthic","No","No","Yes",19,37,0.00980621621621622,3.01654054054054,"AT19-1-3_2",0.26916848751995
"210","Pacific","Gulf of Panama","Saboga","AT19-1-3","AT19-1-3-220","pre_exp","Gobiidae",0.902439,0.897019,2.37871753537619,"omnivore_carnivore","demersal","Cryptobenthic","No","No","Yes",19,37,0.00980621621621622,3.01654054054054,"AT19-1-3_2",0.133892114922852
"211","Pacific","Gulf of Panama","Saboga","AT19-1-3","AT19-1-3-220","pre_exp","Apogonidae",NA,1.373984,4.38420301999173,"planktivore","demersal","Cryptobenthic","No","No","Yes",5,6,0.015875,3.07606666666667,"AT19-1-3_2",1.49696686434586
"212","Pacific","Gulf of Panama","Saboga","AT19-1-3","AT19-1-3-220","pre_exp","Haemulidae",2.292683,1.382114,4.87184459469473,"omnivore_carnivore","demersal","Not cryptobenthic","Yes","Yes","Yes",26,69,0.0169027536231884,3.01954057971014,"AT19-1-3_2",2.01593102517639
"213","Pacific","Gulf of Panama","Saboga","AT19-1-3","AT19-1-3-225","pre_exp","Apogonidae",NA,0.825203,2.95463439511359,"planktivore","demersal","Cryptobenthic","No","No","Yes",5,6,0.015875,3.07606666666667,"AT19-1-3_2",0.444646249354147
"214","Pacific","Gulf of Panama","Saboga","AT19-1-3","AT19-1-3-225","pre_exp","Haemulidae",3.252033,2.081301,7.12237419332696,"omnivore_carnivore","demersal","Not cryptobenthic","Yes","Yes","Yes",26,69,0.0169027536231884,3.01954057971014,"AT19-1-3_2",6.34589094078715
"215","Pacific","Gulf of Panama","Saboga","AT19-1-3","AT19-1-3-225","pre_exp","Bythitidae",1.910569,0.943089,3.79407996036059,"omnivore_carnivore","demersal","Cryptobenthic","Yes","No","Yes",1,55,0.0072,3.155,"AT19-1-3_2",0.483518882582003
"216","Pacific","Gulf of Panama","Saboga","AT19-1-3","AT19-1-3-230","pre_exp","Gobiidae",0.98374,0.886179,2.60720000165935,"omnivore_carnivore","demersal","Cryptobenthic","No","No","Yes",19,37,0.00980621621621622,3.01654054054054,"AT19-1-3_2",0.176566478992123
"217","Pacific","Gulf of Panama","Saboga","AT19-1-3","AT19-1-3-230","pre_exp","Gobiidae",1.03252,0.945799,2.74486889066967,"omnivore_carnivore","demersal","Cryptobenthic","No","No","Yes",19,37,0.00980621621621622,3.01654054054054,"AT19-1-3_2",0.206214720756378
"218","Pacific","Gulf of Panama","Saboga","AT19-1-3","AT19-1-3-230","pre_exp","Labridae",1.544715,1.04878,8.23858911800463,"omnivore_carnivore","demersal","Not cryptobenthic","Yes","Yes","Yes",16,23,0.0229417391304348,3.00832173913043,"AT19-1-3_2",13.055886238387
"219","Pacific","Gulf of Panama","Saboga","AT19-1-3","AT19-1-3-240","pre_exp","Gobiidae",1.430894,1.178862,3.88321812439939,"omnivore_carnivore","demersal","Cryptobenthic","No","No","Yes",19,37,0.00980621621621622,3.01654054054054,"AT19-1-3_3",0.587249118252794
"220","Pacific","Gulf of Panama","Saboga","AT19-1-3","AT19-1-3-245","pre_exp","Gobiidae",1.471545,1.357724,4.00061917621496,"omnivore_carnivore","demersal","Cryptobenthic","No","No","Yes",19,37,0.00980621621621622,3.01654054054054,"AT19-1-3_3",0.642454848896347
"221","Pacific","Gulf of Panama","Saboga","AT19-1-3","AT19-1-3-245","pre_exp","Gobiidae",1.308943,0.995935,3.53230862859005,"omnivore_carnivore","demersal","Cryptobenthic","No","No","Yes",19,37,0.00980621621621622,3.01654054054054,"AT19-1-3_3",0.44130878968594
"222","Pacific","Gulf of Panama","Saboga","AT19-1-3","AT19-1-3-245","pre_exp","Apogonidae",2.382114,1.373984,3.98072381661217,"planktivore","demersal","Cryptobenthic","No","No","Yes",5,6,0.015875,3.07606666666667,"AT19-1-3_3",1.11233854974573
"223","Pacific","Gulf of Panama","Saboga","AT19-1-3","AT19-1-3-245","pre_exp","Engraulidae",1.609756,0.95935,5.51345590141713,"planktivore","pelagic","Not cryptobenthic","Yes","Yes","No",16,60,0.00646266666666667,3.19177016666667,"AT19-1-3_3",1.50267983351241
"224","Pacific","Gulf of Panama","Saboga","AT19-1-3","AT19-1-3-250","pre_exp","Gobiidae",1.186268,0.986164,3.18139887360942,"omnivore_carnivore","demersal","Cryptobenthic","No","No","Yes",19,37,0.00980621621621622,3.01654054054054,"AT19-1-3_3",0.321861780255306
"225","Pacific","Gulf of Panama","Saboga","AT19-1-3","AT19-1-3-255","pre_exp","Apogonidae",2.24184,1.593247,3.74961691579516,"planktivore","demersal","Cryptobenthic","No","No","Yes",5,6,0.015875,3.07606666666667,"AT19-1-3_3",0.925413228763079
"226","Pacific","Gulf of Panama","Saboga","AT19-1-3","AT19-1-3-255","pre_exp","Scorpaenidae",1.520325,0.707317,3.53592002364632,"piscivore","demersal","Not cryptobenthic","Yes","Yes","Yes",9,23,0.01664,3.09669565217391,"AT19-1-3_3",0.831186389024665
"227","Pacific","Gulf of Panama","Saboga","AT19-1-3","AT19-1-3-260","pre_exp","Gobiidae",1.081301,0.95935,2.88295266753257,"omnivore_carnivore","demersal","Cryptobenthic","No","No","Yes",19,37,0.00980621621621622,3.01654054054054,"AT19-1-3_3",0.239122235555521
"228","Pacific","Gulf of Panama","Saboga","AT19-1-3","AT19-1-3-260","pre_exp","Gobiidae",1.365854,1.04065,3.69582179393846,"omnivore_carnivore","demersal","Cryptobenthic","No","No","Yes",19,37,0.00980621621621622,3.01654054054054,"AT19-1-3_3",0.505853522223815
"229","Pacific","Gulf of Panama","Saboga","AT19-1-3","AT19-1-3-260","pre_exp","Scorpaenidae",2.243902,1.02439,5.3042377241977,"piscivore","demersal","Not cryptobenthic","Yes","Yes","Yes",9,23,0.01664,3.09669565217391,"AT19-1-3_3",2.91803269372501
"230","Pacific","Gulf of Panama","Saboga","AT19-1-3","AT19-1-3-260","pre_exp","Serranidae",2.804878,1.390244,7.71517793494127,"piscivore","demersal","Not cryptobenthic","No","Yes","Yes",17,33,0.0156015151515152,3.14550303030303,"AT19-1-3_3",9.64530890854352
"231","Pacific","Gulf of Panama","Saboga","AT19-1-3","AT19-1-3-265","pre_exp","Gobiidae",1.394309,1.170732,3.77773980104109,"omnivore_carnivore","demersal","Cryptobenthic","No","No","Yes",19,37,0.00980621621621622,3.01654054054054,"AT19-1-3_4",0.54043730548516
"232","Pacific","Gulf of Panama","Saboga","AT19-1-3","AT19-1-3-270","pre_exp","Gobiidae",1.373984,1.097561,3.71921602484977,"omnivore_carnivore","demersal","Cryptobenthic","No","No","Yes",19,37,0.00980621621621622,3.01654054054054,"AT19-1-3_4",0.515574290182668
"233","Pacific","Gulf of Panama","Saboga","AT19-1-3","AT19-1-3-270","pre_exp","Gobiidae",0.878049,0.825203,2.31042200701191,"omnivore_carnivore","demersal","Cryptobenthic","No","No","Yes",19,37,0.00980621621621622,3.01654054054054,"AT19-1-3_4",0.122628397638532
"234","Pacific","Gulf of Panama","Saboga","AT19-1-3","AT19-1-3-270","pre_exp","Apogonidae",1.853659,1.276423,3.10893264917308,"planktivore","demersal","Cryptobenthic","No","No","Yes",5,6,0.015875,3.07606666666667,"AT19-1-3_4",0.520018717405294
"235","Pacific","Gulf of Panama","Saboga","AT19-1-3","AT19-1-3-280","pre_exp","Mullidae",1.821138,1.227642,8.44896924458671,"omnivore_carnivore","demersal","Not cryptobenthic","Yes","Yes","Yes",5,18,0.0115783333333333,3.18735555555556,"AT19-1-3_4",10.4159542514804
"236","Pacific","Gulf of Panama","Saboga","AT19-1-3","AT19-1-3-285","pre_exp","Engraulidae",1.252033,0.821138,4.16529844812423,"planktivore","pelagic","Not cryptobenthic","Yes","Yes","No",16,60,0.00646266666666667,3.19177016666667,"AT19-1-3_4",0.614016116454392
"237","Pacific","Gulf of Panama","Saboga","AT19-1-3","AT19-1-3-285","pre_exp","Engraulidae",1.219512,0.753388,4.04476629875747,"planktivore","pelagic","Not cryptobenthic","Yes","Yes","No",16,60,0.00646266666666667,3.19177016666667,"AT19-1-3_4",0.55908277536776
"238","Pacific","Gulf of Panama","Saboga","AT19-1-3","AT19-1-3-285","pre_exp","Haemulidae",2.699187,1.520325,5.81713370414521,"omnivore_carnivore","demersal","Not cryptobenthic","Yes","Yes","Yes",26,69,0.0169027536231884,3.01954057971014,"AT19-1-3_4",3.44371702099005
"239","Pacific","Gulf of Panama","Saboga","AT19-1-3","AT19-1-3-285","pre_exp","Haemulidae",2.332072,1.42137,4.96284539180708,"omnivore_carnivore","demersal","Not cryptobenthic","Yes","Yes","Yes",26,69,0.0169027536231884,3.01954057971014,"AT19-1-3_4",2.13179127597075
"240","Pacific","Gulf of Panama","Saboga","AT19-1-3","AT19-1-3-285","pre_exp","Bregmacerotidae",1.658537,1.455285,7.24265573565635,"planktivore","bathypelagic","Not cryptobenthic","No","No","No",2,6,0.00495666666666667,3.03316666666667,"AT19-1-3_4",2.01095886109653
"241","Pacific","Gulf of Panama","Saboga","AT19-1-3","AT19-1-3-285","pre_exp","Apogonidae",1.902439,1.357724,3.18954243345946,"planktivore","demersal","Cryptobenthic","No","No","Yes",5,6,0.015875,3.07606666666667,"AT19-1-3_4",0.562620854660539
"242","Pacific","Gulf of Panama","Saboga","AT19-1-3","AT19-1-3-285","pre_exp","Labridae",1.089431,0.768293,6.06362955246614,"omnivore_carnivore","demersal","Not cryptobenthic","Yes","Yes","Yes",16,23,0.0229417391304348,3.00832173913043,"AT19-1-3_4",5.19203984744039
"243","Pacific","Gulf of Panama","Saboga","AT19-1-3","AT19-1-3-290","pre_exp","Gobiidae",1.04065,0.861789,2.76785425697678,"omnivore_carnivore","demersal","Cryptobenthic","No","No","Yes",19,37,0.00980621621621622,3.01654054054054,"AT19-1-3_4",0.211467878136222
"244","Pacific","Gulf of Panama","Saboga","AT19-1-3","AT19-1-3-290","pre_exp","Gobiidae",0.886179,0.841463,2.3331740171249,"omnivore_carnivore","demersal","Cryptobenthic","No","No","Yes",19,37,0.00980621621621622,3.01654054054054,"AT19-1-3_4",0.126307431364836
"245","Pacific","Gulf of Panama","Saboga","AT19-1-3","AT19-1-3-290","pre_exp","Engraulidae",1.943089,1.077236,6.8016947820537,"planktivore","pelagic","Not cryptobenthic","Yes","Yes","No",16,60,0.00646266666666667,3.19177016666667,"AT19-1-3_4",2.93720529679458
"246","Pacific","Gulf of Panama","Saboga","AT19-1-3","AT19-1-3-290","pre_exp","Apogonidae",2.121951,1.487805,3.55192899877252,"planktivore","demersal","Cryptobenthic","No","No","Yes",5,6,0.015875,3.07606666666667,"AT19-1-3_4",0.783390939246308
"247","Pacific","Gulf of Panama","Saboga","AT19-1-3","AT19-1-3-295","pre_exp","Gobiidae",1.691057,1.325203,4.63799667445686,"omnivore_carnivore","demersal","Cryptobenthic","No","No","Yes",19,37,0.00980621621621622,3.01654054054054,"AT19-1-3_5",1.00349272647597
"248","Pacific","Gulf of Panama","Saboga","AT19-1-3","AT19-1-3-295","pre_exp","Gobiidae",1.764228,1.231707,4.85165852478013,"omnivore_carnivore","demersal","Cryptobenthic","No","No","Yes",19,37,0.00980621621621622,3.01654054054054,"AT19-1-3_5",1.14952160602154
"249","Pacific","Gulf of Panama","Saboga","AT19-1-3","AT19-1-3-295","pre_exp","Carangidae",NA,1.520325,12.6489258688156,"piscivore","demersal","Not cryptobenthic","No","Yes","Yes",45,155,0.020702,2.90060774193548,"AT19-1-3_5",32.556495201727
"250","Pacific","Gulf of Panama","Saboga","AT19-1-3","AT19-1-3-295","pre_exp","Ophidiidae",3.113821,1.723577,8.22947781557551,"omnivore_carnivore","demersal","Not cryptobenthic","Yes","No","No",7,13,0.00616923076923077,3.09081538461538,"AT19-1-3_5",4.1636837741317
"251","Pacific","Gulf of Panama","Saboga","AT19-1-3","AT19-1-3-295","pre_exp","Apogonidae",NA,1.626016,4.99465859963435,"planktivore","demersal","Cryptobenthic","No","No","Yes",5,6,0.015875,3.07606666666667,"AT19-1-3_5",2.23544591586191
"252","Pacific","Gulf of Panama","Saboga","AT19-1-3","AT19-1-3-300","pre_exp","Lutjanidae",1.373984,0.918699,3.41467289971678,"piscivore","demersal","Not cryptobenthic","No","Yes","Yes",21,63,0.0238565079365079,2.93352,"AT19-1-3_5",0.875381063717931
"253","Pacific","Gulf of Panama","Saboga","AT19-1-3","AT19-1-3-300","pre_exp","Lutjanidae",1.292683,0.804878,3.2111291770568,"piscivore","demersal","Not cryptobenthic","No","Yes","Yes",21,63,0.0238565079365079,2.93352,"AT19-1-3_5",0.730966702226998
"254","Pacific","Gulf of Panama","Saboga","AT19-1-3","AT19-1-3-300","pre_exp","Lutjanidae",1.284553,0.873984,3.19078031745088,"piscivore","demersal","Not cryptobenthic","No","Yes","Yes",21,63,0.0238565079365079,2.93352,"AT19-1-3_5",0.717461365799192
"255","Pacific","Gulf of Panama","Saboga","AT19-1-3","AT19-1-3-300","pre_exp","Lutjanidae",1.634146,0.95122,4.06660223371207,"piscivore","demersal","Not cryptobenthic","No","Yes","Yes",21,63,0.0238565079365079,2.93352,"AT19-1-3_5",1.46150476092177
"256","Pacific","Gulf of Panama","Saboga","AT19-1-3","AT19-1-3-300","pre_exp","Ophidiidae",2.739837,1.650407,7.05779952830021,"omnivore_carnivore","demersal","Not cryptobenthic","Yes","No","No",7,13,0.00616923076923077,3.09081538461538,"AT19-1-3_5",2.59006821119914
"257","Pacific","Gulf of Panama","Saboga","AT19-1-3","AT19-1-3-305","pre_exp","Apogonidae",2.853659,1.853659,4.75622565463598,"planktivore","demersal","Cryptobenthic","No","No","Yes",5,6,0.015875,3.07606666666667,"AT19-1-3_5",1.92317225288753
"258","Pacific","Gulf of Panama","Saboga","AT19-1-3","AT19-1-3-305","pre_exp","Gobiidae",1.739837,1.556911,4.78037251298848,"omnivore_carnivore","demersal","Cryptobenthic","No","No","Yes",19,37,0.00980621621621622,3.01654054054054,"AT19-1-3_5",1.0993230923659
"259","Pacific","Gulf of Panama","Saboga","AT19-1-3","AT19-1-3-305","pre_exp","Gobiidae",1.365854,1.162602,3.69582179393846,"omnivore_carnivore","demersal","Cryptobenthic","No","No","Yes",19,37,0.00980621621621622,3.01654054054054,"AT19-1-3_5",0.505853522223815
"260","Pacific","Gulf of Panama","Saboga","AT19-1-3","AT19-1-3-305","pre_exp","Gobiidae",1.544715,1.211382,4.21244969819278,"omnivore_carnivore","demersal","Cryptobenthic","No","No","Yes",19,37,0.00980621621621622,3.01654054054054,"AT19-1-3_5",0.750647064234916
"261","Pacific","Gulf of Panama","Saboga","AT19-1-3","AT19-1-3-305","pre_exp","Gobiidae",1.097561,1.02439,2.92906815819596,"omnivore_carnivore","demersal","Cryptobenthic","No","No","Yes",19,37,0.00980621621621622,3.01654054054054,"AT19-1-3_5",0.250847545291911
"262","Pacific","Gulf of Panama","Saboga","AT19-1-3","AT19-1-3-305","pre_exp","Haemulidae",2.699187,1.638211,5.81713370414521,"omnivore_carnivore","demersal","Not cryptobenthic","Yes","Yes","Yes",26,69,0.0169027536231884,3.01954057971014,"AT19-1-3_5",3.44371702099005
"263","Pacific","Gulf of Panama","Saboga","AT19-1-3","AT19-1-3-305","pre_exp","Haemulidae",3.089431,2.097561,6.73632569399986,"omnivore_carnivore","demersal","Not cryptobenthic","Yes","Yes","Yes",26,69,0.0169027536231884,3.01954057971014,"AT19-1-3_5",5.36308349520587
"264","Pacific","Gulf of Panama","Saboga","AT19-1-3","AT19-1-3-310","pre_exp","Gobiidae",1.487805,1.186992,4.04763621747439,"omnivore_carnivore","demersal","Cryptobenthic","No","No","Yes",19,37,0.00980621621621622,3.01654054054054,"AT19-1-3_5",0.665501938783204
"265","Pacific","Gulf of Panama","Saboga","AT19-1-3","AT19-1-3-310","pre_exp","Gobiidae",1.211382,1.097561,3.25305772024751,"omnivore_carnivore","demersal","Cryptobenthic","No","No","Yes",19,37,0.00980621621621622,3.01654054054054,"AT19-1-3_5",0.344231298519849
"266","Pacific","Gulf of Panama","Saboga","AT19-1-3","AT19-1-3-310","pre_exp","Gobiidae",1.215447,0.982385,3.26466544599527,"omnivore_carnivore","demersal","Cryptobenthic","No","No","Yes",19,37,0.00980621621621622,3.01654054054054,"AT19-1-3_5",0.347949872765774
"267","Pacific","Gulf of Panama","Saboga","AT19-1-3","AT19-1-3-310","pre_exp","Labridae",NA,1.203252,11.0157218809101,"omnivore_carnivore","demersal","Not cryptobenthic","Yes","Yes","Yes",16,23,0.0229417391304348,3.00832173913043,"AT19-1-3_5",31.2850306511208
"268","Pacific","Gulf of Panama","Saboga","AT19-1-3","AT19-1-3-315","pre_exp","Gobiidae",1.134146,0.97561,3.03298515087098,"omnivore_carnivore","demersal","Cryptobenthic","No","No","Yes",19,37,0.00980621621621622,3.01654054054054,"AT19-1-3_5",0.278665183915098
"269","Pacific","Gulf of Panama","Saboga","AT19-1-3","AT19-1-3-315","pre_exp","Gobiidae",1.1254,0.97704,3.00812323811463,"omnivore_carnivore","demersal","Cryptobenthic","No","No","Yes",19,37,0.00980621621621622,3.01654054054054,"AT19-1-3_5",0.271831390608877
"270","Pacific","Gulf of Panama","Saboga","AT19-1-3","AT19-1-3-315","pre_exp","Apogonidae",NA,1.361789,4.35405305984167,"planktivore","demersal","Cryptobenthic","No","No","Yes",5,6,0.015875,3.07606666666667,"AT19-1-3_5",1.46552557227112
"271","Pacific","Gulf of Panama","Saboga","AT19-1-3","AT19-1-3-315","pre_exp","Engraulidae",1.788618,0.98374,6.20123098305246,"planktivore","pelagic","Not cryptobenthic","Yes","Yes","No",16,60,0.00646266666666667,3.19177016666667,"AT19-1-3_5",2.1868505363672
"272","Pacific","Gulf of Panama","Saboga","AT19-1-3","AT19-1-3-320","pre_exp","Gobiidae",1.252033,0.926829,3.36924741304801,"omnivore_carnivore","demersal","Cryptobenthic","No","No","Yes",19,37,0.00980621621621622,3.01654054054054,"AT19-1-3_5",0.382671267487949
"273","Pacific","Gulf of Panama","Saboga","AT19-1-3","AT19-1-3-320","pre_exp","Gobiidae",1.398374,1.089431,3.78945105675188,"omnivore_carnivore","demersal","Cryptobenthic","No","No","Yes",19,37,0.00980621621621622,3.01654054054054,"AT19-1-3_5",0.545507010501649
"274","Pacific","Gulf of Panama","Saboga","AT19-1-3","AT19-1-3-320","pre_exp","Engraulidae",NA,0.780488,8.46224623308057,"planktivore","pelagic","Not cryptobenthic","Yes","Yes","No",16,60,0.00646266666666667,3.19177016666667,"AT19-1-3_5",5.89838084081732
"275","Pacific","Gulf of Panama","Saboga","AT19-1-3","AT19-1-3-320","pre_exp","Engraulidae",1.146341,0.682927,3.77494566288215,"planktivore","pelagic","Not cryptobenthic","Yes","Yes","No",16,60,0.00646266666666667,3.19177016666667,"AT19-1-3_5",0.448516198424189
"276","Pacific","Gulf of Panama","Saboga","AT19-1-3","AT19-1-3-320","pre_exp","Haemulidae",2.056911,0.894309,4.33003875091877,"omnivore_carnivore","demersal","Not cryptobenthic","Yes","Yes","Yes",26,69,0.0169027536231884,3.01954057971014,"AT19-1-3_5",1.41211552789035
"277","Pacific","Gulf of Panama","Saboga","AT19-1-3","AT19-1-3-325","pre_exp","Gobiidae",1.560976,1.203252,4.25961336643664,"omnivore_carnivore","demersal","Cryptobenthic","No","No","Yes",19,37,0.00980621621621622,3.01654054054054,"AT19-1-3_6",0.776286674390596
"278","Pacific","Gulf of Panama","Saboga","AT19-1-3","AT19-1-3-325","pre_exp","Gobiidae",1.110731,0.968128,2.96645171497889,"omnivore_carnivore","demersal","Cryptobenthic","No","No","Yes",19,37,0.00980621621621622,3.01654054054054,"AT19-1-3_6",0.260629983051935
"279","Pacific","Gulf of Panama","Saboga","AT19-1-3","AT19-1-3-325","pre_exp","Gobiidae",1.020325,0.880759,2.71041232178762,"omnivore_carnivore","demersal","Cryptobenthic","No","No","Yes",19,37,0.00980621621621622,3.01654054054054,"AT19-1-3_6",0.19850442515259
"280","Pacific","Gulf of Panama","Saboga","AT19-1-3","AT19-1-3-325","pre_exp","Engraulidae",1.772358,1.138211,6.13836455744003,"planktivore","pelagic","Not cryptobenthic","Yes","Yes","No",16,60,0.00646266666666667,3.19177016666667,"AT19-1-3_6",2.11687289672772
"281","Pacific","Gulf of Panama","Saboga","AT19-1-3","AT19-1-3-325","pre_exp","Apogonidae",2.361309,1.390244,3.94645953687468,"planktivore","demersal","Cryptobenthic","No","No","Yes",5,6,0.015875,3.07606666666667,"AT19-1-3_6",1.08314905681168
"282","Pacific","Gulf of Panama","Saboga","AT19-1-3","AT19-1-3-325","pre_exp","Scorpaenidae",2.357724,0.953441,5.58481167188957,"piscivore","demersal","Not cryptobenthic","Yes","Yes","Yes",9,23,0.01664,3.09669565217391,"AT19-1-3_6",3.42303545228335
"283","Pacific","Gulf of Panama","Saboga","AT19-1-3","AT19-1-3-330","pre_exp","Gobiidae",1.732833,1.353726,4.75991400911221,"omnivore_carnivore","demersal","Cryptobenthic","No","No","Yes",19,37,0.00980621621621622,3.01654054054054,"AT19-1-3_6",1.08519214413612
"284","Pacific","Gulf of Panama","Saboga","AT19-1-3","AT19-1-3-330","pre_exp","Gobiidae",0.845528,0.861789,2.21954553179245,"omnivore_carnivore","demersal","Cryptobenthic","No","No","Yes",19,37,0.00980621621621622,3.01654054054054,"AT19-1-3_6",0.108647824617658
"285","Pacific","Gulf of Panama","Saboga","AT19-1-3","AT19-1-3-330","pre_exp","Apogonidae",2.203267,1.605691,3.6860301061617,"planktivore","demersal","Cryptobenthic","No","No","Yes",5,6,0.015875,3.07606666666667,"AT19-1-3_6",0.877984024013467
"286","Pacific","Gulf of Panama","Saboga","AT19-1-3","AT19-1-3-330","pre_exp","Haemulidae",2.95122,1.739837,6.40956089192075,"omnivore_carnivore","demersal","Not cryptobenthic","Yes","Yes","Yes",26,69,0.0169027536231884,3.01954057971014,"AT19-1-3_6",4.61538768314752
"287","Pacific","Gulf of Panama","Saboga","AT19-1-3","AT19-1-3-335","pre_exp","Gobiidae",1.349593,1.105691,3.64905691893983,"omnivore_carnivore","demersal","Cryptobenthic","No","No","Yes",19,37,0.00980621621621622,3.01654054054054,"AT19-1-3_6",0.486790561864851
"288","Pacific","Gulf of Panama","Saboga","AT19-1-3","AT19-1-3-335","pre_exp","Gobiidae",0.804878,0.837398,2.10626489361776,"omnivore_carnivore","demersal","Cryptobenthic","No","No","Yes",19,37,0.00980621621621622,3.01654054054054,"AT19-1-3_6",0.0927665727517662
"289","Pacific","Gulf of Panama","Saboga","AT19-1-3","AT19-1-3-335","pre_exp","Gobiidae",1.260163,1.081301,3.39251367197861,"omnivore_carnivore","demersal","Cryptobenthic","No","No","Yes",19,37,0.00980621621621622,3.01654054054054,"AT19-1-3_6",0.390698189364101
"290","Pacific","Gulf of Panama","Saboga","AT19-1-3","AT19-1-3-335","pre_exp","Scorpaenidae",1.98374,0.808943,4.6652095056758,"piscivore","demersal","Not cryptobenthic","Yes","Yes","Yes",9,23,0.01664,3.09669565217391,"AT19-1-3_6",1.96084700769979
"291","Pacific","Gulf of Panama","Saboga","AT19-1-3","AT19-1-3-340","pre_exp","Gobiidae",1.347535,1.093458,3.64314086468004,"omnivore_carnivore","demersal","Cryptobenthic","No","No","Yes",19,37,0.00980621621621622,3.01654054054054,"AT19-1-3_6",0.484413761470795
"292","Pacific","Gulf of Panama","Saboga","AT19-1-3","AT19-1-3-340","pre_exp","Gobiidae",1.520412,1.208111,4.14201948636423,"omnivore_carnivore","demersal","Cryptobenthic","No","No","Yes",19,37,0.00980621621621622,3.01654054054054,"AT19-1-3_6",0.71342266138514
"293","Pacific","Gulf of Panama","Saboga","AT19-1-3","AT19-1-3-340","pre_exp","Gobiidae",1.284553,1.117886,3.46236918551519,"omnivore_carnivore","demersal","Cryptobenthic","No","No","Yes",19,37,0.00980621621621622,3.01654054054054,"AT19-1-3_6",0.415473294529851
"294","Pacific","Gulf of Panama","Saboga","AT19-1-3","AT19-1-3-340","pre_exp","Gobiidae",1.552846,1.252033,4.23602907854991,"omnivore_carnivore","demersal","Cryptobenthic","No","No","Yes",19,37,0.00980621621621622,3.01654054054054,"AT19-1-3_6",0.763393578526772
"295","Pacific","Gulf of Panama","Saboga","AT19-1-3","AT19-1-3-340","pre_exp","Gobiidae",0.837398,0.861789,2.19686130057987,"omnivore_carnivore","demersal","Cryptobenthic","No","No","Yes",19,37,0.00980621621621622,3.01654054054054,"AT19-1-3_6",0.105332642753236
"296","Pacific","Gulf of Panama","Saboga","AT19-1-3","AT19-1-3-340","pre_exp","Gobiidae",1.201562,1.007409,3.22502660117953,"omnivore_carnivore","demersal","Cryptobenthic","No","No","Yes",19,37,0.00980621621621622,3.01654054054054,"AT19-1-3_6",0.335361176097534
"297","Pacific","Gulf of Panama","Saboga","AT19-1-3","AT19-1-3-340","pre_exp","Gobiidae",1.195936,0.958738,3.20897374342195,"omnivore_carnivore","demersal","Cryptobenthic","No","No","Yes",19,37,0.00980621621621622,3.01654054054054,"AT19-1-3_6",0.330350923801073
"298","Pacific","Gulf of Panama","Saboga","AT19-1-3","AT19-1-3-340","pre_exp","Gobiidae",1.089431,0.930894,2.90600497222555,"omnivore_carnivore","demersal","Cryptobenthic","No","No","Yes",19,37,0.00980621621621622,3.01654054054054,"AT19-1-3_6",0.244936606168921
"299","Pacific","Gulf of Panama","Saboga","AT19-1-3","AT19-1-3-340","pre_exp","Apogonidae",2.829268,1.845528,4.71616078156038,"planktivore","demersal","Cryptobenthic","No","No","Yes",5,6,0.015875,3.07606666666667,"AT19-1-3_6",1.8737738817563
"300","Pacific","Gulf of Panama","Saboga","AT19-1-3","AT19-1-3-340","pre_exp","Scorpaenidae",2.495935,1.04065,5.9262633555241,"piscivore","demersal","Not cryptobenthic","Yes","Yes","Yes",9,23,0.01664,3.09669565217391,"AT19-1-3_6",4.1135873218947
"301","Pacific","Gulf of Panama","Saboga","AT19-1-3","AT19-1-3-340","pre_exp","Engraulidae",1.170732,0.699187,3.86467298975185,"planktivore","pelagic","Not cryptobenthic","Yes","Yes","No",16,60,0.00646266666666667,3.19177016666667,"AT19-1-3_6",0.483437930632463
"302","Pacific","Gulf of Panama","Saboga","AT19-1-3","AT19-1-3-345","pre_exp","Gobiidae",1.463415,1.252033,3.97712294997086,"omnivore_carnivore","demersal","Cryptobenthic","No","No","Yes",19,37,0.00980621621621622,3.01654054054054,"AT19-1-3_6",0.631140008979479
"303","Pacific","Gulf of Panama","Saboga","AT19-1-3","AT19-1-3-345","pre_exp","Gobiidae",1.490939,1.136642,4.05670216631614,"omnivore_carnivore","demersal","Cryptobenthic","No","No","Yes",19,37,0.00980621621621622,3.01654054054054,"AT19-1-3_6",0.670008556320353
"304","Pacific","Gulf of Panama","Saboga","AT19-1-3","AT19-1-3-345","pre_exp","Gobiidae",1.235772,1.121951,3.32274075011227,"omnivore_carnivore","demersal","Cryptobenthic","No","No","Yes",19,37,0.00980621621621622,3.01654054054054,"AT19-1-3_6",0.366958262734587
"305","Pacific","Gulf of Panama","Saboga","AT19-1-3","AT19-1-3-345","pre_exp","Gobiidae",0.378049,0.319106,0.943143819108383,"omnivore_carnivore","demersal","Cryptobenthic","No","No","Yes",19,37,0.00980621621621622,3.01654054054054,"AT19-1-3_6",0.00821891972473817
"306","Pacific","Gulf of Panama","Saboga","AT19-1-3","AT19-1-3-345","pre_exp","Apogonidae",1.150407,0.813008,1.94286091384331,"planktivore","demersal","Cryptobenthic","No","No","Yes",5,6,0.015875,3.07606666666667,"AT19-1-3_6",0.122455886699009
"307","Pacific","Gulf of Panama","Saboga","AT19-1-3","AT19-1-3-345","pre_exp","Labridae",1.227319,0.834987,6.73234902139495,"omnivore_carnivore","demersal","Not cryptobenthic","Yes","Yes","Yes",16,23,0.0229417391304348,3.00832173913043,"AT19-1-3_6",7.11242978528148
"308","Pacific","Gulf of Panama","Saboga","AT19-1-3","AT19-1-3-350","pre_exp","Gobiidae",1.384049,1.141111,3.74819037903856,"omnivore_carnivore","demersal","Cryptobenthic","No","No","Yes",19,37,0.00980621621621622,3.01654054054054,"AT19-1-3_6",0.527785809913598
"309","Pacific","Gulf of Panama","Saboga","AT19-1-3","AT19-1-3-350","pre_exp","Gobiidae",1.512195,1.162602,4.11822262396371,"omnivore_carnivore","demersal","Cryptobenthic","No","No","Yes",19,37,0.00980621621621622,3.01654054054054,"AT19-1-3_6",0.701130012370974
"310","Pacific","Gulf of Panama","Saboga","AT19-1-3","AT19-1-3-350","pre_exp","Gobiidae",0.760163,0.804878,1.98207423893335,"omnivore_carnivore","demersal","Cryptobenthic","No","No","Yes",19,37,0.00980621621621622,3.01654054054054,"AT19-1-3_6",0.0772281692774806
"311","Pacific","Gulf of Panama","Saboga","AT19-1-3","AT19-1-3-350","pre_exp","Apogonidae",NA,1.95122,5.75168094319986,"planktivore","demersal","Cryptobenthic","No","No","Yes",5,6,0.015875,3.07606666666667,"AT19-1-3_6",3.45058834785269
"312","Pacific","Gulf of Panama","Saboga","AT19-1-3","AT19-1-3-350","pre_exp","Apogonidae",NA,2.219512,6.35481434840781,"planktivore","demersal","Cryptobenthic","No","No","Yes",5,6,0.015875,3.07606666666667,"AT19-1-3_6",4.68933969880004
"313","Pacific","Gulf of Panama","Saboga","AT19-1-3","AT19-1-3-350","pre_exp","Apogonidae",NA,1.284553,4.16165395944353,"planktivore","demersal","Cryptobenthic","No","No","Yes",5,6,0.015875,3.07606666666667,"AT19-1-3_6",1.2753140064098
"314","Pacific","Gulf of Panama","Saboga","AT19-1-3","AT19-1-3-350","pre_exp","Apogonidae",1.821138,1.585366,3.0551740711564,"planktivore","demersal","Cryptobenthic","No","No","Yes",5,6,0.015875,3.07606666666667,"AT19-1-3_6",0.49285217942357
"315","Pacific","Gulf of Panama","Saboga","AT19-1-3","AT19-1-3-350","pre_exp","Engraulidae",NA,0.666667,7.6814543425667,"planktivore","pelagic","Not cryptobenthic","Yes","Yes","No",16,60,0.00646266666666667,3.19177016666667,"AT19-1-3_6",4.33055696263007
"316","Pacific","Gulf of Panama","Saboga","AT19-1-3","AT19-1-3-350","pre_exp","Albulidae",1.337398,0.756098,6.10415743942918,"piscivore","demersal","Not cryptobenthic","No","Yes","No",1,1,0.01138,2.858,"AT19-1-3_6",2.0019839359746
"317","Pacific","Gulf of Panama","Saboga","AT19-1-3","AT19-1-3-355","pre_exp","Apogonidae",3.130081,1.878049,5.20994125968975,"planktivore","demersal","Cryptobenthic","No","No","Yes",5,6,0.015875,3.07606666666667,"AT19-1-3_7",2.54530187877066
"318","Pacific","Gulf of Panama","Saboga","AT19-1-3","AT19-1-3-355","pre_exp","Apogonidae",1.955551,1.35204,3.27727681720074,"planktivore","demersal","Cryptobenthic","No","No","Yes",5,6,0.015875,3.07606666666667,"AT19-1-3_7",0.611598591710454
"319","Pacific","Gulf of Panama","Saboga","AT19-1-3","AT19-1-3-355","pre_exp","Apogonidae",2.915346,1.947371,4.85753117293727,"planktivore","demersal","Cryptobenthic","No","No","Yes",5,6,0.015875,3.07606666666667,"AT19-1-3_7",2.05198352390132
"320","Pacific","Gulf of Panama","Saboga","AT19-1-3","AT19-1-3-355","pre_exp","Sciaenidae",1.926829,1.552846,3.35994923615659,"piscivore","pelagic","Not cryptobenthic","No","Yes","No",56,251,0.0099000796812749,3.14183187250996,"AT19-1-3_7",0.445951462357167
"321","Pacific","Gulf of Panama","Saboga","AT19-1-3","AT19-1-3-360","pre_exp","Gobiidae",0.715447,0.715447,1.85834218113212,"omnivore_carnivore","demersal","Cryptobenthic","No","No","Yes",19,37,0.00980621621621622,3.01654054054054,"AT19-1-3_7",0.0635813878211618
"322","Pacific","Gulf of Panama","Saboga","AT19-1-3","AT19-1-3-365","pre_exp","Gobiidae",1.349593,1.01626,3.64905691893983,"omnivore_carnivore","demersal","Cryptobenthic","No","No","Yes",19,37,0.00980621621621622,3.01654054054054,"AT19-1-3_7",0.486790561864851
"323","Pacific","Gulf of Panama","Saboga","AT19-1-3","AT19-1-3-365","pre_exp","Gobiidae",1.04065,0.890244,2.76785425697678,"omnivore_carnivore","demersal","Cryptobenthic","No","No","Yes",19,37,0.00980621621621622,3.01654054054054,"AT19-1-3_7",0.211467878136222
"324","Pacific","Gulf of Panama","Saboga","AT19-1-3","AT19-1-3-365","pre_exp","Gobiidae",0.890244,0.788618,2.34455498057039,"omnivore_carnivore","demersal","Cryptobenthic","No","No","Yes",19,37,0.00980621621621622,3.01654054054054,"AT19-1-3_7",0.128175118832977
"325","Pacific","Gulf of Panama","Saboga","AT19-1-3","AT19-1-3-370","pre_exp","Atherinopsidae",NA,1.004065,9.51460774837647,"planktivore","pelagic","Not cryptobenthic","Yes","No","No",2,2,0.0052,3.08,"AT19-1-3_7",5.36348759752687
"326","Pacific","Gulf of Panama","Saboga","AT19-1-3","AT19-1-3-370","pre_exp","Gerreidae",1.138211,0.772358,3.11850772474832,"omnivore_carnivore","demersal","Not cryptobenthic","Yes","Yes","No",20,105,0.0147402857142857,3.05094761904762,"AT19-1-3_7",0.473709166649429
"327","Pacific","Gulf of Panama","Saboga","AT19-1-3","AT19-1-3-375","pre_exp","Gobiidae",1.300813,1.03252,3.50898624698671,"omnivore_carnivore","demersal","Cryptobenthic","No","No","Yes",19,37,0.00980621621621622,3.01654054054054,"AT19-1-3_7",0.43257763543129
"328","Pacific","Gulf of Panama","Saboga","AT19-1-3","AT19-1-3-375","pre_exp","Gobiidae",1.235772,0.947154,3.32274075011227,"omnivore_carnivore","demersal","Cryptobenthic","No","No","Yes",19,37,0.00980621621621622,3.01654054054054,"AT19-1-3_7",0.366958262734587
"329","Pacific","Gulf of Panama","Saboga","AT19-1-3","AT19-1-3-375","pre_exp","Gobiidae",0.849593,0.814363,2.23089282912797,"omnivore_carnivore","demersal","Cryptobenthic","No","No","Yes",19,37,0.00980621621621622,3.01654054054054,"AT19-1-3_7",0.110332031174668
"330","Pacific","Gulf of Panama","Saboga","AT19-1-3","AT19-1-3-375","pre_exp","Gobiidae",0.760163,0.762195,1.98207423893335,"omnivore_carnivore","demersal","Cryptobenthic","No","No","Yes",19,37,0.00980621621621622,3.01654054054054,"AT19-1-3_7",0.0772281692774806
"331","Pacific","Gulf of Panama","Saboga","AT19-1-3","AT19-1-3-375","pre_exp","Haemulidae",2.617886,1.528455,5.62702533480097,"omnivore_carnivore","demersal","Not cryptobenthic","Yes","Yes","Yes",26,69,0.0169027536231884,3.01954057971014,"AT19-1-3_7",3.1149778064862
"332","Pacific","Gulf of Panama","Saboga","AT19-1-3","AT19-1-3-380","pre_exp","Gobiidae",1.105691,0.97561,2.95214214992043,"omnivore_carnivore","demersal","Cryptobenthic","No","No","Yes",19,37,0.00980621621621622,3.01654054054054,"AT19-1-3_7",0.256855923636406
"333","Pacific","Gulf of Panama","Saboga","AT19-1-3","AT19-1-3-380","pre_exp","Gobiidae",1.252033,1.009485,3.36924741304801,"omnivore_carnivore","demersal","Cryptobenthic","No","No","Yes",19,37,0.00980621621621622,3.01654054054054,"AT19-1-3_7",0.382671267487949
"334","Pacific","Gulf of Panama","Saboga","AT19-1-3","AT19-1-3-380","pre_exp","Ophidiidae",3.382114,1.861789,9.08780258942769,"omnivore_carnivore","demersal","Not cryptobenthic","Yes","No","No",7,13,0.00616923076923077,3.09081538461538,"AT19-1-3_7",5.65783765355426
"335","Pacific","Gulf of Panama","Saboga","AT19-1-3","AT19-1-3-380","pre_exp","Gerreidae",NA,1.292683,11.3162925527554,"omnivore_carnivore","demersal","Not cryptobenthic","Yes","Yes","No",20,105,0.0147402857142857,3.05094761904762,"AT19-1-3_7",24.1714174843107
"336","Pacific","Gulf of Panama","Contadora","BF18-1-11","BF18-1-11-20","modern","Gobiidae",1.114778,NA,2.97794492848876,"omnivore_carnivore","demersal","Cryptobenthic","No","No","Yes",19,37,0.00980621621621622,3.01654054054054,"BF18-1-11_1",0.263687952850998
"337","Pacific","Gulf of Panama","Contadora","BF18-1-11","BF18-1-11-20","modern","Haemulidae",1.576921,NA,3.24423395968812,"omnivore_carnivore","demersal","Not cryptobenthic","Yes","Yes","Yes",26,69,0.0169027536231884,3.01954057971014,"BF18-1-11_1",0.590583606172216
"338","Pacific","Gulf of Panama","Contadora","BF18-1-11","BF18-1-11-20","modern","Haemulidae",1.774267,1.129032,3.68762713419133,"omnivore_carnivore","demersal","Not cryptobenthic","Yes","Yes","Yes",26,69,0.0169027536231884,3.01954057971014,"BF18-1-11_1",0.869506898440708
"339","Pacific","Gulf of Panama","Contadora","BF18-1-11","BF18-1-11-201","pre_exp","Apogonidae",3.512534,NA,5.83674505384738,"planktivore","demersal","Cryptobenthic","No","No","Yes",5,6,0.015875,3.07606666666667,"BF18-1-11_2",3.60998966772412
"340","Pacific","Gulf of Panama","Contadora","BF18-1-11","BF18-1-11-201","pre_exp","Apogonidae",1.658616,NA,2.78630413516461,"planktivore","demersal","Cryptobenthic","No","No","Yes",5,6,0.015875,3.07606666666667,"BF18-1-11_2",0.371236892323925
"341","Pacific","Gulf of Panama","Contadora","BF18-1-11","BF18-1-11-201","pre_exp","Apogonidae",1.879227,NA,3.15118799766527,"planktivore","demersal","Cryptobenthic","No","No","Yes",5,6,0.015875,3.07606666666667,"BF18-1-11_2",0.542068229816139
"342","Pacific","Gulf of Panama","Contadora","BF18-1-11","BF18-1-11-201","pre_exp","Bythitidae",1.716198,NA,3.29444440200029,"omnivore_carnivore","demersal","Cryptobenthic","Yes","No","Yes",1,55,0.0072,3.155,"BF18-1-11_2",0.309695776549074
"343","Pacific","Gulf of Panama","Contadora","BF18-1-11","BF18-1-11-201","pre_exp","Bythitidae",1.148185,NA,1.9411048739186,"omnivore_carnivore","demersal","Cryptobenthic","Yes","No","Yes",1,55,0.0072,3.155,"BF18-1-11_2",0.058361586822191
"344","Pacific","Gulf of Panama","Contadora","BF18-1-11","BF18-1-11-201","pre_exp","Carangidae",1.609058,NA,7.07042244479982,"piscivore","demersal","Not cryptobenthic","No","Yes","Yes",45,155,0.020702,2.90060774193548,"BF18-1-11_2",6.02448739644273
"345","Pacific","Gulf of Panama","Contadora","BF18-1-11","BF18-1-11-201","pre_exp","Engraulidae",2.354894,1.524194,8.42865944743308,"planktivore","pelagic","Not cryptobenthic","Yes","Yes","No",16,60,0.00646266666666667,3.19177016666667,"BF18-1-11_2",5.82398355774965
"346","Pacific","Gulf of Panama","Contadora","BF18-1-11","BF18-1-11-201","pre_exp","Gobiidae",2.512195,NA,7.06473035676137,"omnivore_carnivore","demersal","Cryptobenthic","No","No","Yes",19,37,0.00980621621621622,3.01654054054054,"BF18-1-11_2",3.57135265091932
"347","Pacific","Gulf of Panama","Contadora","BF18-1-11","BF18-1-11-201","pre_exp","Gobiidae",0.98645,NA,2.61483714618059,"omnivore_carnivore","demersal","Cryptobenthic","No","No","Yes",19,37,0.00980621621621622,3.01654054054054,"BF18-1-11_2",0.178131269280457
"348","Pacific","Gulf of Panama","Contadora","BF18-1-11","BF18-1-11-216","pre_exp","Apogonidae",0.844262,NA,1.43225014375254,"planktivore","demersal","Cryptobenthic","No","No","Yes",5,6,0.015875,3.07606666666667,"BF18-1-11_2",0.0479333953496227
"349","Pacific","Gulf of Panama","Contadora","BF18-1-11","BF18-1-11-216","pre_exp","Gobiidae",1.091273,NA,2.91122940760395,"omnivore_carnivore","demersal","Cryptobenthic","No","No","Yes",19,37,0.00980621621621622,3.01654054054054,"BF18-1-11_2",0.246267345128836
"350","Pacific","Gulf of Panama","Contadora","BF18-1-11","BF18-1-11-216","pre_exp","Gobiidae",0.870243,NA,2.28858925006045,"omnivore_carnivore","demersal","Cryptobenthic","No","No","Yes",19,37,0.00980621621621622,3.01654054054054,"BF18-1-11_2",0.11916603032875
"351","Pacific","Gulf of Panama","Contadora","BF18-1-11","BF18-1-11-216","pre_exp","Gobiidae",0.913521,NA,2.40978751881954,"omnivore_carnivore","demersal","Cryptobenthic","No","No","Yes",19,37,0.00980621621621622,3.01654054054054,"BF18-1-11_2",0.139237382920641
"352","Pacific","Gulf of Panama","Contadora","BF18-1-11","BF18-1-11-231","pre_exp","Gobiidae",0.584699,NA,1.49947141829946,"omnivore_carnivore","demersal","Cryptobenthic","No","No","Yes",19,37,0.00980621621621622,3.01654054054054,"BF18-1-11_2",0.0332832826805399
"353","Pacific","Gulf of Panama","Contadora","BF18-1-11","BF18-1-11-231","pre_exp","Gobiidae",0.726776,NA,1.88964518535373,"omnivore_carnivore","demersal","Cryptobenthic","No","No","Yes",19,37,0.00980621621621622,3.01654054054054,"BF18-1-11_2",0.0668672926322192
"354","Pacific","Gulf of Panama","Contadora","BF18-1-11","BF18-1-11-231","pre_exp","Sciaenidae",2.590164,NA,4.72615932865791,"piscivore","pelagic","Not cryptobenthic","No","Yes","No",56,251,0.0099000796812749,3.14183187250996,"BF18-1-11_2",1.30265841439367
"355","Pacific","Gulf of Panama","Contadora","BF18-1-11","BF18-1-11-246","pre_exp","Gobiidae",1.087432,NA,2.90033587227406,"omnivore_carnivore","demersal","Cryptobenthic","No","No","Yes",19,37,0.00980621621621622,3.01654054054054,"BF18-1-11_3",0.243498052365397
"356","Pacific","Gulf of Panama","Contadora","BF18-1-11","BF18-1-11-261","pre_exp","Apogonidae",1.029505,NA,1.74148192099005,"planktivore","demersal","Cryptobenthic","No","No","Yes",5,6,0.015875,3.07606666666667,"BF18-1-11_3",0.0874573970817487
"357","Pacific","Gulf of Panama","Contadora","BF18-1-11","BF18-1-11-261","pre_exp","Gobiidae",1.27903,NA,3.44654333083724,"omnivore_carnivore","demersal","Cryptobenthic","No","No","Yes",19,37,0.00980621621621622,3.01654054054054,"BF18-1-11_3",0.409771086334175
"358","Pacific","Gulf of Panama","Contadora","BF18-1-11","BF18-1-11-261","pre_exp","Gobiidae",0.92623,NA,2.44544836733234,"omnivore_carnivore","demersal","Cryptobenthic","No","No","Yes",19,37,0.00980621621621622,3.01654054054054,"BF18-1-11_3",0.145546114890438
"359","Pacific","Gulf of Panama","Contadora","BF18-1-11","BF18-1-11-261","pre_exp","Gobiidae",0.877049,NA,2.30762439925988,"omnivore_carnivore","demersal","Cryptobenthic","No","No","Yes",19,37,0.00980621621621622,3.01654054054054,"BF18-1-11_3",0.122181029136918
"360","Pacific","Gulf of Panama","Contadora","BF18-1-11","BF18-1-11-261","pre_exp","Haemulidae",2.512741,1.768355,5.38191980056317,"omnivore_carnivore","demersal","Not cryptobenthic","Yes","Yes","Yes",26,69,0.0169027536231884,3.01954057971014,"BF18-1-11_3",2.72302772712844
"361","Pacific","Gulf of Panama","Contadora","BF18-1-11","BF18-1-11-276","pre_exp","Gobiidae",1.25795,NA,3.38617961339998,"omnivore_carnivore","demersal","Cryptobenthic","No","No","Yes",19,37,0.00980621621621622,3.01654054054054,"BF18-1-11_3",0.388501881495119
"362","Pacific","Gulf of Panama","Contadora","BF18-1-11","BF18-1-11-276","pre_exp","Gobiidae",0.906637,NA,2.39048441038474,"omnivore_carnivore","demersal","Cryptobenthic","No","No","Yes",19,37,0.00980621621621622,3.01654054054054,"BF18-1-11_3",0.135900036599235
"363","Pacific","Gulf of Panama","Contadora","BF18-1-11","BF18-1-11-276","pre_exp","Gobiidae",0.965214,NA,2.55502705398411,"omnivore_carnivore","demersal","Cryptobenthic","No","No","Yes",19,37,0.00980621621621622,3.01654054054054,"BF18-1-11_3",0.166121756945535
"364","Pacific","Gulf of Panama","Contadora","BF18-1-11","BF18-1-11-276","pre_exp","Haemulidae",2.21868,1.363118,4.70124158529102,"omnivore_carnivore","demersal","Not cryptobenthic","Yes","Yes","Yes",26,69,0.0169027536231884,3.01954057971014,"BF18-1-11_3",1.81021680260882
"365","Pacific","Gulf of Panama","Contadora","BF18-1-11","BF18-1-11-276","pre_exp","Engraulidae",1.303511,NA,4.35682943725516,"planktivore","pelagic","Not cryptobenthic","Yes","Yes","No",16,60,0.00646266666666667,3.19177016666667,"BF18-1-11_3",0.708756860754321
"366","Pacific","Gulf of Panama","Contadora","BF18-1-11","BF18-1-11-291","pre_exp","Gobiidae",1.495604,NA,4.07019918115012,"omnivore_carnivore","demersal","Cryptobenthic","No","No","Yes",19,37,0.00980621621621622,3.01654054054054,"BF18-1-11_4",0.676755548430088
"367","Pacific","Gulf of Panama","Contadora","BF18-1-11","BF18-1-11-291","pre_exp","Gobiidae",0.759002,NA,1.97885573285095,"omnivore_carnivore","demersal","Cryptobenthic","No","No","Yes",19,37,0.00980621621621622,3.01654054054054,"BF18-1-11_4",0.0768505031024185
"368","Pacific","Gulf of Panama","Contadora","BF18-1-11","BF18-1-11-291","pre_exp","Gobiidae",1.352856,NA,3.65843810987905,"omnivore_carnivore","demersal","Cryptobenthic","No","No","Yes",19,37,0.00980621621621622,3.01654054054054,"BF18-1-11_4",0.490575457566735
"369","Pacific","Gulf of Panama","Contadora","BF18-1-11","BF18-1-11-291","pre_exp","Gobiidae",0.825137,NA,2.16267717380652,"omnivore_carnivore","demersal","Cryptobenthic","No","No","Yes",19,37,0.00980621621621622,3.01654054054054,"BF18-1-11_4",0.10046562673599
"370","Pacific","Gulf of Panama","Contadora","BF18-1-11","BF18-1-11-291","pre_exp","Gobiidae",0.70765,NA,1.83681657086573,"omnivore_carnivore","demersal","Cryptobenthic","No","No","Yes",19,37,0.00980621621621622,3.01654054054054,"BF18-1-11_4",0.0613856164928655
"371","Pacific","Gulf of Panama","Contadora","BF18-1-11","BF18-1-11-291","pre_exp","Gobiidae",0.747521,NA,1.94704511620165,"omnivore_carnivore","demersal","Cryptobenthic","No","No","Yes",19,37,0.00980621621621622,3.01654054054054,"BF18-1-11_4",0.0731839666929567
"372","Pacific","Gulf of Panama","Contadora","BF18-1-11","BF18-1-11-291","pre_exp","Apogonidae",3.057388,NA,5.09068246558301,"planktivore","demersal","Cryptobenthic","No","No","Yes",5,6,0.015875,3.07606666666667,"BF18-1-11_4",2.37030293626986
"373","Pacific","Gulf of Panama","Contadora","BF18-1-11","BF18-1-11-291","pre_exp","Ophidiidae",2.245902,NA,5.55951789232256,"omnivore_carnivore","demersal","Not cryptobenthic","Yes","No","No",7,13,0.00616923076923077,3.09081538461538,"BF18-1-11_4",1.23880584700309
"374","Pacific","Gulf of Panama","Contadora","BF18-1-11","BF18-1-11-306","pre_exp","Gobiidae",2.631148,NA,7.42092540353544,"omnivore_carnivore","demersal","Cryptobenthic","No","No","Yes",19,37,0.00980621621621622,3.01654054054054,"BF18-1-11_4",4.14260485362375
"375","Pacific","Gulf of Panama","Contadora","BF18-1-11","BF18-1-11-306","pre_exp","Gobiidae",1.795157,NA,4.94214228933469,"omnivore_carnivore","demersal","Cryptobenthic","No","No","Yes",19,37,0.00980621621621622,3.01654054054054,"BF18-1-11_4",1.21541595483311
"376","Pacific","Gulf of Panama","Contadora","BF18-1-11","BF18-1-11-306","pre_exp","Gobiidae",1.042145,NA,2.77208220215576,"omnivore_carnivore","demersal","Cryptobenthic","No","No","Yes",19,37,0.00980621621621622,3.01654054054054,"BF18-1-11_4",0.212443785090872
"377","Pacific","Gulf of Panama","Contadora","BF18-1-11","BF18-1-11-306","pre_exp","Gobiidae",1.27432,NA,3.43305049617513,"omnivore_carnivore","demersal","Cryptobenthic","No","No","Yes",19,37,0.00980621621621622,3.01654054054054,"BF18-1-11_4",0.404951002986668
"378","Pacific","Gulf of Panama","Contadora","BF18-1-11","BF18-1-11-306","pre_exp","Gobiidae",0.787914,NA,2.05909665417596,"omnivore_carnivore","demersal","Cryptobenthic","No","No","Yes",19,37,0.00980621621621622,3.01654054054054,"BF18-1-11_4",0.0866403197089192
"379","Pacific","Gulf of Panama","Contadora","BF18-1-11","BF18-1-11-306","pre_exp","Gobiidae",1.062842,NA,2.83065368420563,"omnivore_carnivore","demersal","Cryptobenthic","No","No","Yes",19,37,0.00980621621621622,3.01654054054054,"BF18-1-11_4",0.226274770180079
"380","Pacific","Gulf of Panama","Contadora","BF18-1-11","BF18-1-11-306","pre_exp","Gobiidae",0.846736,0.839272,2.22291725965952,"omnivore_carnivore","demersal","Cryptobenthic","No","No","Yes",19,37,0.00980621621621622,3.01654054054054,"BF18-1-11_4",0.109146460683545
"381","Pacific","Gulf of Panama","Contadora","BF18-1-11","BF18-1-11-306","pre_exp","Gobiidae",0.869819,NA,2.28740370958006,"omnivore_carnivore","demersal","Cryptobenthic","No","No","Yes",19,37,0.00980621621621622,3.01654054054054,"BF18-1-11_4",0.118979914496645
"382","Pacific","Gulf of Panama","Contadora","BF18-1-11","BF18-1-11-306","pre_exp","Ophidiidae",1.792113,NA,4.24004922708052,"omnivore_carnivore","demersal","Not cryptobenthic","Yes","No","No",7,13,0.00616923076923077,3.09081538461538,"BF18-1-11_4",0.53618991572389
"383","Pacific","Gulf of Panama","Contadora","BF18-1-11","BF18-1-11-321","pre_exp","Gobiidae",1.08175,NA,2.88422550472541,"omnivore_carnivore","demersal","Cryptobenthic","No","No","Yes",19,37,0.00980621621621622,3.01654054054054,"BF18-1-11_4",0.239440844371211
"384","Pacific","Gulf of Panama","Contadora","BF18-1-11","BF18-1-11-321","pre_exp","Gobiidae",0.849063,NA,2.22941315871095,"omnivore_carnivore","demersal","Cryptobenthic","No","No","Yes",19,37,0.00980621621621622,3.01654054054054,"BF18-1-11_4",0.110111430621329
"385","Pacific","Gulf of Panama","Contadora","BF18-1-11","BF18-1-11-321","pre_exp","Gobiidae",0.8692,NA,2.28567299794552,"omnivore_carnivore","demersal","Cryptobenthic","No","No","Yes",19,37,0.00980621621621622,3.01654054054054,"BF18-1-11_4",0.118708562292931
"386","Pacific","Gulf of Panama","Contadora","BF18-1-11","BF18-1-11-321","pre_exp","Gobiidae",1.0336,NA,2.74792164006159,"omnivore_carnivore","demersal","Cryptobenthic","No","No","Yes",19,37,0.00980621621621622,3.01654054054054,"BF18-1-11_4",0.206907325228806
"387","Pacific","Gulf of Panama","Contadora","BF18-1-11","BF18-1-11-321","pre_exp","Apogonidae",2.752939,NA,4.59074947269341,"planktivore","demersal","Cryptobenthic","No","No","Yes",5,6,0.015875,3.07606666666667,"BF18-1-11_4",1.72469296395711
"388","Pacific","Gulf of Panama","Contadora","BF18-1-11","BF18-1-11-336","pre_exp","Gobiidae",1.547076,NA,4.21929564051776,"omnivore_carnivore","demersal","Cryptobenthic","No","No","Yes",19,37,0.00980621621621622,3.01654054054054,"BF18-1-11_5",0.754333060686449
"389","Pacific","Gulf of Panama","Contadora","BF18-1-11","BF18-1-11-336","pre_exp","Gobiidae",1.222219,NA,3.28400853727883,"omnivore_carnivore","demersal","Cryptobenthic","No","No","Yes",19,37,0.00980621621621622,3.01654054054054,"BF18-1-11_5",0.354205991392526
"390","Pacific","Gulf of Panama","Contadora","BF18-1-11","BF18-1-11-336","pre_exp","Gobiidae",0.859064,NA,2.25734406969991,"omnivore_carnivore","demersal","Cryptobenthic","No","No","Yes",19,37,0.00980621621621622,3.01654054054054,"BF18-1-11_5",0.114325588007029
"391","Pacific","Gulf of Panama","Contadora","BF18-1-11","BF18-1-11-336","pre_exp","Gobiidae",1.508397,NA,4.10722617726306,"omnivore_carnivore","demersal","Cryptobenthic","No","No","Yes",19,37,0.00980621621621622,3.01654054054054,"BF18-1-11_5",0.69549778056059
"392","Pacific","Gulf of Panama","Contadora","BF18-1-11","BF18-1-11-336","pre_exp","Gobiidae",1.200113,NA,3.22089166469386,"omnivore_carnivore","demersal","Cryptobenthic","No","No","Yes",19,37,0.00980621621621622,3.01654054054054,"BF18-1-11_5",0.334065799813534
"393","Pacific","Gulf of Panama","Contadora","BF18-1-11","BF18-1-11-336","pre_exp","Scorpaenidae",1.478162,NA,3.43382749341036,"piscivore","demersal","Not cryptobenthic","Yes","Yes","Yes",9,23,0.01664,3.09669565217391,"BF18-1-11_5",0.759095106060111
"394","Pacific","Gulf of Panama","Contadora","BF18-1-11","BF18-1-11-336","pre_exp","Haemulidae",2.452528,1.668342,5.24195247110789,"omnivore_carnivore","demersal","Not cryptobenthic","Yes","Yes","Yes",26,69,0.0169027536231884,3.01954057971014,"BF18-1-11_5",2.51475690700453
"395","Pacific","Gulf of Panama","Contadora","BF18-1-11","BF18-1-11-336","pre_exp","Apogonidae",2.207035,NA,3.69224228587038,"planktivore","demersal","Cryptobenthic","No","No","Yes",5,6,0.015875,3.07606666666667,"BF18-1-11_5",0.882543627235907
"396","Pacific","Gulf of Panama","Contadora","BF18-1-11","BF18-1-11-336","pre_exp","Apogonidae",2.620087,1.830432,4.37234749826377,"planktivore","demersal","Cryptobenthic","No","No","Yes",5,6,0.015875,3.07606666666667,"BF18-1-11_5",1.48454981649474
"397","Pacific","Gulf of Panama","Contadora","BF18-1-11","BF18-1-11-336","pre_exp","Apogonidae",2.181776,NA,3.6505956320834,"planktivore","demersal","Cryptobenthic","No","No","Yes",5,6,0.015875,3.07606666666667,"BF18-1-11_5",0.852279530266918
"398","Pacific","Gulf of Panama","Contadora","BF18-1-11","BF18-1-11-351","pre_exp","Gobiidae",1.205364,NA,3.2358776705737,"omnivore_carnivore","demersal","Cryptobenthic","No","No","Yes",19,37,0.00980621621621622,3.01654054054054,"BF18-1-11_5",0.338776514192244
"399","Pacific","Gulf of Panama","Contadora","BF18-1-11","BF18-1-11-351","pre_exp","Labridae",1.284586,NA,7.00732859323008,"omnivore_carnivore","demersal","Not cryptobenthic","Yes","Yes","Yes",16,23,0.0229417391304348,3.00832173913043,"BF18-1-11_5",8.02269448608297
"400","Pacific","Gulf of Panama","Contadora","BF18-1-11","BF18-1-11-351","pre_exp","Gobiidae",0.875113,NA,2.30220880409726,"omnivore_carnivore","demersal","Cryptobenthic","No","No","Yes",19,37,0.00980621621621622,3.01654054054054,"BF18-1-11_5",0.121318118201217
"401","Pacific","Gulf of Panama","Contadora","BF18-1-11","BF18-1-11-366","pre_exp","Gobiidae",0.673928,NA,1.74389304688228,"omnivore_carnivore","demersal","Cryptobenthic","No","No","Yes",19,37,0.00980621621621622,3.01654054054054,"BF18-1-11_5",0.0524874980866971
"402","Pacific","Gulf of Panama","Contadora","BF18-1-11","BF18-1-11-366","pre_exp","Gobiidae",0.903226,0.806492,2.38092321093067,"omnivore_carnivore","demersal","Cryptobenthic","No","No","Yes",19,37,0.00980621621621622,3.01654054054054,"BF18-1-11_5",0.13426697474374
"403","Pacific","Gulf of Panama","Contadora","BF18-1-11","BF18-1-11-366","pre_exp","Gobiidae",1.631209,NA,4.46367153646198,"omnivore_carnivore","demersal","Cryptobenthic","No","No","Yes",19,37,0.00980621621621622,3.01654054054054,"BF18-1-11_5",0.893973021517973
"404","Pacific","Gulf of Panama","Contadora","BF18-1-11","BF18-1-11-366","pre_exp","Gobiidae",1.3073,NA,3.52759464425627,"omnivore_carnivore","demersal","Cryptobenthic","No","No","Yes",19,37,0.00980621621621622,3.01654054054054,"BF18-1-11_5",0.439534613548125
"405","Pacific","Gulf of Panama","Contadora","BF18-1-11","BF18-1-11-366","pre_exp","Gobiidae",1.344478,1.175125,3.63435407803541,"omnivore_carnivore","demersal","Cryptobenthic","No","No","Yes",19,37,0.00980621621621622,3.01654054054054,"BF18-1-11_5",0.480897969177224
"406","Pacific","Gulf of Panama","Contadora","BF18-1-11","BF18-1-11-366","pre_exp","Gobiidae",1.118852,NA,2.98951748546027,"omnivore_carnivore","demersal","Cryptobenthic","No","No","Yes",19,37,0.00980621621621622,3.01654054054054,"BF18-1-11_5",0.266791173753017
"407","Pacific","Gulf of Panama","Contadora","BF18-1-11","BF18-1-11-366","pre_exp","Apogonidae",1.102459,NA,1.86303557738608,"planktivore","demersal","Cryptobenthic","No","No","Yes",5,6,0.015875,3.07606666666667,"BF18-1-11_5",0.1076296681856
"408","Pacific","Gulf of Panama","Contadora","BF18-1-11","BF18-1-11-366","pre_exp","Sciaenidae",1.241803,NA,2.0244244641925,"piscivore","pelagic","Not cryptobenthic","No","Yes","No",56,251,0.0099000796812749,3.14183187250996,"BF18-1-11_5",0.090779282736332
"409","Pacific","Gulf of Panama","Contadora","BF18-1-11","BF18-1-11-366","pre_exp","Engraulidae",1.762295,NA,6.09949113159402,"planktivore","pelagic","Not cryptobenthic","Yes","Yes","No",16,60,0.00646266666666667,3.19177016666667,"BF18-1-11_5",2.07438065783113
"410","Pacific","Gulf of Panama","Contadora","BF18-1-11","BF18-1-11-366","pre_exp","Scorpaenidae",1.934426,NA,4.54446160395485,"piscivore","demersal","Not cryptobenthic","Yes","Yes","Yes",9,23,0.01664,3.09669565217391,"BF18-1-11_5",1.8079080162492
"411","Pacific","Gulf of Panama","Contadora","BF18-1-12","BF18-1-12-15","modern","Engraulidae",0.94929,0.677485,3.05853949221891,"planktivore","pelagic","Not cryptobenthic","Yes","Yes","No",16,60,0.00646266666666667,3.19177016666667,"BF18-1-12_1",0.229119024918795
"412","Pacific","Gulf of Panama","Contadora","BF18-1-12","BF18-1-12-20","modern","Engraulidae",1.626016,0.98374,5.57562929049878,"planktivore","pelagic","Not cryptobenthic","Yes","Yes","No",16,60,0.00646266666666667,3.19177016666667,"BF18-1-12_1",1.55743644374194
"413","Pacific","Gulf of Panama","Contadora","BF18-1-12","BF18-1-12-25","modern","Gobiidae",1.942857,1.812245,5.37557700250964,"omnivore_carnivore","demersal","Cryptobenthic","No","No","Yes",19,37,0.00980621621621622,3.01654054054054,"BF18-1-12_1",1.56624014865887
"414","Pacific","Gulf of Panama","Contadora","BF18-1-12","BF18-1-12-25","modern","Gobiidae",1.044898,0.955102,2.7798688461131,"omnivore_carnivore","demersal","Cryptobenthic","No","No","Yes",19,37,0.00980621621621622,3.01654054054054,"BF18-1-12_1",0.214248991386889
"415","Pacific","Gulf of Panama","Contadora","BF18-1-12","BF18-1-12-25","modern","Clupeidae",1.387755,0.759184,6.28610524559677,"planktivore","pelagic","Not cryptobenthic","Yes","Yes","No",8,40,0.00769625,3.11845,"BF18-1-12_1",2.376798784257
"416","Pacific","Gulf of Panama","Contadora","BF18-1-12","BF18-1-12-25","modern","Bregmacerotidae",1.084363,0.907409,5.16706247396526,"planktivore","bathypelagic","Not cryptobenthic","No","No","No",2,6,0.00495666666666667,3.03316666666667,"BF18-1-12_1",0.722065787369031
"417","Pacific","Gulf of Panama","Contadora","BF18-1-12","BF18-1-12-25","modern","Scorpaenidae",3.096633,1.814891,7.41898583615543,"piscivore","demersal","Not cryptobenthic","Yes","Yes","Yes",9,23,0.01664,3.09669565217391,"BF18-1-12_1",8.24793977072073
"418","Pacific","Gulf of Panama","Contadora","BF18-1-12","BF18-1-12-25","modern","Apogonidae",1.657143,1.163265,2.78386556657512,"planktivore","demersal","Cryptobenthic","No","No","Yes",5,6,0.015875,3.07606666666667,"BF18-1-12_1",0.370238367829955
"419","Pacific","Gulf of Panama","Contadora","BF18-1-12","BF18-1-12-30","modern","Apogonidae",1.31654,0.861312,2.21908273922133,"planktivore","demersal","Cryptobenthic","No","No","Yes",5,6,0.015875,3.07606666666667,"BF18-1-12_2",0.184317462936768
"420","Pacific","Gulf of Panama","Contadora","BF18-1-12","BF18-1-12-30","modern","Engraulidae",NA,0.808163,8.64528357185609,"planktivore","pelagic","Not cryptobenthic","Yes","Yes","No",16,60,0.00646266666666667,3.19177016666667,"BF18-1-12_2",6.31532633509758
"421","Pacific","Gulf of Panama","Contadora","BF18-1-12","BF18-1-12-30","modern","Scorpaenidae",2.767347,1.22449,6.59905141605618,"piscivore","demersal","Not cryptobenthic","Yes","Yes","Yes",9,23,0.01664,3.09669565217391,"BF18-1-12_2",5.73902554273059
"422","Pacific","Gulf of Panama","Contadora","BF18-1-12","BF18-1-12-30","modern","Scorpaenidae",1.379592,0.677551,3.19563207998626,"piscivore","demersal","Not cryptobenthic","Yes","Yes","Yes",9,23,0.01664,3.09669565217391,"BF18-1-12_2",0.607592053018009
"423","Pacific","Gulf of Panama","Contadora","BF18-1-12","BF18-1-12-35","modern","Apogonidae",1.020408,0.730612,1.72631618780839,"planktivore","demersal","Cryptobenthic","No","No","Yes",5,6,0.015875,3.07606666666667,"BF18-1-12_2",0.0851357011247101
"424","Pacific","Gulf of Panama","Contadora","BF18-1-12","BF18-1-12-35","modern","Clupeidae",1.126531,0.689796,5.32610758907277,"planktivore","pelagic","Not cryptobenthic","Yes","Yes","No",8,40,0.00769625,3.11845,"BF18-1-12_2",1.41759518246546
"425","Pacific","Gulf of Panama","Contadora","BF18-1-12","BF18-1-12-35","modern","Scorpaenidae",2.808163,1.338776,6.70047321866619,"piscivore","demersal","Not cryptobenthic","Yes","Yes","Yes",9,23,0.01664,3.09669565217391,"BF18-1-12_2",6.01659192853292
"426","Pacific","Gulf of Panama","Contadora","BF18-1-12","BF18-1-12-35","modern","Bythitidae",1.289796,0.718367,2.26216506982967,"omnivore_carnivore","demersal","Cryptobenthic","Yes","No","Yes",1,55,0.0072,3.155,"BF18-1-12_2",0.0945924857325721
"427","Pacific","Gulf of Panama","Contadora","BF18-1-12","BF18-1-12-45","modern","Serranidae",2.963265,1.379592,8.18611529375576,"piscivore","demersal","Not cryptobenthic","No","Yes","Yes",17,33,0.0156015151515152,3.14550303030303,"BF18-1-12_2",11.6213329335324
"428","Pacific","Gulf of Panama","Contadora","BF18-1-12","BF18-1-12-224","pre_exp","Gobiidae",0.848548,0.869321,2.22797542170857,"omnivore_carnivore","demersal","Cryptobenthic","No","No","Yes",19,37,0.00980621621621622,3.01654054054054,"BF18-1-12_3",0.109897364450325
"429","Pacific","Gulf of Panama","Contadora","BF18-1-12","BF18-1-12-224","pre_exp","Gobiidae",0.84898,0.657143,2.22918144202865,"omnivore_carnivore","demersal","Cryptobenthic","No","No","Yes",19,37,0.00980621621621622,3.01654054054054,"BF18-1-12_3",0.110076911256164
"430","Pacific","Gulf of Panama","Contadora","BF18-1-12","BF18-1-12-224","pre_exp","Engraulidae",NA,0.859763,8.98022337130234,"planktivore","pelagic","Not cryptobenthic","Yes","Yes","No",16,60,0.00646266666666667,3.19177016666667,"BF18-1-12_3",7.12992904406427
"431","Pacific","Gulf of Panama","Contadora","BF18-1-12","BF18-1-12-224","pre_exp","Engraulidae",NA,0.938776,9.47844088418333,"planktivore","pelagic","Not cryptobenthic","Yes","Yes","No",16,60,0.00646266666666667,3.19177016666667,"BF18-1-12_3",8.4709374113745
"432","Pacific","Gulf of Panama","Contadora","BF18-1-12","BF18-1-12-224","pre_exp","Haemulidae",NA,1.366195,11.7541365376254,"omnivore_carnivore","demersal","Not cryptobenthic","Yes","Yes","Yes",26,69,0.0169027536231884,3.01954057971014,"BF18-1-12_3",28.8032704429832
"433","Pacific","Gulf of Panama","Contadora","BF18-1-12","BF18-1-12-224","pre_exp","Haemulidae",NA,0.95102,9.16668135586793,"omnivore_carnivore","demersal","Not cryptobenthic","Yes","Yes","Yes",26,69,0.0169027536231884,3.01954057971014,"BF18-1-12_3",13.5955270798255
"434","Pacific","Gulf of Panama","Contadora","BF18-1-12","BF18-1-12-224","pre_exp","Bythitidae",1.877551,0.889796,3.7080217978142,"omnivore_carnivore","demersal","Cryptobenthic","Yes","No","Yes",1,55,0.0072,3.155,"BF18-1-12_3",0.449755398649387
"435","Pacific","Gulf of Panama","Contadora","BF18-1-12","BF18-1-12-229","pre_exp","Gobiidae",0.930612,0.930612,2.45775124763751,"omnivore_carnivore","demersal","Cryptobenthic","No","No","Yes",19,37,0.00980621621621622,3.01654054054054,"BF18-1-12_3",0.147766146855683
"436","Pacific","Gulf of Panama","Contadora","BF18-1-12","BF18-1-12-229","pre_exp","Engraulidae",NA,1.22449,11.1584605378251,"planktivore","pelagic","Not cryptobenthic","Yes","Yes","No",16,60,0.00646266666666667,3.19177016666667,"BF18-1-12_3",14.2601419842788
"437","Pacific","Gulf of Panama","Contadora","BF18-1-12","BF18-1-12-229","pre_exp","Scorpaenidae",1.469388,0.75102,3.41259748242237,"piscivore","demersal","Not cryptobenthic","Yes","Yes","Yes",9,23,0.01664,3.09669565217391,"BF18-1-12_3",0.744655717222724
"438","Pacific","Gulf of Panama","Contadora","BF18-1-12","BF18-1-12-229","pre_exp","Batrachoididae",2.995918,2.628571,5.92627504093941,"omnivore_carnivore","demersal","Not cryptobenthic","No","Yes","Yes",6,9,0.00845777777777778,3.16755555555556,"BF18-1-12_3",2.37184096016348
"439","Pacific","Gulf of Panama","Contadora","BF18-1-12","BF18-1-12-229","pre_exp","Sciaenidae",1.126531,1.028571,1.80928769477751,"piscivore","pelagic","Not cryptobenthic","No","Yes","No",56,251,0.0099000796812749,3.14183187250996,"BF18-1-12_3",0.0637799784014122
"440","Pacific","Gulf of Panama","Contadora","BF18-1-12","BF18-1-12-234","pre_exp","Gobiidae",1.232653,1.04898,3.31382477797531,"omnivore_carnivore","demersal","Cryptobenthic","No","No","Yes",19,37,0.00980621621621622,3.01654054054054,"BF18-1-12_4",0.363996006835538
"441","Pacific","Gulf of Panama","Contadora","BF18-1-12","BF18-1-12-234","pre_exp","Scorpaenidae",0.888261,0.497654,2.02008601974971,"piscivore","demersal","Not cryptobenthic","Yes","Yes","Yes",9,23,0.01664,3.09669565217391,"BF18-1-12_4",0.146821903143761
"442","Pacific","Gulf of Panama","Contadora","BF18-1-12","BF18-1-12-239","pre_exp","Gobiidae",0.840816,0.844898,2.20639647536664,"omnivore_carnivore","demersal","Cryptobenthic","No","No","Yes",19,37,0.00980621621621622,3.01654054054054,"BF18-1-12_4",0.106717794609263
"443","Pacific","Gulf of Panama","Contadora","BF18-1-12","BF18-1-12-239","pre_exp","Gobiidae",1.289796,1.142857,3.47739669750615,"omnivore_carnivore","demersal","Cryptobenthic","No","No","Yes",19,37,0.00980621621621622,3.01654054054054,"BF18-1-12_4",0.420936721685744
"444","Pacific","Gulf of Panama","Contadora","BF18-1-12","BF18-1-12-239","pre_exp","Gobiidae",1.061507,1.016327,2.82687350882703,"omnivore_carnivore","demersal","Cryptobenthic","No","No","Yes",19,37,0.00980621621621622,3.01654054054054,"BF18-1-12_4",0.225364467947188
"445","Pacific","Gulf of Panama","Contadora","BF18-1-12","BF18-1-12-239","pre_exp","Gobiidae",1.020408,0.95102,2.71064674788188,"omnivore_carnivore","demersal","Cryptobenthic","No","No","Yes",19,37,0.00980621621621622,3.01654054054054,"BF18-1-12_4",0.198556220150585
"446","Pacific","Gulf of Panama","Contadora","BF18-1-12","BF18-1-12-239","pre_exp","Gobiidae",0.783557,0.826468,2.04699236441228,"omnivore_carnivore","demersal","Cryptobenthic","No","No","Yes",19,37,0.00980621621621622,3.01654054054054,"BF18-1-12_4",0.0851130518942047
"447","Pacific","Gulf of Panama","Contadora","BF18-1-12","BF18-1-12-239","pre_exp","Apogonidae",NA,1.338776,4.29699061208633,"planktivore","demersal","Cryptobenthic","No","No","Yes",5,6,0.015875,3.07606666666667,"BF18-1-12_4",1.40724480553516
"448","Pacific","Gulf of Panama","Contadora","BF18-1-12","BF18-1-12-239","pre_exp","Apogonidae",1.102041,0.840816,1.86233945926853,"planktivore","demersal","Cryptobenthic","No","No","Yes",5,6,0.015875,3.07606666666667,"BF18-1-12_4",0.107506010510004
"449","Pacific","Gulf of Panama","Contadora","BF18-1-12","BF18-1-12-239","pre_exp","Apogonidae",1.198375,0.849107,2.02267120071196,"planktivore","demersal","Cryptobenthic","No","No","Yes",5,6,0.015875,3.07606666666667,"BF18-1-12_4",0.138599072448584
"450","Pacific","Gulf of Panama","Contadora","BF18-1-13","BF18-1-13-20","modern","Gobiidae",2.263713,2.019117,6.3241664658501,"omnivore_carnivore","demersal","Cryptobenthic","No","No","Yes",19,37,0.00980621621621622,3.01654054054054,"BF18-1-11_1",2.5571745359811
"451","Pacific","Gulf of Panama","Contadora","BF18-1-13","BF18-1-13-20","modern","Gobiidae",1.310325,1.104819,3.53627405916412,"omnivore_carnivore","demersal","Cryptobenthic","No","No","Yes",19,37,0.00980621621621622,3.01654054054054,"BF18-1-11_1",0.442804939006923
"452","Pacific","Gulf of Panama","Contadora","BF18-1-13","BF18-1-13-170","pre_exp","Gobiidae",1.085714,1.028571,2.89546420581296,"omnivore_carnivore","demersal","Cryptobenthic","No","No","Yes",19,37,0.00980621621621622,3.01654054054054,"BF18-1-13_2",0.242266371503768
"453","Pacific","Gulf of Panama","Contadora","BF18-1-13","BF18-1-13-170","pre_exp","Apogonidae",2.318367,1.730612,3.87572336408908,"planktivore","demersal","Cryptobenthic","No","No","Yes",5,6,0.015875,3.07606666666667,"BF18-1-13_2",1.02453330587772
"454","Pacific","Gulf of Panama","Contadora","BF18-1-13","BF18-1-13-170","pre_exp","Haemulidae",1.677551,1.163265,3.46976344666786,"omnivore_carnivore","demersal","Not cryptobenthic","Yes","Yes","Yes",26,69,0.0169027536231884,3.01954057971014,"BF18-1-13_2",0.723460520170486
"455","Pacific","Gulf of Panama","Contadora","BF18-1-13","BF18-1-13-170","pre_exp","Ophidiidae",2.126527,1.110744,5.2067245550054,"omnivore_carnivore","demersal","Not cryptobenthic","Yes","No","No",7,13,0.00616923076923077,3.09081538461538,"BF18-1-13_2",1.01157925866842
"456","Pacific","Gulf of Panama","Contadora","BF18-1-13","BF18-1-13-170","pre_exp","Engraulidae",0.922449,0.644226,2.9622090204901,"planktivore","pelagic","Not cryptobenthic","Yes","Yes","No",16,60,0.00646266666666667,3.19177016666667,"BF18-1-13_2",0.206871506959754
"457","Pacific","Gulf of Panama","Contadora","BF18-1-13","BF18-1-13-170","pre_exp","Scorpaenidae",1.526531,0.767347,3.55095714560404,"piscivore","demersal","Not cryptobenthic","Yes","Yes","Yes",9,23,0.01664,3.09669565217391,"BF18-1-13_2",0.842181361272407
"458","Pacific","Gulf of Panama","Contadora","BF18-1-13","BF18-1-13-200","pre_exp","Gobiidae",0.926917,0.85043,2.44737694210353,"omnivore_carnivore","demersal","Cryptobenthic","No","No","Yes",19,37,0.00980621621621622,3.01654054054054,"BF18-1-13_2",0.145892638680654
"459","Pacific","Gulf of Panama","Contadora","BF18-1-13","BF18-1-13-200","pre_exp","Apogonidae",1.922878,1.331044,3.22330926312956,"planktivore","demersal","Cryptobenthic","No","No","Yes",5,6,0.015875,3.07606666666667,"BF18-1-13_2",0.581144992146363
"460","Pacific","Gulf of Panama","Contadora","BF18-1-13","BF18-1-13-200","pre_exp","Ophidiidae",1.874532,0.998625,4.4751848673656,"omnivore_carnivore","demersal","Not cryptobenthic","Yes","No","No",7,13,0.00616923076923077,3.09081538461538,"BF18-1-13_2",0.633530615254628
"461","Pacific","Gulf of Panama","Contadora","BF18-1-13","BF18-1-13-200","pre_exp","Ophidiidae",1.918367,0.995918,4.60109546522209,"omnivore_carnivore","demersal","Not cryptobenthic","Yes","No","No",7,13,0.00616923076923077,3.09081538461538,"BF18-1-13_2",0.690260064358087
"462","Pacific","Gulf of Panama","Contadora","BF18-1-13","BF18-1-13-200","pre_exp","Labridae",NA,1.180065,10.8383995449608,"omnivore_carnivore","demersal","Not cryptobenthic","Yes","Yes","Yes",16,23,0.0229417391304348,3.00832173913043,"BF18-1-13_2",29.7943913096316
"463","Pacific","Gulf of Panama","Contadora","BF18-1-13","BF18-1-13-215","pre_exp","Gobiidae",0.910204,0.902041,2.40048531877021,"omnivore_carnivore","demersal","Cryptobenthic","No","No","Yes",19,37,0.00980621621621622,3.01654054054054,"BF18-1-13_3",0.137622353095789
"464","Pacific","Gulf of Panama","Contadora","BF18-1-13","BF18-1-13-215","pre_exp","Gobiidae",0.729252,0.653061,1.89649071356848,"omnivore_carnivore","demersal","Cryptobenthic","No","No","Yes",19,37,0.00980621621621622,3.01654054054054,"BF18-1-13_3",0.0676006826006315
"465","Pacific","Gulf of Panama","Contadora","BF18-1-13","BF18-1-13-230","pre_exp","Gobiidae",0.636735,0.681633,1.64174606722735,"omnivore_carnivore","demersal","Cryptobenthic","No","No","Yes",19,37,0.00980621621621622,3.01654054054054,"BF18-1-13_3",0.0437502658069927
"466","Pacific","Gulf of Panama","Contadora","BF18-1-13","BF18-1-13-230","pre_exp","Scorpaenidae",1.287585,0.633298,2.97393544356106,"piscivore","demersal","Not cryptobenthic","Yes","Yes","Yes",9,23,0.01664,3.09669565217391,"BF18-1-13_3",0.486314293421511
"467","Pacific","Gulf of Panama","Contadora","BF18-1-13","BF18-1-13-230","pre_exp","Clupeidae",2.008163,1.24898,8.4316569385859,"planktivore","pelagic","Not cryptobenthic","Yes","Yes","No",8,40,0.00769625,3.11845,"BF18-1-13_3",5.93871298814177
"468","Pacific","Gulf of Panama","Contadora","BF18-1-13","BF18-1-13-230","pre_exp","Batrachoididae",2.391837,2.457143,4.2318838807686,"omnivore_carnivore","demersal","Not cryptobenthic","No","Yes","Yes",6,9,0.00845777777777778,3.16755555555556,"BF18-1-13_3",0.816275397451089
"469","Pacific","Gulf of Panama","Contadora","BF18-1-13","BF18-1-13-230","pre_exp","Carangidae",2.938776,1.689796,11.4109870409586,"piscivore","demersal","Not cryptobenthic","No","Yes","Yes",45,155,0.020702,2.90060774193548,"BF18-1-13_3",24.1486134169997
"470","Pacific","Gulf of Panama","Contadora","BF18-1-13","BF18-1-13-245","pre_exp","Gobiidae",1.673469,1.306122,4.58672526650957,"omnivore_carnivore","demersal","Cryptobenthic","No","No","Yes",19,37,0.00980621621621622,3.01654054054054,"BF18-1-13_3",0.970401056428253
"471","Pacific","Gulf of Panama","Contadora","BF18-1-13","BF18-1-13-245","pre_exp","Apogonidae",1.34161,0.973211,2.26071987606599,"planktivore","demersal","Cryptobenthic","No","No","Yes",5,6,0.015875,3.07606666666667,"BF18-1-13_3",0.195164292451989
"472","Pacific","Gulf of Panama","Contadora","BF18-1-13","BF18-1-13-245","pre_exp","Apogonidae",1.177323,0.830018,1.9876502125169,"planktivore","demersal","Cryptobenthic","No","No","Yes",5,6,0.015875,3.07606666666667,"BF18-1-13_3",0.13134917175696
"473","Pacific","Gulf of Panama","Contadora","BF18-1-13","BF18-1-13-245","pre_exp","Gerreidae",1.493878,1.020408,4.14120025295096,"omnivore_carnivore","demersal","Not cryptobenthic","Yes","Yes","No",20,105,0.0147402857142857,3.05094761904762,"BF18-1-13_3",1.12544871436359
"474","Pacific","Gulf of Panama","Contadora","BF18-1-13","BF18-1-13-260","pre_exp","Gobiidae",1.673469,1.142857,4.58672526650957,"omnivore_carnivore","demersal","Cryptobenthic","No","No","Yes",19,37,0.00980621621621622,3.01654054054054,"BF18-1-13_4",0.970401056428253
"475","Pacific","Gulf of Panama","Contadora","BF18-1-13","BF18-1-13-260","pre_exp","Scorpaenidae",1.32971,0.977208,3.07535899012322,"piscivore","demersal","Not cryptobenthic","Yes","Yes","Yes",9,23,0.01664,3.09669565217391,"BF18-1-13_4",0.539533210680086
"476","Pacific","Gulf of Panama","Contadora","BF18-1-13","BF18-1-13-275","pre_exp","Gobiidae",0.861021,0.885404,2.26281201588564,"omnivore_carnivore","demersal","Cryptobenthic","No","No","Yes",19,37,0.00980621621621622,3.01654054054054,"BF18-1-13_4",0.11516300032526
"477","Pacific","Gulf of Panama","Contadora","BF18-1-13","BF18-1-13-275","pre_exp","Gobiidae",1.235326,1.049667,3.32146572741316,"omnivore_carnivore","demersal","Cryptobenthic","No","No","Yes",19,37,0.00980621621621622,3.01654054054054,"BF18-1-13_4",0.366533663450842
"478","Pacific","Gulf of Panama","Contadora","BF18-1-13","BF18-1-13-275","pre_exp","Gobiidae",1.363265,1.155102,3.68837374268926,"omnivore_carnivore","demersal","Cryptobenthic","No","No","Yes",19,37,0.00980621621621622,3.01654054054054,"BF18-1-13_4",0.502784621573564
"479","Pacific","Gulf of Panama","Contadora","BF18-1-13","BF18-1-13-275","pre_exp","Gobiidae",1.322449,1.097959,3.57107326986653,"omnivore_carnivore","demersal","Cryptobenthic","No","No","Yes",19,37,0.00980621621621622,3.01654054054054,"BF18-1-13_4",0.456080325495892
"480","Pacific","Gulf of Panama","Contadora","BF18-1-13","BF18-1-13-275","pre_exp","Gobiidae",1.02449,0.938776,2.72217747877119,"omnivore_carnivore","demersal","Cryptobenthic","No","No","Yes",19,37,0.00980621621621622,3.01654054054054,"BF18-1-13_4",0.201115029775305
"481","Pacific","Gulf of Panama","Contadora","BF18-1-13","BF18-1-13-275","pre_exp","Apogonidae",2,1.346939,3.35067437223231,"planktivore","demersal","Cryptobenthic","No","No","Yes",5,6,0.015875,3.07606666666667,"BF18-1-13_4",0.654719782849802
"482","Pacific","Gulf of Panama","Contadora","BF18-1-13","BF18-1-13-275","pre_exp","Apogonidae",1.363265,1.036735,2.29667615857841,"planktivore","demersal","Cryptobenthic","No","No","Yes",5,6,0.015875,3.07606666666667,"BF18-1-13_4",0.204871088762685
"483","Pacific","Gulf of Panama","Contadora","BF18-1-13","BF18-1-13-275","pre_exp","Apogonidae",3.105616,1.956256,5.16980896971545,"planktivore","demersal","Cryptobenthic","No","No","Yes",5,6,0.015875,3.07606666666667,"BF18-1-13_4",2.48547184426242
"484","Pacific","Gulf of Panama","Contadora","BF18-1-13","BF18-1-13-275","pre_exp","Apogonidae",1.681633,1.17653,2.82440497817302,"planktivore","demersal","Cryptobenthic","No","No","Yes",5,6,0.015875,3.07606666666667,"BF18-1-13_4",0.387075024747282
"485","Pacific","Gulf of Panama","Isla Iguana","JC22-2-1","JC22-2-1-45","modern","Cynoglossidae",0.737271,0.725051,3.80277881799609,"omnivore_carnivore","demersal","Not cryptobenthic",NA,NA,NA,NA,NA,NA,NA,"JC22-2-1_1",NA
"486","Pacific","Gulf of Panama","Isla Iguana","JC22-2-1","JC22-2-1-45","modern","Apogonidae",NA,2.647658,7.28445622199944,"planktivore","demersal","Cryptobenthic","No","No","Yes",5,6,0.015875,3.07606666666667,"JC22-2-1_1",7.13682129886657
"487","Pacific","Gulf of Panama","Isla Iguana","JC22-2-1","JC22-2-1-45","modern","Mullidae",NA,0.85947,5.20743456553403,"omnivore_carnivore","demersal","Not cryptobenthic","Yes","Yes","Yes",5,18,0.0115783333333333,3.18735555555556,"JC22-2-1_1",2.22731153974091
"488","Pacific","Gulf of Panama","Isla Iguana","JC22-2-1","JC22-2-1-45","modern","Synodontidae",3.07943,1.515275,11.8428925409027,"piscivore","demersal","Not cryptobenthic","No","No","No",12,33,0.00710333333333333,3.07133636363636,"JC22-2-1_1",14.0738246605484
"489","Pacific","Gulf of Panama","Isla Iguana","JC22-2-1","JC22-2-1-45","modern","Ophidiidae",NA,1.303462,3.16643344226418,"omnivore_carnivore","demersal","Not cryptobenthic","Yes","No","No",7,13,0.00616923076923077,3.09081538461538,"JC22-2-1_1",0.217471123001776
"490","Pacific","Gulf of Panama","Isla Iguana","JC22-2-1","JC22-2-1-45","modern","Ophidiidae",NA,1.287169,3.09932677304174,"omnivore_carnivore","demersal","Not cryptobenthic","Yes","No","No",7,13,0.00616923076923077,3.09081538461538,"JC22-2-1_1",0.203539055332017
"491","Pacific","Gulf of Panama","Isla Iguana","JC22-2-1","JC22-2-1-50","modern","Congridae",2.88391,2.574338,11.2413670097981,"omnivore_carnivore","demersal","Not cryptobenthic","No","No","Yes",2,3,0.00115666666666667,3.09036666666667,"JC22-2-1_1",2.0446765807495
"492","Pacific","Gulf of Panama","Isla Iguana","JC22-2-1","JC22-2-1-50","modern","Apogonidae",1.812627,1.221996,3.04110273906718,"planktivore","demersal","Cryptobenthic","No","No","Yes",5,6,0.015875,3.07606666666667,"JC22-2-1_1",0.485902995242675
"493","Pacific","Gulf of Panama","Isla Iguana","JC22-2-1","JC22-2-1-50","modern","Scorpaenidae",1.217923,0.619145,2.80651731098188,"piscivore","demersal","Not cryptobenthic","Yes","Yes","Yes",9,23,0.01664,3.09669565217391,"JC22-2-1_1",0.406436187129336
"494","Pacific","Gulf of Panama","Isla Iguana","JC22-2-1","JC22-2-1-160","pre_exp","Gobiidae",1.564155,1.340122,4.26883743106314,"omnivore_carnivore","demersal","Cryptobenthic","No","No","Yes",19,37,0.00980621621621622,3.01654054054054,"JC22-2-1_2",0.781368635573731
"495","Pacific","Gulf of Panama","Isla Iguana","JC22-2-1","JC22-2-1-160","pre_exp","Lutjanidae",2.183299,1.291242,5.44517788676616,"piscivore","demersal","Not cryptobenthic","No","Yes","Yes",21,63,0.0238565079365079,2.93352,"JC22-2-1_2",3.4412245045903
"496","Pacific","Gulf of Panama","Isla Iguana","JC22-2-1","JC22-2-1-160","pre_exp","Labridae",1.160896,0.852682,6.41142931232885,"omnivore_carnivore","demersal","Not cryptobenthic","Yes","Yes","Yes",16,23,0.0229417391304348,3.00832173913043,"JC22-2-1_2",6.14053456283477
"497","Pacific","Gulf of Panama","Isla Iguana","JC22-2-1","JC22-2-1-160","pre_exp","Ophidiidae",2.521385,1.319756,6.38783203519979,"omnivore_carnivore","demersal","Not cryptobenthic","Yes","No","No",7,13,0.00616923076923077,3.09081538461538,"JC22-2-1_2",1.90296134683482
"498","Pacific","Gulf of Panama","Isla Iguana","JC22-2-1","JC22-2-1-165","pre_exp","Apogonidae",2.170189,1.502166,3.63148882527517,"planktivore","demersal","Cryptobenthic","No","No","Yes",5,6,0.015875,3.07606666666667,"JC22-2-1_2",0.8386324198809
"499","Pacific","Gulf of Panama","Isla Iguana","JC22-2-1","JC22-2-1-165","pre_exp","Labridae",1.04277,0.735913,5.83504555936793,"omnivore_carnivore","demersal","Not cryptobenthic","Yes","Yes","Yes",16,23,0.0229417391304348,3.00832173913043,"JC22-2-1_2",4.62523615138816
"500","Pacific","Gulf of Panama","Isla Iguana","JC22-2-1","JC22-2-1-165","pre_exp","Sciaenidae",1.873727,NA,3.25338720180376,"piscivore","pelagic","Not cryptobenthic","No","Yes","No",56,251,0.0099000796812749,3.14183187250996,"JC22-2-1_2",0.403005980590653
"501","Pacific","Gulf of Panama","Isla Iguana","JC22-2-1","JC22-2-1-165","pre_exp","Bregmacerotidae",1.384929,1.323829,6.27593079414493,"planktivore","bathypelagic","Not cryptobenthic","No","No","No",2,6,0.00495666666666667,3.03316666666667,"JC22-2-1_2",1.30220835259202
"502","Pacific","Gulf of Panama","Isla Iguana","JC22-2-1","JC22-2-1-165","pre_exp","Ophidiidae",2.004073,0.977597,4.84893514375342,"omnivore_carnivore","demersal","Not cryptobenthic","Yes","No","No",7,13,0.00616923076923077,3.09081538461538,"JC22-2-1_2",0.81177819414766
"503","Pacific","Gulf of Panama","Isla Iguana","JC22-2-1","JC22-2-1-165","pre_exp","Ophidiidae",1.86558,0.875764,4.44954337618131,"omnivore_carnivore","demersal","Not cryptobenthic","Yes","No","No",7,13,0.00616923076923077,3.09081538461538,"JC22-2-1_2",0.622378192393114
"504","Pacific","Gulf of Panama","Isla Iguana","JC22-2-1","JC22-2-1-170","pre_exp","Gobiidae",1.556008,1.466395,4.24520078741405,"omnivore_carnivore","demersal","Cryptobenthic","No","No","Yes",19,37,0.00980621621621622,3.01654054054054,"JC22-2-1_3",0.768390433605265
"505","Pacific","Gulf of Panama","Isla Iguana","JC22-2-1","JC22-2-1-170","pre_exp","Labridae",1.670061,0.863544,8.82260561666259,"omnivore_carnivore","demersal","Not cryptobenthic","Yes","Yes","Yes",16,23,0.0229417391304348,3.00832173913043,"JC22-2-1_3",16.0430133814146
"506","Pacific","Gulf of Panama","Isla Iguana","JC22-2-1","JC22-2-1-170","pre_exp","Ophidiidae",2.615071,1.547862,6.67378864240847,"omnivore_carnivore","demersal","Not cryptobenthic","Yes","No","No",7,13,0.00616923076923077,3.09081538461538,"JC22-2-1_3",2.17878342380565
"507","Pacific","Gulf of Panama","Isla Iguana","JC22-2-1","JC22-2-1-170","pre_exp","Apogonidae",NA,1.189409,3.92100306684045,"planktivore","demersal","Cryptobenthic","No","No","Yes",5,6,0.015875,3.07606666666667,"JC22-2-1_3",1.06180074462071
"508","Pacific","Gulf of Panama","Isla Iguana","JC22-2-1","JC22-2-1-170","pre_exp","Apogonidae",1.564155,1.046843,2.62985791085566,"planktivore","demersal","Cryptobenthic","No","No","Yes",5,6,0.015875,3.07606666666667,"JC22-2-1_3",0.310780267870161
"509","Pacific","Gulf of Panama","Isla Iguana","JC22-2-1","JC22-2-1-175","pre_exp","Muraenidae",NA,0.924644,39.128701912512,"piscivore","demersal","Not cryptobenthic","No","Yes","Yes",25,48,0.00117541666666667,3.2211625,"JC22-2-1_3",158.444963501438
"510","Pacific","Gulf of Panama","Isla Iguana","JC22-2-1","JC22-2-1-175","pre_exp","Ophidiidae",2.03666,1.087576,4.94373206833615,"omnivore_carnivore","demersal","Not cryptobenthic","Yes","No","No",7,13,0.00616923076923077,3.09081538461538,"JC22-2-1_3",0.861840021690343
"511","Pacific","Gulf of Panama","Isla Iguana","JC22-2-1","JC22-2-1-175","pre_exp","Scaridae",1.433809,0.953157,9.64430095007731,"herbivore","demersal","Not cryptobenthic","Yes","Yes","Yes",12,22,0.0161404545454545,3.07098636363636,"JC22-2-1_3",17.0058296728997
"512","Pacific","Gulf of Panama","Isla Iguana","JC22-2-1","JC22-2-1-175","pre_exp","Apogonidae",1.287169,0.906993,2.17028768427525,"planktivore","demersal","Cryptobenthic","No","No","Yes",5,6,0.015875,3.07606666666667,"JC22-2-1_3",0.172132708133532
"513","Pacific","Gulf of Panama","Isla Iguana","JC22-2-1","JC22-2-1-175","pre_exp","Apogonidae",3.494908,2.264766,5.80788038613915,"planktivore","demersal","Cryptobenthic","No","No","Yes",5,6,0.015875,3.07606666666667,"JC22-2-1_3",3.55535524536284
"514","Pacific","Gulf of Panama","Isla Iguana","JC22-2-1","JC22-2-1-175","pre_exp","Scorpaenidae",2.240326,1.201629,5.29543226141794,"piscivore","demersal","Not cryptobenthic","Yes","Yes","Yes",9,23,0.01664,3.09669565217391,"JC22-2-1_3",2.90305786500871
"515","Pacific","Gulf of Panama","Isla Iguana","JC22-2-1","JC22-2-1-180","pre_exp","Gobiidae",1.767821,1.629328,4.86216484388527,"omnivore_carnivore","demersal","Cryptobenthic","No","No","Yes",19,37,0.00980621621621622,3.01654054054054,"JC22-2-1_4",1.15704709239914
"516","Pacific","Gulf of Panama","Isla Iguana","JC22-2-1","JC22-2-1-180","pre_exp","Gobiidae",1.063136,0.85947,2.83148621262353,"omnivore_carnivore","demersal","Cryptobenthic","No","No","Yes",19,37,0.00980621621621622,3.01654054054054,"JC22-2-1_4",0.226475580675652
"517","Pacific","Gulf of Panama","Isla Iguana","JC22-2-1","JC22-2-1-180","pre_exp","Labridae",1.05499,0.776646,5.89502779686497,"omnivore_carnivore","demersal","Not cryptobenthic","Yes","Yes","Yes",16,23,0.0229417391304348,3.00832173913043,"JC22-2-1_4",4.76975081868603
"518","Pacific","Gulf of Panama","Isla Iguana","JC22-2-1","JC22-2-1-180","pre_exp","Labridae",1.026477,0.696538,5.7549369918799,"omnivore_carnivore","demersal","Not cryptobenthic","Yes","Yes","Yes",16,23,0.0229417391304348,3.00832173913043,"JC22-2-1_4",4.43683129784571
"519","Pacific","Gulf of Panama","Isla Iguana","JC22-2-1","JC22-2-1-180","pre_exp","Labridae",1.173116,0.71962,6.47063451600736,"omnivore_carnivore","demersal","Not cryptobenthic","Yes","Yes","Yes",16,23,0.0229417391304348,3.00832173913043,"JC22-2-1_4",6.3127041400666
"520","Pacific","Gulf of Panama","Isla Iguana","JC22-2-1","JC22-2-1-180","pre_exp","Ophidiidae",2.207739,1.169043,5.4463146948438,"omnivore_carnivore","demersal","Not cryptobenthic","Yes","No","No",7,13,0.00616923076923077,3.09081538461538,"JC22-2-1_4",1.16248849679551
"521","Pacific","Gulf of Panama","Isla Iguana","JC22-2-1","JC22-2-1-180","pre_exp","Ophidiidae",2.264766,1.527495,5.6156172345219,"omnivore_carnivore","demersal","Not cryptobenthic","Yes","No","No",7,13,0.00616923076923077,3.09081538461538,"JC22-2-1_4",1.27785133996021
"522","Pacific","Gulf of Panama","Isla Iguana","JC22-2-1","JC22-2-1-180","pre_exp","Engraulidae",NA,1.11609,10.5409931496,"planktivore","pelagic","Not cryptobenthic","Yes","Yes","No",16,60,0.00646266666666667,3.19177016666667,"JC22-2-1_4",11.8908940997739
"523","Pacific","Gulf of Panama","Isla Iguana","JC22-2-1","JC22-2-1-180","pre_exp","Scorpaenidae",2.940937,1.686354,7.03081843034967,"piscivore","demersal","Not cryptobenthic","Yes","Yes","Yes",9,23,0.01664,3.09669565217391,"JC22-2-1_4",6.98349386030474
"524","Pacific","Gulf of Panama","Isla Iguana","JC22-2-1","JC22-2-1-185","pre_exp","Bregmacerotidae",1.360489,1.349627,6.18776040345655,"planktivore","bathypelagic","Not cryptobenthic","No","No","No",2,6,0.00495666666666667,3.03316666666667,"JC22-2-1_4",1.24750618716521
"525","Pacific","Gulf of Panama","Isla Iguana","JC22-2-1","JC22-2-1-185","pre_exp","Engraulidae",NA,1.462322,12.4436217979721,"planktivore","pelagic","Not cryptobenthic","Yes","Yes","No",16,60,0.00646266666666667,3.19177016666667,"JC22-2-1_4",20.194369403964
"526","Pacific","Gulf of Panama","Isla Iguana","JC22-2-1","JC22-2-1-185","pre_exp","Apogonidae",2.655804,1.653768,4.43107991839626,"planktivore","demersal","Cryptobenthic","No","No","Yes",5,6,0.015875,3.07606666666667,"JC22-2-1_4",1.54675066659301
"527","Pacific","Gulf of Panama","Isla Iguana","JC22-2-1","JC22-2-1-185","pre_exp","Apogonidae",2.39885,1.638042,4.00828360175645,"planktivore","demersal","Cryptobenthic","No","No","Yes",5,6,0.015875,3.07606666666667,"JC22-2-1_4",1.13619820473035
"528","Pacific","Gulf of Panama","Isla Iguana","JC22-2-1","JC22-2-1-190","pre_exp","Engraulidae",1.678208,0.973523,5.77567932549478,"planktivore","pelagic","Not cryptobenthic","Yes","Yes","No",16,60,0.00646266666666667,3.19177016666667,"JC22-2-1_5",1.74290502532802
"529","Pacific","Gulf of Panama","Isla Iguana","JC22-2-1","JC22-2-1-190","pre_exp","Ophidiidae",2.272912,1.177189,5.63987149626633,"omnivore_carnivore","demersal","Not cryptobenthic","Yes","No","No",7,13,0.00616923076923077,3.09081538461538,"JC22-2-1_5",1.29498710644189
"530","Pacific","Gulf of Panama","Isla Iguana","JC22-2-1","JC22-2-1-190","pre_exp","Ophidiidae",2.435845,1.246436,6.12859051138684,"omnivore_carnivore","demersal","Not cryptobenthic","Yes","No","No",7,13,0.00616923076923077,3.09081538461538,"JC22-2-1_5",1.67423834932792
"531","Pacific","Gulf of Panama","Isla Iguana","JC22-2-1","JC22-2-1-190","pre_exp","Ophidiidae",2.826884,1.596741,7.32780973640696,"omnivore_carnivore","demersal","Not cryptobenthic","Yes","No","No",7,13,0.00616923076923077,3.09081538461538,"JC22-2-1_5",2.90875091432013
"532","Pacific","Gulf of Panama","Isla Iguana","JC22-2-1","JC22-2-1-190","pre_exp","Ophidiidae",1.727088,0.936864,4.05605596253537,"omnivore_carnivore","demersal","Not cryptobenthic","Yes","No","No",7,13,0.00616923076923077,3.09081538461538,"JC22-2-1_5",0.467485370265386
"533","Pacific","Gulf of Panama","Isla Iguana","JC22-2-1","JC22-2-1-190","pre_exp","Apogonidae",NA,2.468432,6.89977674851551,"planktivore","demersal","Cryptobenthic","No","No","Yes",5,6,0.015875,3.07606666666667,"JC22-2-1_5",6.0398511484722
"534","Pacific","Gulf of Panama","Isla Iguana","JC22-2-1","JC22-2-1-190","pre_exp","Apogonidae",3.35425,2.074948,5.57745953662547,"planktivore","demersal","Cryptobenthic","No","No","Yes",5,6,0.015875,3.07606666666667,"JC22-2-1_5",3.13907686135808
"535","Pacific","Gulf of Panama","Isla Iguana","JC22-2-1","JC22-2-1-195","pre_exp","Gobiidae",2.338086,1.751527,6.5453096178988,"omnivore_carnivore","demersal","Cryptobenthic","No","No","Yes",19,37,0.00980621621621622,3.01654054054054,"JC22-2-1_5",2.83653388927261
"536","Pacific","Gulf of Panama","Isla Iguana","JC22-2-1","JC22-2-1-195","pre_exp","Gobiidae",0.741344,0.7685,1.92994313801476,"omnivore_carnivore","demersal","Cryptobenthic","No","No","Yes",19,37,0.00980621621621622,3.01654054054054,"JC22-2-1_5",0.0712620097076845
"537","Pacific","Gulf of Panama","Isla Iguana","JC22-2-1","JC22-2-1-195","pre_exp","Paralichthyidae",1.947047,1.596741,8.22709738395556,"omnivore_carnivore","demersal","Not cryptobenthic","No","Yes","No",4,4,0.007525,3.25305,"JC22-2-1_5",7.14248900053163
"538","Pacific","Gulf of Panama","Isla Iguana","JC22-2-1","JC22-2-1-195","pre_exp","Engraulidae",2.09774,1.235418,7.40842430143074,"planktivore","pelagic","Not cryptobenthic","Yes","Yes","No",16,60,0.00646266666666667,3.19177016666667,"JC22-2-1_5",3.85812922650717
"539","Pacific","Gulf of Panama","Isla Iguana","JC22-2-1","JC22-2-1-195","pre_exp","Engraulidae",1.98778,1.197556,6.97647225375207,"planktivore","pelagic","Not cryptobenthic","Yes","Yes","No",16,60,0.00646266666666667,3.19177016666667,"JC22-2-1_5",3.18495691682499
"540","Pacific","Gulf of Panama","Isla Iguana","JC22-2-1","JC22-2-1-195","pre_exp","Engraulidae",1.230143,0.818737,4.08412738342433,"planktivore","pelagic","Not cryptobenthic","Yes","Yes","No",16,60,0.00646266666666667,3.19177016666667,"JC22-2-1_5",0.576633944961534
"541","Pacific","Gulf of Panama","Isla Iguana","JC22-2-1","JC22-2-1-195","pre_exp","Engraulidae",1.96334,1.169043,6.88083533612241,"planktivore","pelagic","Not cryptobenthic","Yes","Yes","No",16,60,0.00646266666666667,3.19177016666667,"JC22-2-1_5",3.04768331201023
"542","Pacific","Gulf of Panama","Isla Iguana","JC22-2-1","JC22-2-1-195","pre_exp","Engraulidae",NA,0.749491,8.25423728153539,"planktivore","pelagic","Not cryptobenthic","Yes","Yes","No",16,60,0.00646266666666667,3.19177016666667,"JC22-2-1_5",5.44795981307226
"543","Pacific","Gulf of Panama","Isla Iguana","JC22-2-1","JC22-2-1-195","pre_exp","Engraulidae",1.099796,0.757637,3.60433633839677,"planktivore","pelagic","Not cryptobenthic","Yes","Yes","No",16,60,0.00646266666666667,3.19177016666667,"JC22-2-1_5",0.386963649226446
"544","Pacific","Gulf of Panama","Isla Iguana","JC22-2-1","JC22-2-1-195","pre_exp","Ophidiidae",2.835031,1.466395,7.35316699890028,"omnivore_carnivore","demersal","Not cryptobenthic","Yes","No","No",7,13,0.00616923076923077,3.09081538461538,"JC22-2-1_5",2.93997415627174
"545","Pacific","Gulf of Panama","Isla Iguana","JC22-2-1","JC22-2-1-195","pre_exp","Ophidiidae",2.175153,1.262729,5.34996418274975,"omnivore_carnivore","demersal","Not cryptobenthic","Yes","No","No",7,13,0.00616923076923077,3.09081538461538,"JC22-2-1_5",1.10009224773767
"546","Pacific","Gulf of Panama","Isla Iguana","JC22-2-1","JC22-2-1-195","pre_exp","Ophidiidae",2.232179,1.238289,5.51876652296899,"omnivore_carnivore","demersal","Not cryptobenthic","Yes","No","No",7,13,0.00616923076923077,3.09081538461538,"JC22-2-1_5",1.21095428416573
"547","Pacific","Gulf of Panama","Isla Iguana","JC22-2-1","JC22-2-1-195","pre_exp","Ophidiidae",2.342159,1.181263,5.84674918902333,"omnivore_carnivore","demersal","Not cryptobenthic","Yes","No","No",7,13,0.00616923076923077,3.09081538461538,"JC22-2-1_5",1.44751155838541
"548","Pacific","Gulf of Panama","Isla Iguana","JC22-2-1","JC22-2-1-195","pre_exp","Ophidiidae",2.297352,1.254582,5.71274459166248,"omnivore_carnivore","demersal","Not cryptobenthic","Yes","No","No",7,13,0.00616923076923077,3.09081538461538,"JC22-2-1_5",1.34740635634731
"549","Pacific","Gulf of Panama","Isla Iguana","JC22-2-1","JC22-2-1-200","pre_exp","Engraulidae",NA,1.86558,14.4512261685659,"planktivore","pelagic","Not cryptobenthic","Yes","Yes","No",16,60,0.00646266666666667,3.19177016666667,"JC22-2-1_6",32.5507476029194
"550","Pacific","Gulf of Panama","Isla Iguana","JC22-2-1","JC22-2-1-200","pre_exp","Engraulidae",NA,1.181263,10.9148663834551,"planktivore","pelagic","Not cryptobenthic","Yes","Yes","No",16,60,0.00646266666666667,3.19177016666667,"JC22-2-1_6",13.2900921777849
"551","Pacific","Gulf of Panama","Isla Iguana","JC22-2-1","JC22-2-1-200","pre_exp","Engraulidae",1.979633,1.014257,6.9445767690936,"planktivore","pelagic","Not cryptobenthic","Yes","Yes","No",16,60,0.00646266666666667,3.19177016666667,"JC22-2-1_6",3.13871337490631
"552","Pacific","Gulf of Panama","Isla Iguana","JC22-2-1","JC22-2-1-200","pre_exp","Opistognathidae",2.90835,1.303462,11.3170051763745,"omnivore_carnivore","demersal","Cryptobenthic","Yes","No","Yes",3,3,0.01881,2.8,"JC22-2-1_6",16.7817418537433
"553","Pacific","Gulf of Panama","Isla Iguana","JC22-2-1","JC22-2-1-200","pre_exp","Bregmacerotidae",1.238852,1.28885,5.74394635640319,"planktivore","bathypelagic","Not cryptobenthic","No","No","No",2,6,0.00495666666666667,3.03316666666667,"JC22-2-1_6",0.995408436342713
"554","Pacific","Gulf of Panama","Isla Iguana","JC22-2-1","JC22-2-1-200","pre_exp","Labridae",1.06721,0.795655,5.95492520441909,"omnivore_carnivore","demersal","Not cryptobenthic","Yes","Yes","Yes",16,23,0.0229417391304348,3.00832173913043,"JC22-2-1_6",4.91703827132497
"555","Pacific","Gulf of Panama","Isla Iguana","JC22-2-1","JC22-2-1-200","pre_exp","Gobiidae",2.362525,2.004073,6.61807521438587,"omnivore_carnivore","demersal","Cryptobenthic","No","No","Yes",19,37,0.00980621621621622,3.01654054054054,"JC22-2-1_6",2.93272881633421
"556","Pacific","Gulf of Panama","Isla Iguana","JC22-2-1","JC22-2-1-200","pre_exp","Clupeidae",1.556008,1.09165,6.88454547622129,"planktivore","pelagic","Not cryptobenthic","Yes","Yes","No",8,40,0.00769625,3.11845,"JC22-2-1_6",3.15610404460834
"557","Pacific","Gulf of Panama","Isla Iguana","JC22-2-1","JC22-2-1-200","pre_exp","Ophidiidae",2.427699,1.368635,6.10399686745016,"omnivore_carnivore","demersal","Not cryptobenthic","Yes","No","No",7,13,0.00616923076923077,3.09081538461538,"JC22-2-1_6",1.65355934939009
"558","Pacific","Gulf of Panama","Isla Iguana","JC22-2-1","JC22-2-1-200","pre_exp","Ophidiidae",1.98778,0.99389,4.80165351419254,"omnivore_carnivore","demersal","Not cryptobenthic","Yes","No","No",7,13,0.00616923076923077,3.09081538461538,"JC22-2-1_6",0.787561069567561
"559","Pacific","Gulf of Panama","Isla Iguana","JC22-2-1","JC22-2-1-200","pre_exp","Ophidiidae",2.427699,1.393075,6.10399686745016,"omnivore_carnivore","demersal","Not cryptobenthic","Yes","No","No",7,13,0.00616923076923077,3.09081538461538,"JC22-2-1_6",1.65355934939009
"560","Pacific","Gulf of Panama","Isla Iguana","JC22-2-1","JC22-2-1-200","pre_exp","Ophidiidae",2.452138,1.181263,6.17783023399922,"omnivore_carnivore","demersal","Not cryptobenthic","Yes","No","No",7,13,0.00616923076923077,3.09081538461538,"JC22-2-1_6",1.71616483191491
"561","Pacific","Gulf of Panama","Isla Iguana","JC22-2-1","JC22-2-1-200","pre_exp","Ophidiidae",2.297352,1.197556,5.71274459166248,"omnivore_carnivore","demersal","Not cryptobenthic","Yes","No","No",7,13,0.00616923076923077,3.09081538461538,"JC22-2-1_6",1.34740635634731
"562","Pacific","Gulf of Panama","Isla Iguana","JC22-2-1","JC22-2-1-200","pre_exp","Ophidiidae",1.755601,0.936864,4.13656787326719,"omnivore_carnivore","demersal","Not cryptobenthic","Yes","No","No",7,13,0.00616923076923077,3.09081538461538,"JC22-2-1_6",0.496766033070423
"563","Pacific","Gulf of Panama","Isla Iguana","JC22-2-1","JC22-2-1-200","pre_exp","Ophidiidae",1.922607,1.010183,4.61330515638602,"omnivore_carnivore","demersal","Not cryptobenthic","Yes","No","No",7,13,0.00616923076923077,3.09081538461538,"JC22-2-1_6",0.695937255736801
"564","Pacific","Gulf of Panama","Isla Iguana","JC22-2-1","JC22-2-1-200","pre_exp","Ophidiidae",2.313646,1.242363,5.76141511865656,"omnivore_carnivore","demersal","Not cryptobenthic","Yes","No","No",7,13,0.00616923076923077,3.09081538461538,"JC22-2-1_6",1.38320410344115
"565","Pacific","Gulf of Panama","Isla Iguana","JC22-2-1","JC22-2-1-200","pre_exp","Ophidiidae",1.991853,0.94501,4.8134659423709,"omnivore_carnivore","demersal","Not cryptobenthic","Yes","No","No",7,13,0.00616923076923077,3.09081538461538,"JC22-2-1_6",0.793564813231524
"566","Pacific","Gulf of Panama","Isla Iguana","JC22-2-1","JC22-2-1-205","pre_exp","Engraulidae",1.922607,1.095723,6.72174854223832,"planktivore","pelagic","Not cryptobenthic","Yes","Yes","No",16,60,0.00646266666666667,3.19177016666667,"JC22-2-1_7",2.82842685813792
"567","Pacific","Gulf of Panama","Isla Iguana","JC22-2-1","JC22-2-1-205","pre_exp","Engraulidae",1.458248,0.85947,4.9377173760252,"planktivore","pelagic","Not cryptobenthic","Yes","Yes","No",16,60,0.00646266666666667,3.19177016666667,"JC22-2-1_7",1.05678850693632
"568","Pacific","Gulf of Panama","Isla Iguana","JC22-2-1","JC22-2-1-205","pre_exp","Engraulidae",1.694501,1.034623,5.83827851233915,"planktivore","pelagic","Not cryptobenthic","Yes","Yes","No",16,60,0.00646266666666667,3.19177016666667,"JC22-2-1_7",1.80391781990944
"569","Pacific","Gulf of Panama","Isla Iguana","JC22-2-1","JC22-2-1-205","pre_exp","Engraulidae",NA,1.686354,13.5820542088806,"planktivore","pelagic","Not cryptobenthic","Yes","Yes","No",16,60,0.00646266666666667,3.19177016666667,"JC22-2-1_7",26.7040486052534
"570","Pacific","Gulf of Panama","Isla Iguana","JC22-2-1","JC22-2-1-205","pre_exp","Engraulidae",1.498982,0.893415,5.09185718932436,"planktivore","pelagic","Not cryptobenthic","Yes","Yes","No",16,60,0.00646266666666667,3.19177016666667,"JC22-2-1_7",1.16573052690101
"571","Pacific","Gulf of Panama","Isla Iguana","JC22-2-1","JC22-2-1-205","pre_exp","Engraulidae",1.287169,0.847251,4.2959302142483,"planktivore","pelagic","Not cryptobenthic","Yes","Yes","No",16,60,0.00646266666666667,3.19177016666667,"JC22-2-1_7",0.677617943800468
"572","Pacific","Gulf of Panama","Isla Iguana","JC22-2-1","JC22-2-1-205","pre_exp","Engraulidae",NA,1.121521,10.572464908002,"planktivore","pelagic","Not cryptobenthic","Yes","Yes","No",16,60,0.00646266666666667,3.19177016666667,"JC22-2-1_7",12.0045798267307
"573","Pacific","Gulf of Panama","Isla Iguana","JC22-2-1","JC22-2-1-205","pre_exp","Bythitidae",1.735234,0.867617,3.34262136365773,"omnivore_carnivore","demersal","Cryptobenthic","Yes","No","Yes",1,55,0.0072,3.155,"JC22-2-1_7",0.324210864106409
"574","Pacific","Gulf of Panama","Isla Iguana","JC22-2-1","JC22-2-1-205","pre_exp","Congridae",1.87943,1.18786,7.99923483726425,"omnivore_carnivore","demersal","Not cryptobenthic","No","No","Yes",2,3,0.00115666666666667,3.09036666666667,"JC22-2-1_7",0.714428939576171
"575","Pacific","Gulf of Panama","Isla Iguana","JC22-2-1","JC22-2-1-205","pre_exp","Batrachoididae",1.580448,1.718941,2.27737051706115,"omnivore_carnivore","demersal","Not cryptobenthic","No","Yes","Yes",6,9,0.00845777777777778,3.16755555555556,"JC22-2-1_7",0.114669350653808
"576","Pacific","Gulf of Panama","Isla Iguana","JC22-2-1","JC22-2-1-205","pre_exp","Scorpaenidae",2.167006,1.034623,5.11502128661652,"piscivore","demersal","Not cryptobenthic","Yes","Yes","Yes",9,23,0.01664,3.09669565217391,"JC22-2-1_7",2.60758289903404
"577","Pacific","Gulf of Panama","Isla Iguana","JC22-2-1","JC22-2-1-205","pre_exp","Ophidiidae",2.940937,1.808554,7.68411273101188,"omnivore_carnivore","demersal","Not cryptobenthic","Yes","No","No",7,13,0.00616923076923077,3.09081538461538,"JC22-2-1_7",3.36850916904228
"578","Pacific","Gulf of Panama","Isla Iguana","JC22-2-1","JC22-2-1-205","pre_exp","Ophidiidae",1.873727,1.01833,4.47287807506981,"omnivore_carnivore","demersal","Not cryptobenthic","Yes","No","No",7,13,0.00616923076923077,3.09081538461538,"JC22-2-1_7",0.632521817430123
"579","Pacific","Gulf of Panama","Isla Iguana","JC22-2-1","JC22-2-1-205","pre_exp","Ophidiidae",1.85336,1.034623,4.4145810463511,"omnivore_carnivore","demersal","Not cryptobenthic","Yes","No","No",7,13,0.00616923076923077,3.09081538461538,"JC22-2-1_7",0.607386851860651
"580","Pacific","Gulf of Panama","Isla Iguana","JC22-2-1","JC22-2-1-205","pre_exp","Ophidiidae",2.308663,1.232945,5.7465234778824,"omnivore_carnivore","demersal","Not cryptobenthic","Yes","No","No",7,13,0.00616923076923077,3.09081538461538,"JC22-2-1_7",1.37218366852556
"581","Pacific","Gulf of Panama","Isla Iguana","JC22-2-1","JC22-2-1-205","pre_exp","Ophidiidae",2.08554,1.156823,5.08649554968053,"omnivore_carnivore","demersal","Not cryptobenthic","Yes","No","No",7,13,0.00616923076923077,3.09081538461538,"JC22-2-1_7",0.941110688049565
"582","Pacific","Gulf of Panama","Isla Iguana","JC22-2-1","JC22-2-1-205","pre_exp","Ophidiidae",1.543788,0.904277,3.54498176788469,"omnivore_carnivore","demersal","Not cryptobenthic","Yes","No","No",7,13,0.00616923076923077,3.09081538461538,"JC22-2-1_7",0.308309169272434
"583","Pacific","Gulf of Panama","Isla Iguana","JC22-2-1","JC22-2-1-205","pre_exp","Ophidiidae",1.816701,0.887984,4.30997483597112,"omnivore_carnivore","demersal","Not cryptobenthic","Yes","No","No",7,13,0.00616923076923077,3.09081538461538,"JC22-2-1_7",0.563995042504468
"584","Pacific","Gulf of Panama","Isla Iguana","JC22-2-1","JC22-2-1-205","pre_exp","Ophidiidae",1.97556,1.026477,4.7662424571878,"omnivore_carnivore","demersal","Not cryptobenthic","Yes","No","No",7,13,0.00616923076923077,3.09081538461538,"JC22-2-1_7",0.769747407927098
"585","Pacific","Gulf of Panama","Isla Iguana","JC22-2-1","JC22-2-1-205","pre_exp","Ophidiidae",2.164114,1.134754,5.31738930381454,"omnivore_carnivore","demersal","Not cryptobenthic","Yes","No","No",7,13,0.00616923076923077,3.09081538461538,"JC22-2-1_7",1.07952069745769
"586","Pacific","Gulf of Panama","Isla Iguana","JC22-2-1","JC22-2-1-205","pre_exp","Ophidiidae",1.947047,1.050916,4.68378856633084,"omnivore_carnivore","demersal","Not cryptobenthic","Yes","No","No",7,13,0.00616923076923077,3.09081538461538,"JC22-2-1_7",0.729328882103101
"587","Pacific","Gulf of Panama","Isla Iguana","JC22-2-1","JC22-2-1-205","pre_exp","Ophidiidae",NA,1.099796,2.37090704375074,"omnivore_carnivore","demersal","Not cryptobenthic","Yes","No","No",7,13,0.00616923076923077,3.09081538461538,"JC22-2-1_7",0.0889247399196583
"588","Pacific","Gulf of Panama","Isla Iguana","JC22-2-1","JC22-2-1-205","pre_exp","Ophidiidae",1.678208,0.936864,3.91865452359419,"omnivore_carnivore","demersal","Not cryptobenthic","Yes","No","No",7,13,0.00616923076923077,3.09081538461538,"JC22-2-1_7",0.420250181188953
"589","Pacific","Gulf of Panama","Isla Iguana","JC22-2-1","JC22-2-1-212","pre_exp","Bythitidae",1.531568,0.773931,2.83612726574092,"omnivore_carnivore","demersal","Cryptobenthic","Yes","No","Yes",1,55,0.0072,3.155,"JC22-2-1_8",0.19305547717292
"590","Pacific","Gulf of Panama","Isla Iguana","JC22-2-1","JC22-2-1-212","pre_exp","Apogonidae",2.647658,1.637475,4.41768579151014,"planktivore","demersal","Cryptobenthic","No","No","Yes",5,6,0.015875,3.07606666666667,"JC22-2-1_8",1.53241369184375
"591","Pacific","Gulf of Panama","Isla Iguana","JC22-2-1","JC22-2-1-212","pre_exp","Apogonidae",2.704684,1.637475,4.51143879038418,"planktivore","demersal","Cryptobenthic","No","No","Yes",5,6,0.015875,3.07606666666667,"JC22-2-1_8",1.63467156591014
"592","Pacific","Gulf of Panama","Isla Iguana","JC22-2-1","JC22-2-1-212","pre_exp","Haemulidae",1.262729,0.818737,2.54842750632594,"omnivore_carnivore","demersal","Not cryptobenthic","Yes","Yes","Yes",26,69,0.0169027536231884,3.01954057971014,"JC22-2-1_8",0.284913553286262
"593","Pacific","Gulf of Panama","Isla Iguana","JC22-2-1","JC22-2-1-212","pre_exp","Gerreidae",NA,0.822811,8.29942326695754,"omnivore_carnivore","demersal","Not cryptobenthic","Yes","Yes","No",20,105,0.0147402857142857,3.05094761904762,"JC22-2-1_8",9.38583567857868
"594","Pacific","Gulf of Panama","Isla Iguana","JC22-2-1","JC22-2-1-212","pre_exp","Engraulidae",2.282644,1.345947,8.14064574482761,"planktivore","pelagic","Not cryptobenthic","Yes","Yes","No",16,60,0.00646266666666667,3.19177016666667,"JC22-2-1_8",5.21225344459508
"595","Pacific","Gulf of Panama","Isla Iguana","JC22-2-1","JC22-2-1-212","pre_exp","Engraulidae",NA,1.307536,11.6173276098067,"planktivore","pelagic","Not cryptobenthic","Yes","Yes","No",16,60,0.00646266666666667,3.19177016666667,"JC22-2-1_8",16.2175806700476
"596","Pacific","Gulf of Panama","Isla Iguana","JC22-2-1","JC22-2-1-212","pre_exp","Engraulidae",1.9389,1.19484,6.78533612416426,"planktivore","pelagic","Not cryptobenthic","Yes","Yes","No",16,60,0.00646266666666667,3.19177016666667,"JC22-2-1_8",2.91471726944948
"597","Pacific","Gulf of Panama","Isla Iguana","JC22-2-1","JC22-2-1-212","pre_exp","Engraulidae",NA,1.087576,10.3747792755212,"planktivore","pelagic","Not cryptobenthic","Yes","Yes","No",16,60,0.00646266666666667,3.19177016666667,"JC22-2-1_8",11.3027153462635
"598","Pacific","Gulf of Panama","Isla Iguana","JC22-2-1","JC22-2-1-212","pre_exp","Engraulidae",NA,0.773931,8.41851450896683,"planktivore","pelagic","Not cryptobenthic","Yes","Yes","No",16,60,0.00646266666666667,3.19177016666667,"JC22-2-1_8",5.80163910572047
"599","Pacific","Gulf of Panama","Isla Iguana","JC22-2-1","JC22-2-1-212","pre_exp","Ophidiidae",2.492872,1.360489,6.30122032237763,"omnivore_carnivore","demersal","Not cryptobenthic","Yes","No","No",7,13,0.00616923076923077,3.09081538461538,"JC22-2-1_8",1.824337013061
"600","Pacific","Gulf of Panama","Isla Iguana","JC22-2-1","JC22-2-1-212","pre_exp","Ophidiidae",2.272912,1.287169,5.63987149626633,"omnivore_carnivore","demersal","Not cryptobenthic","Yes","No","No",7,13,0.00616923076923077,3.09081538461538,"JC22-2-1_8",1.29498710644189
"601","Pacific","Gulf of Panama","Isla Iguana","JC22-2-1","JC22-2-1-212","pre_exp","Ophidiidae",1.854904,0.973966,4.41899600274381,"omnivore_carnivore","demersal","Not cryptobenthic","Yes","No","No",7,13,0.00616923076923077,3.09081538461538,"JC22-2-1_8",0.609266295717502
"602","Pacific","Gulf of Panama","Isla Iguana","JC22-2-1","JC22-2-1-212","pre_exp","Ophidiidae",NA,0.94501,1.83117586557771,"omnivore_carnivore","demersal","Not cryptobenthic","Yes","No","No",7,13,0.00616923076923077,3.09081538461538,"JC22-2-1_8",0.0400203713818384
"603","Pacific","Gulf of Panama","Isla Iguana","JC22-2-1","JC22-2-1-212","pre_exp","Ophidiidae",1.983707,1.164969,4.78984593462561,"omnivore_carnivore","demersal","Not cryptobenthic","Yes","No","No",7,13,0.00616923076923077,3.09081538461538,"JC22-2-1_8",0.781590572640606
"604","Pacific","Gulf of Panama","Isla Iguana","JC22-2-1","JC22-2-1-212","pre_exp","Ophidiidae",2.590631,1.466395,6.59898969096706,"omnivore_carnivore","demersal","Not cryptobenthic","Yes","No","No",7,13,0.00616923076923077,3.09081538461538,"JC22-2-1_8",2.10418793192882
"605","Pacific","Gulf of Panama","Isla Iguana","JC22-2-1","JC22-2-1-212","pre_exp","Ophidiidae",1.649695,0.879837,3.83887268252125,"omnivore_carnivore","demersal","Not cryptobenthic","Yes","No","No",7,13,0.00616923076923077,3.09081538461538,"JC22-2-1_8",0.394363604108237
"606","Pacific","Gulf of Panama","Isla Iguana","JC22-2-1","JC22-2-1-212","pre_exp","Ophidiidae",2.521345,1.393075,6.38771039228971,"omnivore_carnivore","demersal","Not cryptobenthic","Yes","No","No",7,13,0.00616923076923077,3.09081538461538,"JC22-2-1_8",1.90284934433919
"607","Pacific","Gulf of Panama","Isla Iguana","JC22-2-1","JC22-2-1-212","pre_exp","Ophidiidae",1.775967,0.953157,4.19423603837144,"omnivore_carnivore","demersal","Not cryptobenthic","Yes","No","No",7,13,0.00616923076923077,3.09081538461538,"JC22-2-1_8",0.518484858731252
"608","Pacific","Gulf of Panama","Isla Iguana","JC22-2-1","JC22-2-1-212","pre_exp","Ophidiidae",2.240326,1.287169,5.54295355116305,"omnivore_carnivore","demersal","Not cryptobenthic","Yes","No","No",7,13,0.00616923076923077,3.09081538461538,"JC22-2-1_8",1.22743324115105
"609","Pacific","Gulf of Panama","Isla Iguana","JC22-2-2","JC22-2-2-40","modern","Ophidiidae",NA,1.054767,2.20798470292171,"omnivore_carnivore","demersal","Not cryptobenthic","Yes","No","No",7,13,0.00616923076923077,3.09081538461538,"JC22-2-2_1",0.0713607377435066
"610","Pacific","Gulf of Panama","Isla Iguana","JC22-2-2","JC22-2-2-45","modern","Labridae",1.78499,1.281947,9.35338672736617,"omnivore_carnivore","demersal","Not cryptobenthic","Yes","Yes","Yes",16,23,0.0229417391304348,3.00832173913043,"JC22-2-2_1",19.1255159693471
"611","Pacific","Gulf of Panama","Isla Iguana","JC22-2-2","JC22-2-2-45","modern","Labridae",1.557809,0.908722,8.29986054220172,"omnivore_carnivore","demersal","Not cryptobenthic","Yes","Yes","Yes",16,23,0.0229417391304348,3.00832173913043,"JC22-2-2_1",13.3501759700612
"612","Pacific","Gulf of Panama","Isla Iguana","JC22-2-2","JC22-2-2-50","modern","Gobiidae",0.681542,0.74645,1.76484882024547,"omnivore_carnivore","demersal","Cryptobenthic","No","No","Yes",19,37,0.00980621621621622,3.01654054054054,"JC22-2-2_1",0.0544132501130899
"613","Pacific","Gulf of Panama","Isla Iguana","JC22-2-2","JC22-2-2-50","modern","Ophidiidae",3.018256,1.655172,7.92724459192587,"omnivore_carnivore","demersal","Not cryptobenthic","Yes","No","No",7,13,0.00616923076923077,3.09081538461538,"JC22-2-2_1",3.70895808024974
"614","Pacific","Gulf of Panama","Isla Iguana","JC22-2-2","JC22-2-2-60","modern","Gobiidae",1.655172,1.492901,4.53342318439101,"omnivore_carnivore","demersal","Cryptobenthic","No","No","Yes",19,37,0.00980621621621622,3.01654054054054,"JC22-2-2_2",0.936780612118845
"615","Pacific","Gulf of Panama","Isla Iguana","JC22-2-2","JC22-2-2-60","modern","Gobiidae",1.58215,1.492901,4.32107331779814,"omnivore_carnivore","demersal","Cryptobenthic","No","No","Yes",19,37,0.00980621621621622,3.01654054054054,"JC22-2-2_2",0.810567897864435
"616","Pacific","Gulf of Panama","Isla Iguana","JC22-2-2","JC22-2-2-60","modern","Apogonidae",1.054767,0.774848,1.78358639497475,"planktivore","demersal","Cryptobenthic","No","No","Yes",5,6,0.015875,3.07606666666667,"JC22-2-2_2",0.0941263667081526
"617","Pacific","Gulf of Panama","Isla Iguana","JC22-2-2","JC22-2-2-60","modern","Engraulidae",2.126333,1.099264,7.52118093397763,"planktivore","pelagic","Not cryptobenthic","Yes","Yes","No",16,60,0.00646266666666667,3.19177016666667,"JC22-2-2_2",4.04869801677869
"618","Pacific","Gulf of Panama","Isla Iguana","JC22-2-2","JC22-2-2-60","modern","Congridae",2.393509,2.30426,9.69380770526938,"omnivore_carnivore","demersal","Not cryptobenthic","No","No","Yes",2,3,0.00115666666666667,3.09036666666667,"JC22-2-2_2",1.29371207594919
"619","Pacific","Gulf of Panama","Isla Iguana","JC22-2-2","JC22-2-2-65","modern","Gobiidae",1.647059,1.574037,4.50980061691632,"omnivore_carnivore","demersal","Cryptobenthic","No","No","Yes",19,37,0.00980621621621622,3.01654054054054,"JC22-2-2_2",0.922133088288713
"620","Pacific","Gulf of Panama","Isla Iguana","JC22-2-2","JC22-2-2-65","modern","Clupeidae",NA,1.411765,12.0218420982976,"planktivore","pelagic","Not cryptobenthic","Yes","Yes","No",8,40,0.00769625,3.11845,"JC22-2-2_2",17.9520807075102
"621","Pacific","Gulf of Panama","Isla Iguana","JC22-2-2","JC22-2-2-70","modern","Ophidiidae",2.515213,1.290061,6.36906711024569,"omnivore_carnivore","demersal","Not cryptobenthic","Yes","No","No",7,13,0.00616923076923077,3.09081538461538,"JC22-2-2_2",1.88573623553189
"622","Pacific","Gulf of Panama","Isla Iguana","JC22-2-2","JC22-2-2-70","modern","Congridae",1.720081,1.115619,7.45542261400886,"omnivore_carnivore","demersal","Not cryptobenthic","No","No","Yes",2,3,0.00115666666666667,3.09036666666667,"JC22-2-2_2",0.574734715637735
"623","Pacific","Gulf of Panama","Isla Iguana","JC22-2-2","JC22-2-2-135","pre_exp","Scorpaenidae",1.127789,0.551724,2.59049472683475,"piscivore","demersal","Not cryptobenthic","Yes","Yes","Yes",9,23,0.01664,3.09669565217391,"JC22-2-2_3",0.317156612586132
"624","Pacific","Gulf of Panama","Isla Iguana","JC22-2-2","JC22-2-2-135","pre_exp","Scorpaenidae",NA,0.584178,3.30472339169698,"piscivore","demersal","Not cryptobenthic","Yes","Yes","Yes",9,23,0.01664,3.09669565217391,"JC22-2-2_3",0.674150364913571
"625","Pacific","Gulf of Panama","Isla Iguana","JC22-2-2","JC22-2-2-135","pre_exp","Ophidiidae",2.21501,1.281947,5.46785269950274,"omnivore_carnivore","demersal","Not cryptobenthic","Yes","No","No",7,13,0.00616923076923077,3.09081538461538,"JC22-2-2_3",1.17675635491083
"626","Pacific","Gulf of Panama","Isla Iguana","JC22-2-2","JC22-2-2-135","pre_exp","Gobiidae",1.192698,0.924949,3.19973681103458,"omnivore_carnivore","demersal","Cryptobenthic","No","No","Yes",19,37,0.00980621621621622,3.01654054054054,"JC22-2-2_3",0.327490797238764
"627","Pacific","Gulf of Panama","Isla Iguana","JC22-2-2","JC22-2-2-135","pre_exp","Engraulidae",NA,1.229209,11.1848507239841,"planktivore","pelagic","Not cryptobenthic","Yes","Yes","No",16,60,0.00646266666666667,3.19177016666667,"JC22-2-2_3",14.3680661848264
"628","Pacific","Gulf of Panama","Isla Iguana","JC22-2-2","JC22-2-2-142","pre_exp","Gobiidae",1.557809,1.484787,4.25042530166859,"omnivore_carnivore","demersal","Cryptobenthic","No","No","Yes",19,37,0.00980621621621622,3.01654054054054,"JC22-2-2_3",0.771246561095383
"629","Pacific","Gulf of Panama","Isla Iguana","JC22-2-2","JC22-2-2-142","pre_exp","Gobiidae",1.030426,1.172414,2.73895052424612,"omnivore_carnivore","demersal","Cryptobenthic","No","No","Yes",19,37,0.00980621621621622,3.01654054054054,"JC22-2-2_3",0.204876386519272
"630","Pacific","Gulf of Panama","Isla Iguana","JC22-2-2","JC22-2-2-142","pre_exp","Gobiidae",1.208925,0.056795,3.24604287900013,"omnivore_carnivore","demersal","Cryptobenthic","No","No","Yes",19,37,0.00980621621621622,3.01654054054054,"JC22-2-2_3",0.341997000956384
"631","Pacific","Gulf of Panama","Isla Iguana","JC22-2-2","JC22-2-2-142","pre_exp","Ophidiidae",2.823529,1.744422,7.31737166551859,"omnivore_carnivore","demersal","Not cryptobenthic","Yes","No","No",7,13,0.00616923076923077,3.09081538461538,"JC22-2-2_3",2.89596361622967
"632","Pacific","Gulf of Panama","Isla Iguana","JC22-2-2","JC22-2-2-142","pre_exp","Ophidiidae",2.028398,1.144016,4.91966861054793,"omnivore_carnivore","demersal","Not cryptobenthic","Yes","No","No",7,13,0.00616923076923077,3.09081538461538,"JC22-2-2_3",0.848939976928319
"633","Pacific","Gulf of Panama","Isla Iguana","JC22-2-2","JC22-2-2-142","pre_exp","Ophidiidae",1.858012,0.989858,4.42788533666906,"omnivore_carnivore","demersal","Not cryptobenthic","Yes","No","No",7,13,0.00616923076923077,3.09081538461538,"JC22-2-2_3",0.613062406196378
"634","Pacific","Gulf of Panama","Isla Iguana","JC22-2-2","JC22-2-2-142","pre_exp","Ophidiidae",NA,1.006085,2.03726688034607,"omnivore_carnivore","demersal","Not cryptobenthic","Yes","No","No",7,13,0.00616923076923077,3.09081538461538,"JC22-2-2_3",0.0556469155723886
"635","Pacific","Gulf of Panama","Isla Iguana","JC22-2-2","JC22-2-2-142","pre_exp","Apogonidae",NA,1.37931,4.39735161274712,"planktivore","demersal","Cryptobenthic","No","No","Yes",5,6,0.015875,3.07606666666667,"JC22-2-2_3",1.51081999472524
"636","Pacific","Gulf of Panama","Isla Iguana","JC22-2-2","JC22-2-2-142","pre_exp","Muraenidae",1.36714,1.095335,34.1736577145801,"piscivore","demersal","Not cryptobenthic","No","Yes","Yes",25,48,0.00117541666666667,3.2211625,"JC22-2-2_3",102.438044343089
"637","Pacific","Gulf of Panama","Isla Iguana","JC22-2-3","JC22-2-3-135","pre_exp","Congridae",2.239351,1.971602,9.19429846556956,"omnivore_carnivore","demersal","Not cryptobenthic","No","No","Yes",2,3,0.00115666666666667,3.09036666666667,"JC22-2-3_2",1.09858578995417
"638","Pacific","Gulf of Panama","Isla Iguana","JC22-2-3","JC22-2-3-135","pre_exp","Congridae",1.638945,1.257606,7.17458514661218,"omnivore_carnivore","demersal","Not cryptobenthic","No","No","Yes",2,3,0.00115666666666667,3.09036666666667,"JC22-2-3_2",0.510427548627223
"639","Pacific","Gulf of Panama","Isla Iguana","JC22-2-3","JC22-2-3-135","pre_exp","Ophidiidae",1.882353,0.916836,4.49760689450157,"omnivore_carnivore","demersal","Not cryptobenthic","Yes","No","No",7,13,0.00616923076923077,3.09081538461538,"JC22-2-3_2",0.643392899219785
"640","Pacific","Gulf of Panama","Isla Iguana","JC22-2-3","JC22-2-3-135","pre_exp","Ophidiidae",2.01217,1.026369,4.87246101504765,"omnivore_carnivore","demersal","Not cryptobenthic","Yes","No","No",7,13,0.00616923076923077,3.09081538461538,"JC22-2-3_2",0.82401338809949
"641","Pacific","Gulf of Panama","Isla Iguana","JC22-2-3","JC22-2-3-135","pre_exp","Ophidiidae",NA,1.014199,2.06532663858939,"omnivore_carnivore","demersal","Not cryptobenthic","Yes","No","No",7,13,0.00616923076923077,3.09081538461538,"JC22-2-3_2",0.0580501144034826
"642","Pacific","Gulf of Panama","Isla Iguana","JC22-2-3","JC22-2-3-135","pre_exp","Ophidiidae",2.434077,1.212982,6.12325132839629,"omnivore_carnivore","demersal","Not cryptobenthic","Yes","No","No",7,13,0.00616923076923077,3.09081538461538,"JC22-2-3_2",1.6697342395924
"643","Pacific","Gulf of Panama","Isla Iguana","JC22-2-3","JC22-2-3-135","pre_exp","Apogonidae",2.044625,1.302231,3.4243387241951,"planktivore","demersal","Cryptobenthic","No","No","Yes",5,6,0.015875,3.07606666666667,"JC22-2-3_2",0.700015012850003
"644","Pacific","Gulf of Panama","Isla Iguana","JC22-2-3","JC22-2-3-135","pre_exp","Apogonidae",NA,0.74645,2.73392655982625,"planktivore","demersal","Cryptobenthic","No","No","Yes",5,6,0.015875,3.07606666666667,"JC22-2-3_2",0.35018632747167
"645","Pacific","Gulf of Panama","Isla Iguana","JC22-2-3","JC22-2-3-135","pre_exp","Apogonidae",NA,1.46856,4.61602280094498,"planktivore","demersal","Cryptobenthic","No","No","Yes",5,6,0.015875,3.07606666666667,"JC22-2-3_2",1.75406716297717
"646","Pacific","Gulf of Panama","Isla Iguana","JC22-2-3","JC22-2-3-135","pre_exp","Apogonidae",NA,1.249493,4.07346032636563,"planktivore","demersal","Cryptobenthic","No","No","Yes",5,6,0.015875,3.07606666666667,"JC22-2-3_2",1.19399386696762
"647","Pacific","Gulf of Panama","Isla Iguana","JC22-2-3","JC22-2-3-135","pre_exp","Apogonidae",1.687627,1.087221,2.83432580838294,"planktivore","demersal","Cryptobenthic","No","No","Yes",5,6,0.015875,3.07606666666667,"JC22-2-3_2",0.391272561867633
"648","Pacific","Gulf of Panama","Isla Iguana","JC22-2-3","JC22-2-3-140","pre_exp","Gobiidae",1.638945,1.460446,4.48618249612796,"omnivore_carnivore","demersal","Cryptobenthic","No","No","Yes",19,37,0.00980621621621622,3.01654054054054,"JC22-2-3_2",0.907642182060944
"649","Pacific","Gulf of Panama","Isla Iguana","JC22-2-3","JC22-2-3-140","pre_exp","Gobiidae",1.35497,1.103448,3.66451666664823,"omnivore_carnivore","demersal","Cryptobenthic","No","No","Yes",19,37,0.00980621621621622,3.01654054054054,"JC22-2-3_2",0.49303835941185
"650","Pacific","Gulf of Panama","Isla Iguana","JC22-2-3","JC22-2-3-140","pre_exp","Apogonidae",2.182556,1.411765,3.65188178854338,"planktivore","demersal","Cryptobenthic","No","No","Yes",5,6,0.015875,3.07606666666667,"JC22-2-3_2",0.853203519038178
"651","Pacific","Gulf of Panama","Isla Iguana","JC22-2-3","JC22-2-3-140","pre_exp","Apogonidae",2.190669,1.411765,3.66525906929916,"planktivore","demersal","Cryptobenthic","No","No","Yes",5,6,0.015875,3.07606666666667,"JC22-2-3_2",0.862854021403128
"652","Pacific","Gulf of Panama","Isla Iguana","JC22-2-3","JC22-2-3-140","pre_exp","Apogonidae",NA,1.338742,4.29690614340277,"planktivore","demersal","Cryptobenthic","No","No","Yes",5,6,0.015875,3.07606666666667,"JC22-2-3_2",1.40715971370652
"653","Pacific","Gulf of Panama","Isla Iguana","JC22-2-3","JC22-2-3-140","pre_exp","Apogonidae",1.346856,0.973631,2.26943118058627,"planktivore","demersal","Cryptobenthic","No","No","Yes",5,6,0.015875,3.07606666666667,"JC22-2-3_2",0.197486861336935
"654","Pacific","Gulf of Panama","Isla Iguana","JC22-2-3","JC22-2-3-140","pre_exp","Congridae",3.116675,2.507099,11.9565760655332,"omnivore_carnivore","demersal","Not cryptobenthic","No","No","Yes",2,3,0.00115666666666667,3.09036666666667,"JC22-2-3_2",2.47404987629886
"655","Pacific","Gulf of Panama","Isla Iguana","JC22-2-3","JC22-2-3-147","pre_exp","Ophidiidae",2.64503,1.549696,6.76566972479452,"omnivore_carnivore","demersal","Not cryptobenthic","Yes","No","No",7,13,0.00616923076923077,3.09081538461538,"JC22-2-3_3",2.27283751909419
"656","Pacific","Gulf of Panama","Isla Iguana","JC22-2-3","JC22-2-3-147","pre_exp","Ophidiidae",2.093306,1.15213,5.10923984742568,"omnivore_carnivore","demersal","Not cryptobenthic","Yes","No","No",7,13,0.00616923076923077,3.09081538461538,"JC22-2-3_3",0.954178302716523
"657","Pacific","Gulf of Panama","Isla Iguana","JC22-2-3","JC22-2-3-147","pre_exp","Apogonidae",2.10142,1.371197,3.51805890514557,"planktivore","demersal","Cryptobenthic","No","No","Yes",5,6,0.015875,3.07606666666667,"JC22-2-3_3",0.7606388629934
"658","Pacific","Gulf of Panama","Isla Iguana","JC22-2-3","JC22-2-3-147","pre_exp","Apogonidae",1.744422,1.131846,2.92830359592431,"planktivore","demersal","Cryptobenthic","No","No","Yes",5,6,0.015875,3.07606666666667,"JC22-2-3_3",0.432569572922704
"659","Pacific","Gulf of Panama","Isla Iguana","JC22-2-3","JC22-2-3-147","pre_exp","Apogonidae",NA,0.896781,3.15112861896391,"planktivore","demersal","Cryptobenthic","No","No","Yes",5,6,0.015875,3.07606666666667,"JC22-2-3_3",0.542036810438037
"660","Pacific","Gulf of Panama","Isla Iguana","JC22-2-3","JC22-2-3-147","pre_exp","Apogonidae",1.107505,0.827586,1.87143865343639,"planktivore","demersal","Cryptobenthic","No","No","Yes",5,6,0.015875,3.07606666666667,"JC22-2-3_3",0.109129963568533
"661","Pacific","Gulf of Panama","Isla Iguana","JC22-2-3","JC22-2-3-147","pre_exp","Gobiidae",0.738337,0.750507,1.92162105008389,"omnivore_carnivore","demersal","Cryptobenthic","No","No","Yes",19,37,0.00980621621621622,3.01654054054054,"JC22-2-3_3",0.0703390867086308
"662","Pacific","Gulf of Panama","Isla Iguana","JC22-2-3","JC22-2-3-147","pre_exp","Gobiidae",0.938472,0.827586,2.47982811195579,"omnivore_carnivore","demersal","Cryptobenthic","No","No","Yes",19,37,0.00980621621621622,3.01654054054054,"JC22-2-3_3",0.151806423206667
"663","Pacific","Gulf of Panama","Saboga","AT19-1-1","AT19-1-1-235","pre_exp","Pomacentridae",2.628571,1.244898,8.11280495829567,"planktivore","demersal","Not cryptobenthic","Yes","Yes","Yes",6,7,0.0196042857142857,3.10072857142857,"AT19-1-1_2",12.9253891750237
"664","Pacific","Gulf of Panama","Saboga","AT19-1-2","AT19-1-2-65","modern","Pomacentridae",2.897959,1.608163,8.847950350146,"planktivore","demersal","Not cryptobenthic","Yes","Yes","Yes",6,7,0.0196042857142857,3.10072857142857,"AT19-1-2_2",16.9142663190293
"665","Pacific","Gulf of Panama","Saboga","AT19-1-2","AT19-1-2-270","pre_exp","Pomacentridae",1.183673,0.783673,3.99137977756179,"planktivore","demersal","Not cryptobenthic","Yes","Yes","Yes",6,7,0.0196042857142857,3.10072857142857,"AT19-1-2_3",1.43308004125764
"666","Pacific","Gulf of Panama","Saboga","AT19-1-2","AT19-1-2-270","pre_exp","Pomacentridae",1.17551,0.795918,3.96689828757105,"planktivore","demersal","Not cryptobenthic","Yes","Yes","Yes",6,7,0.0196042857142857,3.10072857142857,"AT19-1-2_3",1.40600006166325
"667","Pacific","Gulf of Panama","Saboga","AT19-1-3","AT19-1-3-210","pre_exp","Pomacentridae",1.884724,1.126904,6.03569183229002,"planktivore","demersal","Not cryptobenthic","Yes","Yes","Yes",6,7,0.0196042857142857,3.10072857142857,"AT19-1-3_2",5.16622976761221
"668","Pacific","Gulf of Panama","Saboga","AT19-1-3","AT19-1-3-240","pre_exp","Pomacentridae",NA,1.455285,12.2749852453084,"planktivore","demersal","Not cryptobenthic","Yes","Yes","Yes",6,7,0.0196042857142857,3.10072857142857,"AT19-1-3_3",46.6777041519298
"669","Pacific","Gulf of Panama","Saboga","AT19-1-3","AT19-1-3-240","pre_exp","Pomacentridae",1.658537,1.02439,5.38721410806245,"herbivore","demersal","Not cryptobenthic","Yes","Yes","Yes",6,7,0.0196042857142857,3.10072857142857,"AT19-1-3_3",3.63172543116349
"670","Pacific","Gulf of Panama","Saboga","AT19-1-3","AT19-1-3-315","pre_exp","Pomacentridae",1.166667,0.731707,3.94035612743176,"planktivore","demersal","Not cryptobenthic","Yes","Yes","Yes",6,7,0.0196042857142857,3.10072857142857,"AT19-1-3_5",1.37703470473586
"671","Pacific","Gulf of Panama","Saboga","AT19-1-3","AT19-1-3-320","pre_exp","Pomacentridae",1.479675,1.333333,4.86747301056265,"herbivore","demersal","Not cryptobenthic","Yes","Yes","Yes",6,7,0.0196042857142857,3.10072857142857,"AT19-1-3_5",2.65150704007964
"672","Pacific","Gulf of Panama","Saboga","AT19-1-3","AT19-1-3-340","pre_exp","Pomacentridae",2.308943,1.422764,7.22955019659237,"herbivore","demersal","Not cryptobenthic","Yes","Yes","Yes",6,7,0.0196042857142857,3.10072857142857,"AT19-1-3_6",9.04111321179707
"673","Pacific","Gulf of Panama","Saboga","AT19-1-3","AT19-1-3-340","pre_exp","Pomacentridae",1.731707,0.95122,5.59800664395862,"planktivore","demersal","Not cryptobenthic","Yes","Yes","Yes",6,7,0.0196042857142857,3.10072857142857,"AT19-1-3_6",4.09071844268201
"674","Pacific","Gulf of Panama","Saboga","AT19-1-3","AT19-1-3-340","pre_exp","Pomacentridae",2.99187,1.707317,9.10241353395115,"planktivore","demersal","Not cryptobenthic","Yes","Yes","Yes",6,7,0.0196042857142857,3.10072857142857,"AT19-1-3_6",18.4686512346064
"675","Pacific","Gulf of Panama","Saboga","AT19-1-3","AT19-1-3-340","pre_exp","Pomacentridae",1.308943,0.796748,4.3648076720706,"planktivore","demersal","Not cryptobenthic","Yes","Yes","Yes",6,7,0.0196042857142857,3.10072857142857,"AT19-1-3_6",1.89107664394784
"676","Pacific","Gulf of Panama","Saboga","AT19-1-3","AT19-1-3-350","pre_exp","Pomacentridae",2.243902,1.300813,7.04820721885605,"planktivore","demersal","Not cryptobenthic","Yes","Yes","Yes",6,7,0.0196042857142857,3.10072857142857,"AT19-1-3_6",8.35627583751202
"677","Pacific","Gulf of Panama","Saboga","AT19-1-3","AT19-1-3-375","pre_exp","Pomacentridae",1.028455,0.646341,3.52248543536269,"planktivore","demersal","Not cryptobenthic","Yes","Yes","Yes",6,7,0.0196042857142857,3.10072857142857,"AT19-1-3_7",0.972706864799895
"678","Pacific","Gulf of Panama","Contadora","BF18-1-11","BF18-1-11-231","pre_exp","Pomacentridae",1.639344,NA,5.33175255361212,"planktivore","demersal","Not cryptobenthic","Yes","Yes","Yes",6,7,0.0196042857142857,3.10072857142857,"BF18-1-11_2",3.51704200673529
"679","Pacific","Gulf of Panama","Contadora","BF18-1-11","BF18-1-11-276","pre_exp","Pomacentridae",1.5794,NA,5.15806529509384,"herbivore","demersal","Not cryptobenthic","Yes","Yes","Yes",6,7,0.0196042857142857,3.10072857142857,"BF18-1-11_3",3.17379821042043
"680","Pacific","Gulf of Panama","Contadora","BF18-1-11","BF18-1-11-366","pre_exp","Pomacentridae",2.36067,NA,7.37336710812513,"planktivore","demersal","Not cryptobenthic","Yes","Yes","Yes",6,7,0.0196042857142857,3.10072857142857,"BF18-1-11_5",9.6105299706756
"681","Pacific","Gulf of Panama","Contadora","BF18-1-12","BF18-1-12-25","modern","Pomacentridae",3.110204,1.746939,9.42179772685959,"planktivore","demersal","Not cryptobenthic","Yes","Yes","Yes",6,7,0.0196042857142857,3.10072857142857,"BF18-1-12_1",20.553011056573
"682","Pacific","Gulf of Panama","Contadora","BF18-1-12","BF18-1-12-35","modern","Pomacentridae",1.591837,0.922449,5.19416065284223,"planktivore","demersal","Not cryptobenthic","Yes","Yes","Yes",6,7,0.0196042857142857,3.10072857142857,"BF18-1-12_2",3.24317212967125
"683","Pacific","Gulf of Panama","Contadora","BF18-1-12","BF18-1-12-40","modern","Pomacentridae",2.718367,1.322449,8.35874260442764,"planktivore","demersal","Not cryptobenthic","Yes","Yes","Yes",6,7,0.0196042857142857,3.10072857142857,"BF18-1-12_2",14.1794641833467
"684","Pacific","Gulf of Panama","Contadora","BF18-1-12","BF18-1-12-40","modern","Pomacentridae",1.711173,1.029802,5.53895260736166,"planktivore","demersal","Not cryptobenthic","Yes","Yes","Yes",6,7,0.0196042857142857,3.10072857142857,"BF18-1-12_2",3.95838813416287
"685","Pacific","Gulf of Panama","Contadora","BF18-1-12","BF18-1-12-40","modern","Pomacentridae",2.293878,1.420408,7.18759797690154,"omnivore_carnivore","demersal","Not cryptobenthic","Yes","Yes","Yes",6,7,0.0196042857142857,3.10072857142857,"BF18-1-12_2",8.87942445952429
"686","Pacific","Gulf of Panama","Contadora","BF18-1-12","BF18-1-12-40","modern","Pomacentridae",2.228571,1.15102,7.00537797072151,"planktivore","demersal","Not cryptobenthic","Yes","Yes","Yes",6,7,0.0196042857142857,3.10072857142857,"BF18-1-12_2",8.19983011772201
"687","Pacific","Gulf of Panama","Contadora","BF18-1-12","BF18-1-12-234","pre_exp","Pomacentridae",2.783673,1.567347,8.53703881151877,"planktivore","demersal","Not cryptobenthic","Yes","Yes","Yes",6,7,0.0196042857142857,3.10072857142857,"BF18-1-12_4",15.138471943195
"688","Pacific","Gulf of Panama","Contadora","BF18-1-13","BF18-1-13-20","modern","Pomacentridae",1.885714,1.436735,6.03851042319705,"planktivore","demersal","Not cryptobenthic","Yes","Yes","Yes",6,7,0.0196042857142857,3.10072857142857,"BF18-1-11_1",5.17371414134691
"689","Pacific","Gulf of Panama","Contadora","BF18-1-13","BF18-1-13-200","pre_exp","Pomacentridae",3.363265,1.942857,10.1003646024112,"planktivore","demersal","Not cryptobenthic","Yes","Yes","Yes",6,7,0.0196042857142857,3.10072857142857,"BF18-1-13_2",25.4992621221424
"690","Pacific","Gulf of Panama","Contadora","BF18-1-13","BF18-1-13-215","pre_exp","Pomacentridae",2.106122,1.012245,6.6621048046538,"planktivore","demersal","Not cryptobenthic","Yes","Yes","Yes",6,7,0.0196042857142857,3.10072857142857,"BF18-1-13_3",7.01692138116085
"691","Pacific","Gulf of Panama","Contadora","BF18-1-13","BF18-1-13-230","pre_exp","Pomacentridae",3.053061,1.665306,9.26773997012273,"planktivore","demersal","Not cryptobenthic","Yes","Yes","Yes",6,7,0.0196042857142857,3.10072857142857,"BF18-1-13_3",19.5287496064958
"692","Pacific","Gulf of Panama","Contadora","BF18-1-13","BF18-1-13-245","pre_exp","Pomacentridae",2.742857,1.469388,8.42565945402238,"planktivore","demersal","Not cryptobenthic","Yes","Yes","Yes",6,7,0.0196042857142857,3.10072857142857,"BF18-1-13_3",14.534412708244
"693","Pacific","Gulf of Panama","Isla Iguana","JC22-2-1","JC22-2-1-40","modern","Pomacentridae",2.655804,1.498982,8.18748908524105,"planktivore","demersal","Not cryptobenthic","Yes","Yes","Yes",6,7,0.0196042857142857,3.10072857142857,"JC22-2-1_1",13.2979162788637
"694","Pacific","Gulf of Panama","Isla Iguana","JC22-2-1","JC22-2-1-50","modern","Pomacentridae",3.446029,1.873727,10.3210429628268,"planktivore","demersal","Not cryptobenthic","Yes","Yes","Yes",6,7,0.0196042857142857,3.10072857142857,"JC22-2-1_1",27.2667081421103
"695","Pacific","Gulf of Panama","Isla Iguana","JC22-2-1","JC22-2-1-50","modern","Pomacentridae",2.615071,1.458248,8.07575060452441,"planktivore","demersal","Not cryptobenthic","Yes","Yes","Yes",6,7,0.0196042857142857,3.10072857142857,"JC22-2-1_1",12.7432134162875
"696","Pacific","Gulf of Panama","Isla Iguana","JC22-2-1","JC22-2-1-160","pre_exp","Pomacentridae",1.226069,0.839104,4.11823078905272,"omnivore_carnivore","demersal","Not cryptobenthic","Yes","Yes","Yes",6,7,0.0196042857142857,3.10072857142857,"JC22-2-1_2",1.57907222875355
"697","Pacific","Gulf of Panama","Isla Iguana","JC22-2-1","JC22-2-1-160","pre_exp","Pomacentridae",2.598778,1.441955,8.03100183526122,"planktivore","demersal","Not cryptobenthic","Yes","Yes","Yes",6,7,0.0196042857142857,3.10072857142857,"JC22-2-1_2",12.5255371868611
"698","Pacific","Gulf of Panama","Isla Iguana","JC22-2-1","JC22-2-1-160","pre_exp","Pomacentridae",NA,1.034623,9.71241800933317,"planktivore","demersal","Not cryptobenthic","Yes","Yes","Yes",6,7,0.0196042857142857,3.10072857142857,"JC22-2-1_2",22.5831851496979
"699","Pacific","Gulf of Panama","Isla Iguana","JC22-2-1","JC22-2-1-160","pre_exp","Pomacentridae",1.340122,0.863544,4.45712166843289,"planktivore","demersal","Not cryptobenthic","Yes","Yes","Yes",6,7,0.0196042857142857,3.10072857142857,"JC22-2-1_2",2.01786832463024
"700","Pacific","Gulf of Panama","Isla Iguana","JC22-2-1","JC22-2-1-160","pre_exp","Pomacentridae",1.213849,0.741344,4.08171857961298,"planktivore","demersal","Not cryptobenthic","Yes","Yes","Yes",6,7,0.0196042857142857,3.10072857142857,"JC22-2-1_2",1.53606483457642
"701","Pacific","Gulf of Panama","Isla Iguana","JC22-2-1","JC22-2-1-165","pre_exp","Pomacentridae",2.118126,1.311609,6.69585273082025,"planktivore","demersal","Not cryptobenthic","Yes","Yes","Yes",6,7,0.0196042857142857,3.10072857142857,"JC22-2-1_2",7.12772525016316
"702","Pacific","Gulf of Panama","Isla Iguana","JC22-2-1","JC22-2-1-165","pre_exp","Pomacentridae",NA,0.741344,7.72626843549209,"planktivore","demersal","Not cryptobenthic","Yes","Yes","Yes",6,7,0.0196042857142857,3.10072857142857,"JC22-2-1_2",11.1097511356004
"703","Pacific","Gulf of Panama","Isla Iguana","JC22-2-1","JC22-2-1-165","pre_exp","Pomacentridae",1.490835,0.810591,4.90009800065883,"planktivore","demersal","Not cryptobenthic","Yes","Yes","Yes",6,7,0.0196042857142857,3.10072857142857,"JC22-2-1_2",2.70700252618778
"704","Pacific","Gulf of Panama","Isla Iguana","JC22-2-1","JC22-2-1-165","pre_exp","Pomacentridae",1.763747,0.96945,5.68999625547224,"planktivore","demersal","Not cryptobenthic","Yes","Yes","Yes",6,7,0.0196042857142857,3.10072857142857,"JC22-2-1_2",4.30277182514059
"705","Pacific","Gulf of Panama","Isla Iguana","JC22-2-1","JC22-2-1-165","pre_exp","Pomacentridae",1.120163,0.623218,3.80040295899282,"planktivore","demersal","Not cryptobenthic","Yes","Yes","Yes",6,7,0.0196042857142857,3.10072857142857,"JC22-2-1_2",1.23096407388486
"706","Pacific","Gulf of Panama","Isla Iguana","JC22-2-1","JC22-2-1-165","pre_exp","Pomacentridae",1.283096,0.737271,4.28809560518196,"planktivore","demersal","Not cryptobenthic","Yes","Yes","Yes",6,7,0.0196042857142857,3.10072857142857,"JC22-2-1_2",1.78991125089534
"707","Pacific","Gulf of Panama","Isla Iguana","JC22-2-1","JC22-2-1-165","pre_exp","Pomacentridae",1.143245,0.730482,3.86994687215817,"planktivore","demersal","Not cryptobenthic","Yes","Yes","Yes",6,7,0.0196042857142857,3.10072857142857,"JC22-2-1_2",1.30216110040584
"708","Pacific","Gulf of Panama","Isla Iguana","JC22-2-1","JC22-2-1-165","pre_exp","Pomacentridae",1.857434,1.12831,5.95793051555237,"planktivore","demersal","Not cryptobenthic","Yes","Yes","Yes",6,7,0.0196042857142857,3.10072857142857,"JC22-2-1_2",4.96262639289314
"709","Pacific","Gulf of Panama","Isla Iguana","JC22-2-1","JC22-2-1-165","pre_exp","Pomacentridae",1.075356,0.663951,3.6649459069318,"herbivore","demersal","Not cryptobenthic","Yes","Yes","Yes",6,7,0.0196042857142857,3.10072857142857,"JC22-2-1_2",1.09994621801004
"710","Pacific","Gulf of Panama","Isla Iguana","JC22-2-1","JC22-2-1-165","pre_exp","Pomacentridae",1.808554,1.075356,5.81833122568986,"herbivore","demersal","Not cryptobenthic","Yes","Yes","Yes",6,7,0.0196042857142857,3.10072857142857,"JC22-2-1_2",4.61087555558115
"711","Pacific","Gulf of Panama","Isla Iguana","JC22-2-1","JC22-2-1-165","pre_exp","Pomacentridae",1.230143,0.776646,4.13039452666271,"planktivore","demersal","Not cryptobenthic","Yes","Yes","Yes",6,7,0.0196042857142857,3.10072857142857,"JC22-2-1_2",1.59357893541586
"712","Pacific","Gulf of Panama","Isla Iguana","JC22-2-1","JC22-2-1-165","pre_exp","Pomacentridae",1.539715,0.898846,5.04267696441536,"planktivore","demersal","Not cryptobenthic","Yes","Yes","Yes",6,7,0.0196042857142857,3.10072857142857,"JC22-2-1_2",2.95877895459032
"713","Pacific","Gulf of Panama","Isla Iguana","JC22-2-1","JC22-2-1-165","pre_exp","Pomacentridae",1.588595,0.977597,5.18475456351104,"planktivore","demersal","Not cryptobenthic","Yes","Yes","Yes",6,7,0.0196042857142857,3.10072857142857,"JC22-2-1_2",3.2249960104623
"714","Pacific","Gulf of Panama","Isla Iguana","JC22-2-1","JC22-2-1-165","pre_exp","Pomacentridae",1.625255,0.99389,5.29099407909217,"herbivore","demersal","Not cryptobenthic","Yes","Yes","Yes",6,7,0.0196042857142857,3.10072857142857,"JC22-2-1_2",3.43434346298011
"715","Pacific","Gulf of Panama","Isla Iguana","JC22-2-1","JC22-2-1-165","pre_exp","Pomacentridae",1.24372,0.7685,4.17089919443835,"planktivore","demersal","Not cryptobenthic","Yes","Yes","Yes",6,7,0.0196042857142857,3.10072857142857,"JC22-2-1_2",1.64253622018923
"716","Pacific","Gulf of Panama","Isla Iguana","JC22-2-1","JC22-2-1-165","pre_exp","Pomacentridae",NA,0.839104,8.41187213009785,"planktivore","demersal","Not cryptobenthic","Yes","Yes","Yes",6,7,0.0196042857142857,3.10072857142857,"JC22-2-1_2",14.4607935794735
"717","Pacific","Gulf of Panama","Isla Iguana","JC22-2-1","JC22-2-1-165","pre_exp","Pomacentridae",1.531568,0.892057,5.01894812856189,"planktivore","demersal","Not cryptobenthic","Yes","Yes","Yes",6,7,0.0196042857142857,3.10072857142857,"JC22-2-1_2",2.91582101775731
"718","Pacific","Gulf of Panama","Isla Iguana","JC22-2-1","JC22-2-1-170","pre_exp","Pomacentridae",1.336049,0.843177,4.44507607877644,"planktivore","demersal","Not cryptobenthic","Yes","Yes","Yes",6,7,0.0196042857142857,3.10072857142857,"JC22-2-1_3",2.00100680132446
"719","Pacific","Gulf of Panama","Isla Iguana","JC22-2-1","JC22-2-1-170","pre_exp","Pomacentridae",1.270876,0.773931,4.25176798821604,"planktivore","demersal","Not cryptobenthic","Yes","Yes","Yes",6,7,0.0196042857142857,3.10072857142857,"JC22-2-1_3",1.74330995545085
"720","Pacific","Gulf of Panama","Isla Iguana","JC22-2-1","JC22-2-1-170","pre_exp","Pomacentridae",3.242363,1.86558,9.77690762071954,"planktivore","demersal","Not cryptobenthic","Yes","Yes","Yes",6,7,0.0196042857142857,3.10072857142857,"JC22-2-1_3",23.0513912504155
"721","Pacific","Gulf of Panama","Isla Iguana","JC22-2-1","JC22-2-1-170","pre_exp","Pomacentridae",2.574338,1.376782,7.96381885818507,"planktivore","demersal","Not cryptobenthic","Yes","Yes","Yes",6,7,0.0196042857142857,3.10072857142857,"JC22-2-1_3",12.2034833084586
"722","Pacific","Gulf of Panama","Isla Iguana","JC22-2-1","JC22-2-1-170","pre_exp","Pomacentridae",1.86558,1.11609,5.98115527163874,"planktivore","demersal","Not cryptobenthic","Yes","Yes","Yes",6,7,0.0196042857142857,3.10072857142857,"JC22-2-1_3",5.02285574060946
"723","Pacific","Gulf of Panama","Isla Iguana","JC22-2-1","JC22-2-1-170","pre_exp","Pomacentridae",1.389002,0.85947,4.60136762371332,"planktivore","demersal","Not cryptobenthic","Yes","Yes","Yes",6,7,0.0196042857142857,3.10072857142857,"JC22-2-1_3",2.22732439704379
"724","Pacific","Gulf of Panama","Isla Iguana","JC22-2-1","JC22-2-1-170","pre_exp","Pomacentridae",1.279022,0.79294,4.27598870073366,"planktivore","demersal","Not cryptobenthic","Yes","Yes","Yes",6,7,0.0196042857142857,3.10072857142857,"JC22-2-1_3",1.7742878564777
"725","Pacific","Gulf of Panama","Isla Iguana","JC22-2-1","JC22-2-1-170","pre_exp","Pomacentridae",2.016293,1.107943,6.4088734020969,"planktivore","demersal","Not cryptobenthic","Yes","Yes","Yes",6,7,0.0196042857142857,3.10072857142857,"JC22-2-1_3",6.2224593645385
"726","Pacific","Gulf of Panama","Isla Iguana","JC22-2-1","JC22-2-1-170","pre_exp","Pomacentridae",1.560081,0.916497,5.10193394759082,"planktivore","demersal","Not cryptobenthic","Yes","Yes","Yes",6,7,0.0196042857142857,3.10072857142857,"JC22-2-1_3",3.06792428324228
"727","Pacific","Gulf of Panama","Isla Iguana","JC22-2-1","JC22-2-1-170","pre_exp","Pomacentridae",1.670061,0.973523,5.4204804874684,"planktivore","demersal","Not cryptobenthic","Yes","Yes","Yes",6,7,0.0196042857142857,3.10072857142857,"JC22-2-1_3",3.70171481436918
"728","Pacific","Gulf of Panama","Isla Iguana","JC22-2-1","JC22-2-1-170","pre_exp","Pomacentridae",1.446029,0.830957,4.76894652894434,"planktivore","demersal","Not cryptobenthic","Yes","Yes","Yes",6,7,0.0196042857142857,3.10072857142857,"JC22-2-1_3",2.48859891162516
"729","Pacific","Gulf of Panama","Isla Iguana","JC22-2-1","JC22-2-1-170","pre_exp","Pomacentridae",1.336049,0.801086,4.44507607877644,"planktivore","demersal","Not cryptobenthic","Yes","Yes","Yes",6,7,0.0196042857142857,3.10072857142857,"JC22-2-1_3",2.00100680132446
"730","Pacific","Gulf of Panama","Isla Iguana","JC22-2-1","JC22-2-1-175","pre_exp","Pomacentridae",1.645621,1.05499,5.34989893791504,"planktivore","demersal","Not cryptobenthic","Yes","Yes","Yes",6,7,0.0196042857142857,3.10072857142857,"JC22-2-1_3",3.5542908794671
"731","Pacific","Gulf of Panama","Isla Iguana","JC22-2-1","JC22-2-1-175","pre_exp","Pomacentridae",1.613035,0.89613,5.25561074282478,"herbivore","demersal","Not cryptobenthic","Yes","Yes","Yes",6,7,0.0196042857142857,3.10072857142857,"JC22-2-1_3",3.36362787607138
"732","Pacific","Gulf of Panama","Isla Iguana","JC22-2-1","JC22-2-1-175","pre_exp","Pomacentridae",2.016293,1.193483,6.4088734020969,"planktivore","demersal","Not cryptobenthic","Yes","Yes","Yes",6,7,0.0196042857142857,3.10072857142857,"JC22-2-1_3",6.2224593645385
"733","Pacific","Gulf of Panama","Isla Iguana","JC22-2-1","JC22-2-1-175","pre_exp","Pomacentridae",1.591548,0.955039,5.19332225682443,"planktivore","demersal","Not cryptobenthic","Yes","Yes","Yes",6,7,0.0196042857142857,3.10072857142857,"JC22-2-1_3",3.24154922150086
"734","Pacific","Gulf of Panama","Isla Iguana","JC22-2-1","JC22-2-1-175","pre_exp","Pomacentridae",1.435751,0.846437,4.7387987085267,"planktivore","demersal","Not cryptobenthic","Yes","Yes","Yes",6,7,0.0196042857142857,3.10072857142857,"JC22-2-1_3",2.44014091119996
"735","Pacific","Gulf of Panama","Isla Iguana","JC22-2-1","JC22-2-1-175","pre_exp","Pomacentridae",1.099796,0.686354,3.73890701534372,"omnivore_carnivore","demersal","Not cryptobenthic","Yes","Yes","Yes",6,7,0.0196042857142857,3.10072857142857,"JC22-2-1_3",1.17024493207168
"736","Pacific","Gulf of Panama","Isla Iguana","JC22-2-1","JC22-2-1-175","pre_exp","Pomacentridae",3.413442,1.686354,10.2342253583415,"planktivore","demersal","Not cryptobenthic","Yes","Yes","Yes",6,7,0.0196042857142857,3.10072857142857,"JC22-2-1_3",26.561790435454
"737","Pacific","Gulf of Panama","Isla Iguana","JC22-2-1","JC22-2-1-175","pre_exp","Pomacentridae",1.564155,0.961303,5.11377733843045,"planktivore","demersal","Not cryptobenthic","Yes","Yes","Yes",6,7,0.0196042857142857,3.10072857142857,"JC22-2-1_3",3.09006074240026
"738","Pacific","Gulf of Panama","Isla Iguana","JC22-2-1","JC22-2-1-175","pre_exp","Pomacentridae",2.114053,1.197556,6.68440432345558,"planktivore","demersal","Not cryptobenthic","Yes","Yes","Yes",6,7,0.0196042857142857,3.10072857142857,"JC22-2-1_3",7.09000507264551
"739","Pacific","Gulf of Panama","Isla Iguana","JC22-2-1","JC22-2-1-175","pre_exp","Pomacentridae",1.498982,0.88391,4.92389771289953,"planktivore","demersal","Not cryptobenthic","Yes","Yes","Yes",6,7,0.0196042857142857,3.10072857142857,"JC22-2-1_3",2.7479788740369
"740","Pacific","Gulf of Panama","Isla Iguana","JC22-2-1","JC22-2-1-180","pre_exp","Pomacentridae",NA,1.156823,10.4858798198234,"herbivore","demersal","Not cryptobenthic","Yes","Yes","Yes",6,7,0.0196042857142857,3.10072857142857,"JC22-2-1_4",28.6397829405173
"741","Pacific","Gulf of Panama","Isla Iguana","JC22-2-1","JC22-2-1-180","pre_exp","Pomacentridae",1.556008,0.725051,5.09009003338917,"omnivore_carnivore","demersal","Not cryptobenthic","Yes","Yes","Yes",6,7,0.0196042857142857,3.10072857142857,"JC22-2-1_4",3.04589453939173
"742","Pacific","Gulf of Panama","Isla Iguana","JC22-2-1","JC22-2-1-180","pre_exp","Pomacentridae",2.533605,1.494908,7.85169044571372,"herbivore","demersal","Not cryptobenthic","Yes","Yes","Yes",6,7,0.0196042857142857,3.10072857142857,"JC22-2-1_4",11.6785491333813
"743","Pacific","Gulf of Panama","Isla Iguana","JC22-2-1","JC22-2-1-180","pre_exp","Pomacentridae",1.686354,0.96945,5.46747016559125,"planktivore","demersal","Not cryptobenthic","Yes","Yes","Yes",6,7,0.0196042857142857,3.10072857142857,"JC22-2-1_4",3.80212561746743
"744","Pacific","Gulf of Panama","Isla Iguana","JC22-2-1","JC22-2-1-180","pre_exp","Pomacentridae",2.008147,1.189409,6.38584837622526,"planktivore","demersal","Not cryptobenthic","Yes","Yes","Yes",6,7,0.0196042857142857,3.10072857142857,"JC22-2-1_4",6.15340288104269
"745","Pacific","Gulf of Panama","Isla Iguana","JC22-2-1","JC22-2-1-180","pre_exp","Pomacentridae",1.670061,1.050916,5.4204804874684,"planktivore","demersal","Not cryptobenthic","Yes","Yes","Yes",6,7,0.0196042857142857,3.10072857142857,"JC22-2-1_4",3.70171481436918
"746","Pacific","Gulf of Panama","Isla Iguana","JC22-2-1","JC22-2-1-180","pre_exp","Pomacentridae",1.665988,0.985743,5.40872585997864,"planktivore","demersal","Not cryptobenthic","Yes","Yes","Yes",6,7,0.0196042857142857,3.10072857142857,"JC22-2-1_4",3.67688072565243
"747","Pacific","Gulf of Panama","Isla Iguana","JC22-2-1","JC22-2-1-180","pre_exp","Pomacentridae",1.995927,1.177189,6.35128856047827,"planktivore","demersal","Not cryptobenthic","Yes","Yes","Yes",6,7,0.0196042857142857,3.10072857142857,"JC22-2-1_4",6.05072874582992
"748","Pacific","Gulf of Panama","Isla Iguana","JC22-2-1","JC22-2-1-180","pre_exp","Pomacentridae",1.841141,1.01833,5.9114441852394,"planktivore","demersal","Not cryptobenthic","Yes","Yes","Yes",6,7,0.0196042857142857,3.10072857142857,"JC22-2-1_4",4.84354564474492
"749","Pacific","Gulf of Panama","Isla Iguana","JC22-2-1","JC22-2-1-180","pre_exp","Pomacentridae",1.739308,1.014257,5.61984673044577,"planktivore","demersal","Not cryptobenthic","Yes","Yes","Yes",6,7,0.0196042857142857,3.10072857142857,"JC22-2-1_4",4.14040774265214
"750","Pacific","Gulf of Panama","Isla Iguana","JC22-2-1","JC22-2-1-180","pre_exp","Pomacentridae",1.629328,1.010183,5.3027809916257,"herbivore","demersal","Not cryptobenthic","Yes","Yes","Yes",6,7,0.0196042857142857,3.10072857142857,"JC22-2-1_4",3.45812205427991
"751","Pacific","Gulf of Panama","Isla Iguana","JC22-2-1","JC22-2-1-180","pre_exp","Pomacentridae",2.101833,1.287169,6.65004158369289,"herbivore","demersal","Not cryptobenthic","Yes","Yes","Yes",6,7,0.0196042857142857,3.10072857142857,"JC22-2-1_4",6.97759934892613
"752","Pacific","Gulf of Panama","Isla Iguana","JC22-2-1","JC22-2-1-180","pre_exp","Pomacentridae",1.547862,0.89613,5.06639187500062,"herbivore","demersal","Not cryptobenthic","Yes","Yes","Yes",6,7,0.0196042857142857,3.10072857142857,"JC22-2-1_4",3.00213805882105
"753","Pacific","Gulf of Panama","Isla Iguana","JC22-2-1","JC22-2-1-180","pre_exp","Pomacentridae",1.767821,1.002037,5.70167971133653,"planktivore","demersal","Not cryptobenthic","Yes","Yes","Yes",6,7,0.0196042857142857,3.10072857142857,"JC22-2-1_4",4.33022596033622
"754","Pacific","Gulf of Panama","Isla Iguana","JC22-2-1","JC22-2-1-180","pre_exp","Pomacentridae",1.360489,0.820095,4.51729487945015,"planktivore","demersal","Not cryptobenthic","Yes","Yes","Yes",6,7,0.0196042857142857,3.10072857142857,"JC22-2-1_4",2.10354262680565
"755","Pacific","Gulf of Panama","Isla Iguana","JC22-2-1","JC22-2-1-180","pre_exp","Pomacentridae",1.156823,0.754922,3.91078320569889,"herbivore","demersal","Not cryptobenthic","Yes","Yes","Yes",6,7,0.0196042857142857,3.10072857142857,"JC22-2-1_4",1.345241102932
"756","Pacific","Gulf of Panama","Isla Iguana","JC22-2-1","JC22-2-1-185","pre_exp","Pomacentridae",3.356415,1.572301,10.0820732489499,"planktivore","demersal","Not cryptobenthic","Yes","Yes","Yes",6,7,0.0196042857142857,3.10072857142857,"JC22-2-1_4",25.3563484370883
"757","Pacific","Gulf of Panama","Isla Iguana","JC22-2-1","JC22-2-1-185","pre_exp","Pomacentridae",NA,0.765784,7.90019958663734,"planktivore","demersal","Not cryptobenthic","Yes","Yes","Yes",6,7,0.0196042857142857,3.10072857142857,"JC22-2-1_4",11.9037284954399
"758","Pacific","Gulf of Panama","Isla Iguana","JC22-2-1","JC22-2-1-185","pre_exp","Pomacentridae",1.873727,1.06721,6.00437162877728,"planktivore","demersal","Not cryptobenthic","Yes","Yes","Yes",6,7,0.0196042857142857,3.10072857142857,"JC22-2-1_4",5.08355634556464
"759","Pacific","Gulf of Panama","Isla Iguana","JC22-2-1","JC22-2-1-185","pre_exp","Pomacentridae",1.254582,0.836388,4.2032687929024,"planktivore","demersal","Not cryptobenthic","Yes","Yes","Yes",6,7,0.0196042857142857,3.10072857142857,"JC22-2-1_4",1.68238565881146
"760","Pacific","Gulf of Panama","Isla Iguana","JC22-2-1","JC22-2-1-185","pre_exp","Pomacentridae",NA,0.99389,9.44832484153613,"planktivore","demersal","Not cryptobenthic","Yes","Yes","Yes",6,7,0.0196042857142857,3.10072857142857,"JC22-2-1_4",20.732972395009
"761","Pacific","Gulf of Panama","Isla Iguana","JC22-2-1","JC22-2-1-185","pre_exp","Pomacentridae",1.315682,0.847251,4.38478080670652,"planktivore","demersal","Not cryptobenthic","Yes","Yes","Yes",6,7,0.0196042857142857,3.10072857142857,"JC22-2-1_4",1.91803788540234
"762","Pacific","Gulf of Panama","Isla Iguana","JC22-2-1","JC22-2-1-185","pre_exp","Pomacentridae",1.262729,0.773931,4.22752706937262,"planktivore","demersal","Not cryptobenthic","Yes","Yes","Yes",6,7,0.0196042857142857,3.10072857142857,"JC22-2-1_4",1.71267517628507
"763","Pacific","Gulf of Panama","Isla Iguana","JC22-2-1","JC22-2-1-190","pre_exp","Pomacentridae",NA,1.14053,10.38429039263,"planktivore","demersal","Not cryptobenthic","Yes","Yes","Yes",6,7,0.0196042857142857,3.10072857142857,"JC22-2-1_5",27.7881530631611
"764","Pacific","Gulf of Panama","Isla Iguana","JC22-2-1","JC22-2-1-190","pre_exp","Pomacentridae",1.543788,0.936864,5.05453469981955,"planktivore","demersal","Not cryptobenthic","Yes","Yes","Yes",6,7,0.0196042857142857,3.10072857142857,"JC22-2-1_5",2.98040559936172
"765","Pacific","Gulf of Panama","Isla Iguana","JC22-2-1","JC22-2-1-190","pre_exp","Pomacentridae",1.92668,1.169043,6.15500031955947,"planktivore","demersal","Not cryptobenthic","Yes","Yes","Yes",6,7,0.0196042857142857,3.10072857142857,"JC22-2-1_5",5.48950367023747
"766","Pacific","Gulf of Panama","Isla Iguana","JC22-2-1","JC22-2-1-190","pre_exp","Pomacentridae",2.057026,1.254582,6.52385313884353,"planktivore","demersal","Not cryptobenthic","Yes","Yes","Yes",6,7,0.0196042857142857,3.10072857142857,"JC22-2-1_5",6.57517616420743
"767","Pacific","Gulf of Panama","Isla Iguana","JC22-2-1","JC22-2-1-190","pre_exp","Pomacentridae",NA,1.270876,11.184918564263,"planktivore","demersal","Not cryptobenthic","Yes","Yes","Yes",6,7,0.0196042857142857,3.10072857142857,"JC22-2-1_5",34.9845900424503
"768","Pacific","Gulf of Panama","Isla Iguana","JC22-2-1","JC22-2-1-195","pre_exp","Pomacentridae",1.547862,0.916497,5.06639187500062,"planktivore","demersal","Not cryptobenthic","Yes","Yes","Yes",6,7,0.0196042857142857,3.10072857142857,"JC22-2-1_5",3.00213805882105
"769","Pacific","Gulf of Panama","Isla Iguana","JC22-2-1","JC22-2-1-195","pre_exp","Pomacentridae",2.696538,1.527495,8.29904032705263,"planktivore","demersal","Not cryptobenthic","Yes","Yes","Yes",6,7,0.0196042857142857,3.10072857142857,"JC22-2-1_5",13.8677822266867
"770","Pacific","Gulf of Panama","Isla Iguana","JC22-2-1","JC22-2-1-195","pre_exp","Pomacentridae",1.152749,0.706042,3.89853611309414,"herbivore","demersal","Not cryptobenthic","Yes","Yes","Yes",6,7,0.0196042857142857,3.10072857142857,"JC22-2-1_5",1.33222131567028
"771","Pacific","Gulf of Panama","Isla Iguana","JC22-2-1","JC22-2-1-200","pre_exp","Pomacentridae",1.393075,0.753564,4.61336145975705,"planktivore","demersal","Not cryptobenthic","Yes","Yes","Yes",6,7,0.0196042857142857,3.10072857142857,"JC22-2-1_6",2.24537563316631
"772","Pacific","Gulf of Panama","Isla Iguana","JC22-2-1","JC22-2-1-200","pre_exp","Pomacentridae",1.197556,0.681602,4.03297308124128,"planktivore","demersal","Not cryptobenthic","Yes","Yes","Yes",6,7,0.0196042857142857,3.10072857142857,"JC22-2-1_6",1.47989453597281
"773","Pacific","Gulf of Panama","Isla Iguana","JC22-2-1","JC22-2-1-200","pre_exp","Pomacentridae",1.221996,0.738629,4.10606555393165,"planktivore","demersal","Not cryptobenthic","Yes","Yes","Yes",6,7,0.0196042857142857,3.10072857142857,"JC22-2-1_6",1.56465348491763
"774","Pacific","Gulf of Panama","Isla Iguana","JC22-2-1","JC22-2-1-200","pre_exp","Pomacentridae",NA,1.539715,12.7594292774618,"planktivore","demersal","Not cryptobenthic","Yes","Yes","Yes",6,7,0.0196042857142857,3.10072857142857,"JC22-2-1_6",52.6300245323595
"775","Pacific","Gulf of Panama","Isla Iguana","JC22-2-1","JC22-2-1-200","pre_exp","Pomacentridae",1.221996,0.778004,4.10606555393165,"planktivore","demersal","Not cryptobenthic","Yes","Yes","Yes",6,7,0.0196042857142857,3.10072857142857,"JC22-2-1_6",1.56465348491763
"776","Pacific","Gulf of Panama","Isla Iguana","JC22-2-1","JC22-2-1-200","pre_exp","Pomacentridae",NA,0.94501,9.12688221528228,"planktivore","demersal","Not cryptobenthic","Yes","Yes","Yes",6,7,0.0196042857142857,3.10072857142857,"JC22-2-1_6",18.6230268351122
"777","Pacific","Gulf of Panama","Isla Iguana","JC22-2-1","JC22-2-1-200","pre_exp","Pomacentridae",1.747454,1.026477,5.64324102437395,"planktivore","demersal","Not cryptobenthic","Yes","Yes","Yes",6,7,0.0196042857142857,3.10072857142857,"JC22-2-1_6",4.1940849627488
"778","Pacific","Gulf of Panama","Isla Iguana","JC22-2-1","JC22-2-1-200","pre_exp","Pomacentridae",NA,0.93279,9.04571373253283,"planktivore","demersal","Not cryptobenthic","Yes","Yes","Yes",6,7,0.0196042857142857,3.10072857142857,"JC22-2-1_6",18.1142627545381
"779","Pacific","Gulf of Panama","Isla Iguana","JC22-2-1","JC22-2-1-200","pre_exp","Pomacentridae",1.498982,0.89613,4.92389771289953,"planktivore","demersal","Not cryptobenthic","Yes","Yes","Yes",6,7,0.0196042857142857,3.10072857142857,"JC22-2-1_6",2.7479788740369
"780","Pacific","Gulf of Panama","Isla Iguana","JC22-2-1","JC22-2-1-200","pre_exp","Pomacentridae",1.547862,0.985743,5.06639187500062,"planktivore","demersal","Not cryptobenthic","Yes","Yes","Yes",6,7,0.0196042857142857,3.10072857142857,"JC22-2-1_6",3.00213805882105
"781","Pacific","Gulf of Panama","Isla Iguana","JC22-2-1","JC22-2-1-200","pre_exp","Pomacentridae",1.600815,0.94501,5.22019765510404,"planktivore","demersal","Not cryptobenthic","Yes","Yes","Yes",6,7,0.0196042857142857,3.10072857142857,"JC22-2-1_6",3.29384718007097
"782","Pacific","Gulf of Panama","Isla Iguana","JC22-2-1","JC22-2-1-200","pre_exp","Pomacentridae",1.413442,0.879837,4.6732784232683,"planktivore","demersal","Not cryptobenthic","Yes","Yes","Yes",6,7,0.0196042857142857,3.10072857142857,"JC22-2-1_6",2.33703934700233
"783","Pacific","Gulf of Panama","Isla Iguana","JC22-2-1","JC22-2-1-200","pre_exp","Pomacentridae",1.311609,0.851324,4.37271055769481,"planktivore","demersal","Not cryptobenthic","Yes","Yes","Yes",6,7,0.0196042857142857,3.10072857142857,"JC22-2-1_6",1.90171364403526
"784","Pacific","Gulf of Panama","Isla Iguana","JC22-2-1","JC22-2-1-200","pre_exp","Pomacentridae",1.299389,0.765784,4.33647183145696,"planktivore","demersal","Not cryptobenthic","Yes","Yes","Yes",6,7,0.0196042857142857,3.10072857142857,"JC22-2-1_6",1.85326901503889
"785","Pacific","Gulf of Panama","Isla Iguana","JC22-2-1","JC22-2-1-205","pre_exp","Pomacentridae",1.287169,0.746775,4.30019527547798,"planktivore","demersal","Not cryptobenthic","Yes","Yes","Yes",6,7,0.0196042857142857,3.10072857142857,"JC22-2-1_7",1.8056181666072
"786","Pacific","Gulf of Panama","Isla Iguana","JC22-2-1","JC22-2-1-205","pre_exp","Pomacentridae",1.507128,0.92057,4.94768016020871,"planktivore","demersal","Not cryptobenthic","Yes","Yes","Yes",6,7,0.0196042857142857,3.10072857142857,"JC22-2-1_7",2.78934323004128
"787","Pacific","Gulf of Panama","Isla Iguana","JC22-2-1","JC22-2-1-205","pre_exp","Pomacentridae",2.004073,1.071283,6.37432915175532,"omnivore_carnivore","demersal","Not cryptobenthic","Yes","Yes","Yes",6,7,0.0196042857142857,3.10072857142857,"JC22-2-1_7",6.11905019978484
"788","Pacific","Gulf of Panama","Isla Iguana","JC22-2-1","JC22-2-1-205","pre_exp","Pomacentridae",1.547862,0.898846,5.06639187500062,"planktivore","demersal","Not cryptobenthic","Yes","Yes","Yes",6,7,0.0196042857142857,3.10072857142857,"JC22-2-1_7",3.00213805882105
"789","Pacific","Gulf of Panama","Isla Iguana","JC22-2-1","JC22-2-1-205","pre_exp","Pomacentridae",1.450102,0.95723,4.78088702245867,"planktivore","demersal","Not cryptobenthic","Yes","Yes","Yes",6,7,0.0196042857142857,3.10072857142857,"JC22-2-1_7",2.50797027472774
"790","Pacific","Gulf of Panama","Isla Iguana","JC22-2-1","JC22-2-1-205","pre_exp","Pomacentridae",2.567794,1.436791,7.94581810837035,"planktivore","demersal","Not cryptobenthic","Yes","Yes","Yes",6,7,0.0196042857142857,3.10072857142857,"JC22-2-1_7",12.1181565330019
"791","Pacific","Gulf of Panama","Isla Iguana","JC22-2-1","JC22-2-1-205","pre_exp","Pomacentridae",2.395846,1.405679,7.47096716767363,"planktivore","demersal","Not cryptobenthic","Yes","Yes","Yes",6,7,0.0196042857142857,3.10072857142857,"JC22-2-1_7",10.0104939392431
"792","Pacific","Gulf of Panama","Isla Iguana","JC22-2-1","JC22-2-1-205","pre_exp","Pomacentridae",2.517312,1.348269,7.80678378206669,"herbivore","demersal","Not cryptobenthic","Yes","Yes","Yes",6,7,0.0196042857142857,3.10072857142857,"JC22-2-1_7",11.4726810996137
"793","Pacific","Gulf of Panama","Isla Iguana","JC22-2-1","JC22-2-1-205","pre_exp","Pomacentridae",1.613035,0.99389,5.25561074282478,"omnivore_carnivore","demersal","Not cryptobenthic","Yes","Yes","Yes",6,7,0.0196042857142857,3.10072857142857,"JC22-2-1_7",3.36362787607138
"794","Pacific","Gulf of Panama","Isla Iguana","JC22-2-1","JC22-2-1-205","pre_exp","Pomacentridae",1.535642,0.99389,5.03081574856297,"planktivore","demersal","Not cryptobenthic","Yes","Yes","Yes",6,7,0.0196042857142857,3.10072857142857,"JC22-2-1_7",2.9372525770816
"795","Pacific","Gulf of Panama","Isla Iguana","JC22-2-1","JC22-2-1-212","pre_exp","Pomacentridae",1.760428,0.985773,5.68047578270816,"herbivore","demersal","Not cryptobenthic","Yes","Yes","Yes",6,7,0.0196042857142857,3.10072857142857,"JC22-2-1_8",4.28048772289348
"796","Pacific","Gulf of Panama","Isla Iguana","JC22-2-1","JC22-2-1-212","pre_exp","Pomacentridae",1.143245,0.752206,3.86994687215817,"planktivore","demersal","Not cryptobenthic","Yes","Yes","Yes",6,7,0.0196042857142857,3.10072857142857,"JC22-2-1_8",1.30216110040584
"797","Pacific","Gulf of Panama","Isla Iguana","JC22-2-1","JC22-2-1-212","pre_exp","Pomacentridae",1.295316,0.79294,4.32438485835295,"planktivore","demersal","Not cryptobenthic","Yes","Yes","Yes",6,7,0.0196042857142857,3.10072857142857,"JC22-2-1_8",1.83729878346881
"798","Pacific","Gulf of Panama","Isla Iguana","JC22-2-1","JC22-2-1-212","pre_exp","Pomacentridae",2.631365,1.458248,8.12047119693915,"planktivore","demersal","Not cryptobenthic","Yes","Yes","Yes",6,7,0.0196042857142857,3.10072857142857,"JC22-2-1_8",12.9632988160411
"799","Pacific","Gulf of Panama","Isla Iguana","JC22-2-1","JC22-2-1-212","pre_exp","Pomacentridae",2.476578,1.376782,7.69437134191133,"planktivore","demersal","Not cryptobenthic","Yes","Yes","Yes",6,7,0.0196042857142857,3.10072857142857,"JC22-2-1_8",10.9681505884471
"800","Pacific","Gulf of Panama","Isla Iguana","JC22-2-1","JC22-2-1-212","pre_exp","Pomacentridae",2.052953,1.197556,6.51236745797698,"planktivore","demersal","Not cryptobenthic","Yes","Yes","Yes",6,7,0.0196042857142857,3.10072857142857,"JC22-2-1_8",6.5393483448176
"801","Pacific","Gulf of Panama","Isla Iguana","JC22-2-1","JC22-2-1-212","pre_exp","Pomacentridae",1.947047,1.083503,6.21281285480251,"planktivore","demersal","Not cryptobenthic","Yes","Yes","Yes",6,7,0.0196042857142857,3.10072857142857,"JC22-2-1_8",5.65096520307332
"802","Pacific","Gulf of Panama","Isla Iguana","JC22-2-2","JC22-2-2-40","modern","Pomacentridae",2.912779,1.647059,8.88816699793702,"planktivore","demersal","Not cryptobenthic","Yes","Yes","Yes",6,7,0.0196042857142857,3.10072857142857,"JC22-2-2_1",17.1537919732271
"803","Pacific","Gulf of Panama","Isla Iguana","JC22-2-2","JC22-2-2-40","modern","Pomacentridae",NA,0.957404,9.20887087824752,"planktivore","demersal","Not cryptobenthic","Yes","Yes","Yes",6,7,0.0196042857142857,3.10072857142857,"JC22-2-2_1",19.1466723586871
"804","Pacific","Gulf of Panama","Isla Iguana","JC22-2-2","JC22-2-2-45","modern","Pomacentridae",1.995943,1.221095,6.35133382596434,"planktivore","demersal","Not cryptobenthic","Yes","Yes","Yes",6,7,0.0196042857142857,3.10072857142857,"JC22-2-2_1",6.05086246079943
"805","Pacific","Gulf of Panama","Isla Iguana","JC22-2-2","JC22-2-2-50","modern","Pomacentridae",1.817444,1.006085,5.84375152788396,"planktivore","demersal","Not cryptobenthic","Yes","Yes","Yes",6,7,0.0196042857142857,3.10072857142857,"JC22-2-2_1",4.67362661149473
"806","Pacific","Gulf of Panama","Isla Iguana","JC22-2-2","JC22-2-2-50","modern","Pomacentridae",1.517241,0.860041,4.9771854858474,"planktivore","demersal","Not cryptobenthic","Yes","Yes","Yes",6,7,0.0196042857142857,3.10072857142857,"JC22-2-2_1",2.8412450126732
"807","Pacific","Gulf of Panama","Isla Iguana","JC22-2-2","JC22-2-2-55","modern","Pomacentridae",1.541582,0.892495,5.0481127977557,"planktivore","demersal","Not cryptobenthic","Yes","Yes","Yes",6,7,0.0196042857142857,3.10072857142857,"JC22-2-2_1",2.96867981428189
"808","Pacific","Gulf of Panama","Isla Iguana","JC22-2-2","JC22-2-2-55","modern","Pomacentridae",1.252197,0.778905,4.19616398191461,"omnivore_carnivore","demersal","Not cryptobenthic","Yes","Yes","Yes",6,7,0.0196042857142857,3.10072857142857,"JC22-2-2_1",1.67358361744712
"809","Pacific","Gulf of Panama","Isla Iguana","JC22-2-2","JC22-2-2-55","modern","Pomacentridae",1.565923,0.970926,5.11891596756723,"planktivore","demersal","Not cryptobenthic","Yes","Yes","Yes",6,7,0.0196042857142857,3.10072857142857,"JC22-2-2_1",3.09969891145972
"810","Pacific","Gulf of Panama","Isla Iguana","JC22-2-2","JC22-2-2-55","modern","Pomacentridae",1.557809,0.873563,5.09532760152687,"planktivore","demersal","Not cryptobenthic","Yes","Yes","Yes",6,7,0.0196042857142857,3.10072857142857,"JC22-2-2_1",3.05562317961282
"811","Pacific","Gulf of Panama","Isla Iguana","JC22-2-2","JC22-2-2-60","modern","Pomacentridae",2.807302,1.541582,8.60143507789798,"planktivore","demersal","Not cryptobenthic","Yes","Yes","Yes",6,7,0.0196042857142857,3.10072857142857,"JC22-2-2_2",15.4953633233192
"812","Pacific","Gulf of Panama","Isla Iguana","JC22-2-2","JC22-2-2-60","modern","Pomacentridae",1.395538,0.84787,4.62061241186007,"planktivore","demersal","Not cryptobenthic","Yes","Yes","Yes",6,7,0.0196042857142857,3.10072857142857,"JC22-2-2_2",2.25633655555364
"813","Pacific","Gulf of Panama","Isla Iguana","JC22-2-2","JC22-2-2-65","modern","Pomacentridae",3.075051,1.622718,9.32706264232959,"planktivore","demersal","Not cryptobenthic","Yes","Yes","Yes",6,7,0.0196042857142857,3.10072857142857,"JC22-2-2_2",19.9189628597333
"814","Pacific","Gulf of Panama","Isla Iguana","JC22-2-2","JC22-2-2-65","modern","Pomacentridae",2.141988,1.200811,6.76287525734337,"planktivore","demersal","Not cryptobenthic","Yes","Yes","Yes",6,7,0.0196042857142857,3.10072857142857,"JC22-2-2_2",7.3512823158892
"815","Pacific","Gulf of Panama","Isla Iguana","JC22-2-2","JC22-2-2-65","modern","Pomacentridae",NA,0.957404,9.20887087824752,"planktivore","demersal","Not cryptobenthic","Yes","Yes","Yes",6,7,0.0196042857142857,3.10072857142857,"JC22-2-2_2",19.1466723586871
"816","Pacific","Gulf of Panama","Isla Iguana","JC22-2-2","JC22-2-2-70","modern","Pomacentridae",1.168357,0.742394,3.94543036262583,"planktivore","demersal","Not cryptobenthic","Yes","Yes","Yes",6,7,0.0196042857142857,3.10072857142857,"JC22-2-2_2",1.38254063960446
"817","Pacific","Gulf of Panama","Isla Iguana","JC22-2-2","JC22-2-2-70","modern","Pomacentridae",NA,0.916836,8.93923913416855,"planktivore","demersal","Not cryptobenthic","Yes","Yes","Yes",6,7,0.0196042857142857,3.10072857142857,"JC22-2-2_2",17.4612702927263
"818","Pacific","Gulf of Panama","Isla Iguana","JC22-2-2","JC22-2-2-135","pre_exp","Pomacentridae",NA,1.184584,10.6579469413414,"planktivore","demersal","Not cryptobenthic","Yes","Yes","Yes",6,7,0.0196042857142857,3.10072857142857,"JC22-2-2_3",30.1222753319032
"819","Pacific","Gulf of Panama","Isla Iguana","JC22-2-2","JC22-2-2-135","pre_exp","Pomacentridae",NA,0.904665,8.85762056306881,"planktivore","demersal","Not cryptobenthic","Yes","Yes","Yes",6,7,0.0196042857142857,3.10072857142857,"JC22-2-2_3",16.9716526883671
"820","Pacific","Gulf of Panama","Isla Iguana","JC22-2-2","JC22-2-2-135","pre_exp","Pomacentridae",2.085193,1.119675,6.60321408863369,"planktivore","demersal","Not cryptobenthic","Yes","Yes","Yes",6,7,0.0196042857142857,3.10072857142857,"JC22-2-2_3",6.82637191607253
"821","Pacific","Gulf of Panama","Isla Iguana","JC22-2-2","JC22-2-2-135","pre_exp","Pomacentridae",NA,1.03854,9.7376404233085,"planktivore","demersal","Not cryptobenthic","Yes","Yes","Yes",6,7,0.0196042857142857,3.10072857142857,"JC22-2-2_3",22.7655295266691
"822","Pacific","Gulf of Panama","Isla Iguana","JC22-2-2","JC22-2-2-135","pre_exp","Pomacentridae",1.342799,0.868154,4.4650364811109,"planktivore","demersal","Not cryptobenthic","Yes","Yes","Yes",6,7,0.0196042857142857,3.10072857142857,"JC22-2-2_3",2.02899979526942
"823","Pacific","Gulf of Panama","Isla Iguana","JC22-2-2","JC22-2-2-135","pre_exp","Pomacentridae",NA,0.868154,8.61068259189591,"planktivore","demersal","Not cryptobenthic","Yes","Yes","Yes",6,7,0.0196042857142857,3.10072857142857,"JC22-2-2_3",15.5470775392452
"824","Pacific","Gulf of Panama","Isla Iguana","JC22-2-2","JC22-2-2-135","pre_exp","Pomacentridae",2.052738,1.070994,6.51176109722793,"planktivore","demersal","Not cryptobenthic","Yes","Yes","Yes",6,7,0.0196042857142857,3.10072857142857,"JC22-2-2_3",6.53746057980461
"825","Pacific","Gulf of Panama","Isla Iguana","JC22-2-2","JC22-2-2-135","pre_exp","Pomacentridae",1.752535,0.985801,5.65782689212405,"planktivore","demersal","Not cryptobenthic","Yes","Yes","Yes",6,7,0.0196042857142857,3.10072857142857,"JC22-2-2_3",4.22778909909871
"826","Pacific","Gulf of Panama","Isla Iguana","JC22-2-2","JC22-2-2-142","pre_exp","Pomacentridae",2.969574,1.557809,9.04208107936495,"planktivore","demersal","Not cryptobenthic","Yes","Yes","Yes",6,7,0.0196042857142857,3.10072857142857,"JC22-2-2_3",18.0917160898355
"827","Pacific","Gulf of Panama","Isla Iguana","JC22-2-2","JC22-2-2-142","pre_exp","Pomacentridae",NA,1.006085,9.52774150155043,"planktivore","demersal","Not cryptobenthic","Yes","Yes","Yes",6,7,0.0196042857142857,3.10072857142857,"JC22-2-2_3",21.2781164433024
"828","Pacific","Gulf of Panama","Isla Iguana","JC22-2-2","JC22-2-2-142","pre_exp","Pomacentridae",0.129817,1.15213,0.559391551555852,"omnivore_carnivore","demersal","Not cryptobenthic","Yes","Yes","Yes",6,7,0.0196042857142857,3.10072857142857,"JC22-2-2_3",0.00323658126256352
"829","Pacific","Gulf of Panama","Isla Iguana","JC22-2-2","JC22-2-2-142","pre_exp","Pomacentridae",0.146045,0.965517,0.621148995776811,"planktivore","demersal","Not cryptobenthic","Yes","Yes","Yes",6,7,0.0196042857142857,3.10072857142857,"JC22-2-2_3",0.00447823925676332
"830","Pacific","Gulf of Panama","Isla Iguana","JC22-2-2","JC22-2-2-142","pre_exp","Pomacentridae",0.129817,0.900609,0.559391551555852,"planktivore","demersal","Not cryptobenthic","Yes","Yes","Yes",6,7,0.0196042857142857,3.10072857142857,"JC22-2-2_3",0.00323658126256352
"831","Pacific","Gulf of Panama","Isla Iguana","JC22-2-3","JC22-2-3-30","modern","Pomacentridae",NA,1.06288,9.89370828005107,"planktivore","demersal","Not cryptobenthic","Yes","Yes","Yes",6,7,0.0196042857142857,3.10072857142857,"JC22-2-1_1",23.9160485418291
"832","Pacific","Gulf of Panama","Isla Iguana","JC22-2-3","JC22-2-3-30","modern","Pomacentridae",2.068966,1.208925,6.5575088964874,"planktivore","demersal","Not cryptobenthic","Yes","Yes","Yes",6,7,0.0196042857142857,3.10072857142857,"JC22-2-1_1",6.68092551979523
"833","Pacific","Gulf of Panama","Isla Iguana","JC22-2-3","JC22-2-3-135","pre_exp","Pomacentridae",2.10142,1.225152,6.64887983779567,"planktivore","demersal","Not cryptobenthic","Yes","Yes","Yes",6,7,0.0196042857142857,3.10072857142857,"JC22-2-3_2",6.97382034909313
"834","Pacific","Gulf of Panama","Isla Iguana","JC22-2-3","JC22-2-3-135","pre_exp","Pomacentridae",NA,1.091278,10.0743863648676,"planktivore","demersal","Not cryptobenthic","Yes","Yes","Yes",6,7,0.0196042857142857,3.10072857142857,"JC22-2-3_2",25.2964517078561
"835","Pacific","Gulf of Panama","Isla Iguana","JC22-2-3","JC22-2-3-135","pre_exp","Pomacentridae",1.290061,0.789723,4.30878396723763,"planktivore","demersal","Not cryptobenthic","Yes","Yes","Yes",6,7,0.0196042857142857,3.10072857142857,"JC22-2-3_2",1.81682387486349
"836","Pacific","Gulf of Panama","Isla Iguana","JC22-2-3","JC22-2-3-135","pre_exp","Pomacentridae",NA,0.985801,9.39547878095761,"herbivore","demersal","Not cryptobenthic","Yes","Yes","Yes",6,7,0.0196042857142857,3.10072857142857,"JC22-2-3_2",20.3755107546863
"837","Pacific","Gulf of Panama","Isla Iguana","JC22-2-3","JC22-2-3-135","pre_exp","Pomacentridae",NA,0.912779,8.91207091896182,"planktivore","demersal","Not cryptobenthic","Yes","Yes","Yes",6,7,0.0196042857142857,3.10072857142857,"JC22-2-3_2",17.2972441452032
"838","Pacific","Gulf of Panama","Isla Iguana","JC22-2-3","JC22-2-3-135","pre_exp","Pomacentridae",NA,1.030426,9.68535935228484,"planktivore","demersal","Not cryptobenthic","Yes","Yes","Yes",6,7,0.0196042857142857,3.10072857142857,"JC22-2-3_2",22.3886686782944
"839","Pacific","Gulf of Panama","Isla Iguana","JC22-2-3","JC22-2-3-135","pre_exp","Pomacentridae",1.403651,0.824882,4.64448666437107,"planktivore","demersal","Not cryptobenthic","Yes","Yes","Yes",6,7,0.0196042857142857,3.10072857142857,"JC22-2-3_2",2.29268224551685
"840","Pacific","Gulf of Panama","Isla Iguana","JC22-2-3","JC22-2-3-135","pre_exp","Pomacentridae",1.58215,0.945233,5.1660492059984,"planktivore","demersal","Not cryptobenthic","Yes","Yes","Yes",6,7,0.0196042857142857,3.10072857142857,"JC22-2-3_2",3.18905551492785
"841","Pacific","Gulf of Panama","Isla Iguana","JC22-2-3","JC22-2-3-140","pre_exp","Pomacentridae",1.687627,1.006085,5.47113942236489,"planktivore","demersal","Not cryptobenthic","Yes","Yes","Yes",6,7,0.0196042857142857,3.10072857142857,"JC22-2-3_2",3.81004311614796
"842","Pacific","Gulf of Panama","Isla Iguana","JC22-2-3","JC22-2-3-140","pre_exp","Pomacentridae",1.419878,0.8357,4.69219229250239,"planktivore","demersal","Not cryptobenthic","Yes","Yes","Yes",6,7,0.0196042857142857,3.10072857142857,"JC22-2-3_2",2.36649261821992
"843","Pacific","Gulf of Panama","Isla Iguana","JC22-2-3","JC22-2-3-140","pre_exp","Pomacentridae",1.890467,1.06288,6.05204022227886,"planktivore","demersal","Not cryptobenthic","Yes","Yes","Yes",6,7,0.0196042857142857,3.10072857142857,"JC22-2-3_2",5.2097429106214
"844","Pacific","Gulf of Panama","Isla Iguana","JC22-2-3","JC22-2-3-140","pre_exp","Pomacentridae",1.342799,0.787018,4.4650364811109,"planktivore","demersal","Not cryptobenthic","Yes","Yes","Yes",6,7,0.0196042857142857,3.10072857142857,"JC22-2-3_2",2.02899979526942
"845","Pacific","Gulf of Panama","Isla Iguana","JC22-2-3","JC22-2-3-140","pre_exp","Pomacentridae",1.135903,0.677485,3.84784315405376,"planktivore","demersal","Not cryptobenthic","Yes","Yes","Yes",6,7,0.0196042857142857,3.10072857142857,"JC22-2-3_2",1.27923759745031
"846","Pacific","Gulf of Panama","Isla Iguana","JC22-2-3","JC22-2-3-147","pre_exp","Pomacentridae",2.697436,1.552772,8.30149741019425,"planktivore","demersal","Not cryptobenthic","Yes","Yes","Yes",6,7,0.0196042857142857,3.10072857142857,"JC22-2-3_3",13.8805171927442
"847","Pacific","Gulf of Panama","Isla Iguana","JC22-2-3","JC22-2-3-147","pre_exp","Pomacentridae",1.890467,1.103448,6.05204022227886,"planktivore","demersal","Not cryptobenthic","Yes","Yes","Yes",6,7,0.0196042857142857,3.10072857142857,"JC22-2-3_3",5.2097429106214
"848","Pacific","Gulf of Panama","Isla Iguana","JC22-2-3","JC22-2-3-147","pre_exp","Pomacentridae",NA,1.03854,9.7376404233085,"planktivore","demersal","Not cryptobenthic","Yes","Yes","Yes",6,7,0.0196042857142857,3.10072857142857,"JC22-2-3_3",22.7655295266691
"849","Pacific","Gulf of Panama","Isla Iguana","JC22-2-3","JC22-2-3-147","pre_exp","Pomacentridae",NA,1.436105,12.1637176269348,"planktivore","demersal","Not cryptobenthic","Yes","Yes","Yes",6,7,0.0196042857142857,3.10072857142857,"JC22-2-3_3",45.3781925683899
"850","Pacific","Gulf of Panama","Isla Iguana","JC22-2-3","JC22-2-3-147","pre_exp","Pomacentridae",1.711968,0.933063,5.54124041694779,"planktivore","demersal","Not cryptobenthic","Yes","Yes","Yes",6,7,0.0196042857142857,3.10072857142857,"JC22-2-3_3",3.96345994160269
"851","Pacific","Gulf of Panama","Isla Iguana","JC22-2-3","JC22-2-3-147","pre_exp","Pomacentridae",1.192698,0.770791,4.01842468663647,"planktivore","demersal","Not cryptobenthic","Yes","Yes","Yes",6,7,0.0196042857142857,3.10072857142857,"JC22-2-3_3",1.46340388627677
"852","Pacific","Gulf of Panama","Isla Iguana","JC22-2-3","JC22-2-3-147","pre_exp","Pomacentridae",2.259635,1.233266,7.09212577174265,"planktivore","demersal","Not cryptobenthic","Yes","Yes","Yes",6,7,0.0196042857142857,3.10072857142857,"JC22-2-3_3",8.51878787196086
"853","Pacific","Gulf of Panama","Isla Iguana","JC22-2-3","JC22-2-3-147","pre_exp","Pomacentridae",1.360551,0.852323,4.51747790183303,"planktivore","demersal","Not cryptobenthic","Yes","Yes","Yes",6,7,0.0196042857142857,3.10072857142857,"JC22-2-3_3",2.10380690377279
"854","Pacific","Gulf of Panama","Isla Iguana","JC22-2-3","JC22-2-3-147","pre_exp","Pomacentridae",1.35497,0.839757,4.50099922259543,"planktivore","demersal","Not cryptobenthic","Yes","Yes","Yes",6,7,0.0196042857142857,3.10072857142857,"JC22-2-3_3",2.08010239061677
"855","Pacific","Gulf of Panama","Isla Iguana","JC22-2-3","JC22-2-3-147","pre_exp","Pomacentridae",1.752535,1.030426,5.65782689212405,"planktivore","demersal","Not cryptobenthic","Yes","Yes","Yes",6,7,0.0196042857142857,3.10072857142857,"JC22-2-3_3",4.22778909909871
"856","Pacific","Gulf of Panama","Isla Iguana","JC22-2-3","JC22-2-3-147","pre_exp","Pomacentridae",NA,1.334686,11.5673945424863,"planktivore","demersal","Not cryptobenthic","Yes","Yes","Yes",6,7,0.0196042857142857,3.10072857142857,"JC22-2-3_3",38.8289697636041
"857","Pacific","Gulf of Panama","Isla Iguana","JC22-2-3","JC22-2-3-147","pre_exp","Pomacentridae",1.342799,0.823529,4.4650364811109,"planktivore","demersal","Not cryptobenthic","Yes","Yes","Yes",6,7,0.0196042857142857,3.10072857142857,"JC22-2-3_3",2.02899979526942
"858","Pacific","Gulf of Panama","Isla Iguana","JC22-2-3","JC22-2-3-147","pre_exp","Pomacentridae",NA,1.306288,11.3979022752161,"planktivore","demersal","Not cryptobenthic","Yes","Yes","Yes",6,7,0.0196042857142857,3.10072857142857,"JC22-2-3_3",37.0918312951016
"859","Pacific","Gulf of Panama","Isla Iguana","JC22-2-3","JC22-2-3-147","pre_exp","Pomacentridae",NA,1.026369,9.65917041844126,"planktivore","demersal","Not cryptobenthic","Yes","Yes","Yes",6,7,0.0196042857142857,3.10072857142857,"JC22-2-3_3",22.2014883912983
"860","Pacific","Gulf of Panama","Isla Iguana","JC22-2-3","JC22-2-3-147","pre_exp","Pomacentridae",1.403651,0.778905,4.64448666437107,"planktivore","demersal","Not cryptobenthic","Yes","Yes","Yes",6,7,0.0196042857142857,3.10072857142857,"JC22-2-3_3",2.29268224551685
"861","Pacific","Gulf of Panama","Isla Iguana","JC22-2-3","JC22-2-3-147","pre_exp","Pomacentridae",1.095335,0.669371,3.72542071547163,"planktivore","demersal","Not cryptobenthic","Yes","Yes","Yes",6,7,0.0196042857142857,3.10072857142857,"JC22-2-3_3",1.15720599092838
"862","Pacific","Gulf of Panama","Isla Iguana","JC22-2-3","JC22-2-3-147","pre_exp","Pomacentridae",1.245436,0.727519,4.1760150861489,"planktivore","demersal","Not cryptobenthic","Yes","Yes","Yes",6,7,0.0196042857142857,3.10072857142857,"JC22-2-3_3",1.64879125552446
"863","Caribbean","Bocas","Sweet Bocas SE Face","AT14-10","AT14-10-3","pre_exp","Apogonidae",0.991535,0.7810266564,1.67816852126386,"planktivore","demersal","Cryptobenthic","No","No","Yes",5,6,0.015875,3.07606666666667,"AT14-10_2",0.0780410201118463
"864","Caribbean","Bocas","Sweet Bocas SE Face","AT14-9","AT14-9-1","pre_exp","Apogonidae",1.024786109,0.4248735564,1.73361523724874,"planktivore","demersal","Cryptobenthic","No","No","Yes",5,6,0.015875,3.07606666666667,"AT14-9_1",0.0862478379273444
"865","Caribbean","Bocas","Sweet Bocas SE Face","AT14-10","AT14-10-1","pre_exp","Apogonidae",1.122676274,0.8089064592,1.89669995410802,"planktivore","demersal","Cryptobenthic","No","No","Yes",5,6,0.015875,3.07606666666667,"AT14-10_1",0.113725031146221
"866","Caribbean","Bocas","Sweet Bocas SE Face","AT14-10","AT14-10-1","pre_exp","Apogonidae",1.176772497,0.804500781,1.98673430366966,"planktivore","demersal","Cryptobenthic","No","No","Yes",5,6,0.015875,3.07606666666667,"AT14-10_1",0.131163079789571
"867","Caribbean","Bocas","Sunset Point","AT12-2","AT12-2-5","pre_exp","Apogonidae",1.201762097,0.8535189394,2.02830495677315,"planktivore","demersal","Cryptobenthic","No","No","Yes",5,6,0.015875,3.07606666666667,"AT12-2_5",0.139789996053416
"868","Caribbean","Bocas","Sunset Point","AT12-2","AT12-2-5","pre_exp","Apogonidae",1.204745502,0.902844693,2.03326706119065,"planktivore","demersal","Cryptobenthic","No","No","Yes",5,6,0.015875,3.07606666666667,"AT12-2_5",0.140844642589193
"869","Caribbean","Bocas","Sunset Point","AT12-2","AT12-2-5","pre_exp","Apogonidae",1.211060209,1.013963471,2.04376931655248,"planktivore","demersal","Cryptobenthic","No","No","Yes",5,6,0.015875,3.07606666666667,"AT12-2_5",0.143094478455903
"870","Caribbean","Bocas","Sunset Point","AT12-2","AT12-2-4","pre_exp","Apogonidae",1.214529086,0.9010517143,2.04953821341677,"planktivore","demersal","Cryptobenthic","No","No","Yes",5,6,0.015875,3.07606666666667,"AT12-2_4",0.144340574278221
"871","Caribbean","Bocas","Sunset Point","AT12-2","AT12-2-5","pre_exp","Apogonidae",1.247250381,0.9070083478,2.10394350436339,"planktivore","demersal","Cryptobenthic","No","No","Yes",5,6,0.015875,3.07606666666667,"AT12-2_5",0.15645450783108
"872","Caribbean","Bocas","Sunset Point","AT12-2","AT12-2-5","pre_exp","Apogonidae",1.307128824,0.9755978675,2.20344936633184,"planktivore","demersal","Cryptobenthic","No","No","Yes",5,6,0.015875,3.07606666666667,"AT12-2_5",0.180352292364686
"873","Caribbean","Bocas","Sunset Point","AT12-2","AT12-2-5","pre_exp","Apogonidae",1.319311489,1.016803829,2.22368628769316,"planktivore","demersal","Cryptobenthic","No","No","Yes",5,6,0.015875,3.07606666666667,"AT12-2_5",0.185496198437285
"874","Caribbean","Bocas","Sunset Point","AT12-2","AT12-2-4","pre_exp","Apogonidae",1.399170537,1.024266544,2.35627603065302,"planktivore","demersal","Cryptobenthic","No","No","Yes",5,6,0.015875,3.07606666666667,"AT12-2_4",0.221669649089257
"875","Caribbean","Bocas","Sunset Point","AT12-2","AT12-2-5","pre_exp","Apogonidae",1.464859645,1.103864794,2.46525679674811,"planktivore","demersal","Cryptobenthic","No","No","Yes",5,6,0.015875,3.07606666666667,"AT12-2_5",0.254746295429287
"876","Caribbean","Bocas","Sunset Point","AT12-2","AT12-2-5","pre_exp","Apogonidae",1.473834899,1.039235396,2.4801415066229,"planktivore","demersal","Cryptobenthic","No","No","Yes",5,6,0.015875,3.07606666666667,"AT12-2_5",0.259507327476235
"877","Caribbean","Bocas","Sunset Point","AT12-2","AT12-2-3","pre_exp","Apogonidae",1.509444744,1.07487109,2.53918456995144,"planktivore","demersal","Cryptobenthic","No","No","Yes",5,6,0.015875,3.07606666666667,"AT12-2_3",0.27898463742088
"878","Caribbean","Bocas","Sunset Point","AT12-2","AT12-2-5","pre_exp","Apogonidae",1.525801328,0.8859547448,2.56629786928753,"planktivore","demersal","Cryptobenthic","No","No","Yes",5,6,0.015875,3.07606666666667,"AT12-2_5",0.288250154027134
"879","Caribbean","Bocas","Sweet Bocas SE Face","AT14-10","AT14-10-1","pre_exp","Apogonidae",1.566597193,0.961131872,2.63390436214205,"planktivore","demersal","Cryptobenthic","No","No","Yes",5,6,0.015875,3.07606666666667,"AT14-10_1",0.312253545812303
"880","Caribbean","Bocas","Sweet Bocas SE Face","AT14-10","AT14-10-1","pre_exp","Apogonidae",1.70174562,1.266597628,2.85769189625263,"planktivore","demersal","Cryptobenthic","No","No","Yes",5,6,0.015875,3.07606666666667,"AT14-10_1",0.401280000562922
"881","Caribbean","Bocas","Sweet Bocas SE Face","AT14-9","AT14-9-1","pre_exp","Apogonidae",1.71388957,1.250033197,2.87778768423436,"planktivore","demersal","Cryptobenthic","No","No","Yes",5,6,0.015875,3.07606666666667,"AT14-9_1",0.410023786369564
"882","Caribbean","Bocas","Sweet Bocas SE Face","AT14-10","AT14-10-1","pre_exp","Apogonidae",1.85190452,1.275064898,3.10603277178556,"planktivore","demersal","Cryptobenthic","No","No","Yes",5,6,0.015875,3.07606666666667,"AT14-10_1",0.518528112726103
"883","Caribbean","Bocas","Sweet Bocas SE Face","AT14-9","AT14-9-1","pre_exp","Apogonidae",1.868564851,1.265119636,3.13356805456178,"planktivore","demersal","Cryptobenthic","No","No","Yes",5,6,0.015875,3.07606666666667,"AT14-9_1",0.532798717201348
"884","Caribbean","Bocas","Sweet Bocas SE Face","AT14-10","AT14-10-1","pre_exp","Apogonidae",2.049306236,1.63508214,3.43206487410308,"planktivore","demersal","Cryptobenthic","No","No","Yes",5,6,0.015875,3.07606666666667,"AT14-10_1",0.704884758587022
"885","Caribbean","Bocas","Sweet Bocas SE Face","AT14-9","AT14-9-1","pre_exp","Apogonidae",2.073011106,1.392882405,3.47118467412425,"planktivore","demersal","Cryptobenthic","No","No","Yes",5,6,0.015875,3.07606666666667,"AT14-9_1",0.729893055183228
"886","Caribbean","Bocas","Sunset Point","AT12-2","AT12-2-3","pre_exp","Apogonidae",2.995443266,2.160381266,4.98902461287823,"planktivore","demersal","Cryptobenthic","No","No","Yes",5,6,0.015875,3.07606666666667,"AT12-2_3",2.22769842067636
"887","Caribbean","Bocas","Punta Donato","AT14-2","AT14-2-2","modern","Apogonidae",0.926688172,0.7170708572,1.5699568950053,"planktivore","demersal","Cryptobenthic","No","No","Yes",5,6,0.015875,3.07606666666667,"AT14-2_2",0.0635736938331085
"888","Caribbean","Bocas","Punta Donato","AT14-2","AT14-2-2","modern","Apogonidae",0.944686134,0.6990807196,1.60000128182954,"planktivore","demersal","Cryptobenthic","No","No","Yes",5,6,0.015875,3.07606666666667,"AT14-2_2",0.0673909345255451
"889","Caribbean","Bocas","Punta Donato","AT14-2","AT14-2-2","modern","Apogonidae",0.951001509,0.3823862008,1.61054169553207,"planktivore","demersal","Cryptobenthic","No","No","Yes",5,6,0.015875,3.07606666666667,"AT14-2_2",0.0687659299419813
"890","Caribbean","Bocas","Casa Blanca new","AT14-1","AT14-1-8","modern","Apogonidae",0.994560545,0.7180324654,1.68321476570291,"planktivore","demersal","Cryptobenthic","No","No","Yes",5,6,0.015875,3.07606666666667,"AT14-1_6",0.0787651330892497
"891","Caribbean","Bocas","Punta Donato","AT14-2","AT14-2-2","modern","Apogonidae",0.997574687,0.6827017128,1.68824176963926,"planktivore","demersal","Cryptobenthic","No","No","Yes",5,6,0.015875,3.07606666666667,"AT14-2_2",0.0794909802389244
"892","Caribbean","Bocas","STRI Point","AT12-1","AT12-1-2-1","modern","Apogonidae",1.025717844,0.7421239062,1.73516853884056,"planktivore","demersal","Cryptobenthic","No","No","Yes",5,6,0.015875,3.07606666666667,"AT12-1_2",0.0864857688547548
"893","Caribbean","Bocas","Punta Donato","AT14-2","AT14-2-2","modern","Apogonidae",1.061617646,0.8489800187,1.79500190880094,"planktivore","demersal","Cryptobenthic","No","No","Yes",5,6,0.015875,3.07606666666667,"AT14-2_2",0.0959918472791215
"894","Caribbean","Bocas","Punta Donato","AT14-2","AT14-2-2","modern","Apogonidae",1.076746835,0.7843882615,1.82020852011568,"planktivore","demersal","Cryptobenthic","No","No","Yes",5,6,0.015875,3.07606666666667,"AT14-2_2",0.100199074684376
"895","Caribbean","Bocas","Punta Donato","AT14-2","AT14-2-2","modern","Apogonidae",1.07974164,0.7919812523,1.82519752677928,"planktivore","demersal","Cryptobenthic","No","No","Yes",5,6,0.015875,3.07606666666667,"AT14-2_2",0.10104627768029
"896","Caribbean","Bocas","Punta Donato","AT14-2","AT14-2-2","modern","Apogonidae",1.082078936,0.8073079346,1.82909105811353,"planktivore","demersal","Cryptobenthic","No","No","Yes",5,6,0.015875,3.07606666666667,"AT14-2_2",0.101710802512227
"897","Caribbean","Bocas","Punta Donato","AT14-2","AT14-2-2","modern","Apogonidae",1.086303309,0.8542800749,1.83612782404374,"planktivore","demersal","Cryptobenthic","No","No","Yes",5,6,0.015875,3.07606666666667,"AT14-2_2",0.102919266935839
"898","Caribbean","Bocas","Punta Donato","AT14-2","AT14-2-2","modern","Apogonidae",1.095762813,0.8810711359,1.85188359112061,"planktivore","demersal","Cryptobenthic","No","No","Yes",5,6,0.015875,3.07606666666667,"AT14-2_2",0.105660160378478
"899","Caribbean","Bocas","Punta Donato","AT14-2","AT14-2-2","modern","Apogonidae",1.104713454,0.7393405037,1.86678997611002,"planktivore","demersal","Cryptobenthic","No","No","Yes",5,6,0.015875,3.07606666666667,"AT14-2_2",0.108298250948249
"900","Caribbean","Bocas","Punta Donato","AT14-2","AT14-2-2","modern","Apogonidae",1.134870263,0.8387427198,1.91700025701496,"planktivore","demersal","Cryptobenthic","No","No","Yes",5,6,0.015875,3.07606666666667,"AT14-2_2",0.117510959872902
"901","Caribbean","Bocas","Casa Blanca new","AT14-1","AT14-1-7","modern","Apogonidae",1.142609815,0.881953089,1.92988325913568,"planktivore","demersal","Cryptobenthic","No","No","Yes",5,6,0.015875,3.07606666666667,"AT14-1_5",0.119957179215019
"902","Caribbean","Bocas","Punta Donato","AT14-2","AT14-2-2","modern","Apogonidae",1.1565625,0.9176369413,1.95310524116094,"planktivore","demersal","Cryptobenthic","No","No","Yes",5,6,0.015875,3.07606666666667,"AT14-2_2",0.124452951607981
"903","Caribbean","Bocas","Punta Donato","AT14-2","AT14-2-2","modern","Apogonidae",1.165709234,0.774141678,1.96832628624846,"planktivore","demersal","Cryptobenthic","No","No","Yes",5,6,0.015875,3.07606666666667,"AT14-2_2",0.127460611151457
"904","Caribbean","Bocas","Punta Donato","AT14-2","AT14-2-2","modern","Apogonidae",1.170306173,0.8824812255,1.97597537914566,"planktivore","demersal","Cryptobenthic","No","No","Yes",5,6,0.015875,3.07606666666667,"AT14-2_2",0.12899041372781
"905","Caribbean","Bocas","Punta Donato","AT14-2","AT14-2-2","modern","Apogonidae",1.181146111,0.8924962142,1.99401080786951,"planktivore","demersal","Cryptobenthic","No","No","Yes",5,6,0.015875,3.07606666666667,"AT14-2_2",0.132646419055389
"906","Caribbean","Bocas","Punta Donato","AT14-2","AT14-2-2","modern","Apogonidae",1.186594917,0.8127486463,2.00307559191527,"planktivore","demersal","Cryptobenthic","No","No","Yes",5,6,0.015875,3.07606666666667,"AT14-2_2",0.134510089545511
"907","Caribbean","Bocas","Punta Donato","AT14-2","AT14-2-2","modern","Apogonidae",1.251511095,0.874159448,2.11102620375688,"planktivore","demersal","Cryptobenthic","No","No","Yes",5,6,0.015875,3.07606666666667,"AT14-2_2",0.158080301213702
"908","Caribbean","Bocas","STRI Point","AT12-1","AT12-1-2-1","modern","Apogonidae",1.257800095,0.9077460519,2.12147993794462,"planktivore","demersal","Cryptobenthic","No","No","Yes",5,6,0.015875,3.07606666666667,"AT12-1_2",0.160500672330332
"909","Caribbean","Bocas","Cayo Adriana","AT14-3","AT14-3-3","modern","Apogonidae",1.270001715,0.9374673213,2.14175961651117,"planktivore","demersal","Cryptobenthic","No","No","Yes",5,6,0.015875,3.07606666666667,"AT14-3_2",0.165267149748815
"910","Caribbean","Bocas","Cayo Adriana","AT14-3","AT14-3-3","modern","Apogonidae",1.290497088,0.9788695281,2.17581755714448,"planktivore","demersal","Cryptobenthic","No","No","Yes",5,6,0.015875,3.07606666666667,"AT14-3_2",0.173485419633207
"911","Caribbean","Bocas","Casa Blanca new","AT14-1","AT14-1-1","modern","Apogonidae",1.292959652,0.9386722543,2.1799091623147,"planktivore","demersal","Cryptobenthic","No","No","Yes",5,6,0.015875,3.07606666666667,"AT14-1_1",0.174490908945993
"912","Caribbean","Bocas","STRI Point","AT12-1","AT12-1-2-1","modern","Apogonidae",1.33632696,0.9679553418,2.25194656440494,"planktivore","demersal","Cryptobenthic","No","No","Yes",5,6,0.015875,3.07606666666667,"AT12-1_2",0.192843895279358
"913","Caribbean","Bocas","Casa Blanca new","AT14-1","AT14-1-1","modern","Apogonidae",1.339532006,0.8864278795,2.25726910299453,"planktivore","demersal","Cryptobenthic","No","No","Yes",5,6,0.015875,3.07606666666667,"AT14-1_1",0.194249384372991
"914","Caribbean","Bocas","Casa Blanca new","AT14-1","AT14-1-3","modern","Apogonidae",1.365143468,0.996677237,2.29979480179865,"planktivore","demersal","Cryptobenthic","No","No","Yes",5,6,0.015875,3.07606666666667,"AT14-1_3",0.205728036570609
"915","Caribbean","Bocas","Casa Blanca new","AT14-1","AT14-1-8","modern","Apogonidae",1.378500144,0.9750952634,2.3219678391439,"planktivore","demersal","Cryptobenthic","No","No","Yes",5,6,0.015875,3.07606666666667,"AT14-1_6",0.211890651397793
"916","Caribbean","Bocas","Cayo Adriana","AT14-3","AT14-3-3","modern","Apogonidae",1.407910717,1.025442579,2.37078053829427,"planktivore","demersal","Cryptobenthic","No","No","Yes",5,6,0.015875,3.07606666666667,"AT14-3_2",0.225893913789421
"917","Caribbean","Bocas","STRI Point","AT12-1","AT12-1-2-1","modern","Apogonidae",1.441343285,1.084116128,2.42625057301832,"planktivore","demersal","Cryptobenthic","No","No","Yes",5,6,0.015875,3.07606666666667,"AT12-1_2",0.242550100388452
"918","Caribbean","Bocas","Casa Blanca new","AT14-1","AT14-1-7","modern","Apogonidae",1.528824716,1.109171123,2.57130908933598,"planktivore","demersal","Cryptobenthic","No","No","Yes",5,6,0.015875,3.07606666666667,"AT14-1_5",0.289985083116346
"919","Caribbean","Bocas","STRI Point","AT12-1","AT12-1-2-1","modern","Apogonidae",1.543786858,1.113346145,2.59610650137682,"planktivore","demersal","Cryptobenthic","No","No","Yes",5,6,0.015875,3.07606666666667,"AT12-1_2",0.298673973767712
"920","Caribbean","Bocas","Casa Blanca new","AT14-1","AT14-1-3","modern","Apogonidae",1.545103464,1.154639937,2.59828840249443,"planktivore","demersal","Cryptobenthic","No","No","Yes",5,6,0.015875,3.07606666666667,"AT14-1_3",0.299446804739238
"921","Caribbean","Bocas","STRI Point","AT12-1","AT12-1-2-1","modern","Apogonidae",1.545888416,1.189957215,2.59958922501025,"planktivore","demersal","Cryptobenthic","No","No","Yes",5,6,0.015875,3.07606666666667,"AT12-1_2",0.299908198584141
"922","Caribbean","Bocas","STRI Point","AT12-1","AT12-1-2-1","modern","Apogonidae",1.570381169,1.230284451,2.64017382275204,"planktivore","demersal","Cryptobenthic","No","No","Yes",5,6,0.015875,3.07606666666667,"AT12-1_2",0.314545500111636
"923","Caribbean","Bocas","Casa Blanca new","AT14-1","AT14-1-7","modern","Apogonidae",1.623892203,1.15569127,2.7288100559636,"planktivore","demersal","Cryptobenthic","No","No","Yes",5,6,0.015875,3.07606666666667,"AT14-1_5",0.348174283582285
"924","Caribbean","Bocas","STRI Point","AT12-1","AT12-1-2-1","modern","Apogonidae",1.624061315,1.128571226,2.72909010685918,"planktivore","demersal","Cryptobenthic","No","No","Yes",5,6,0.015875,3.07606666666667,"AT12-1_2",0.348284210071579
"925","Caribbean","Bocas","Casa Blanca new","AT14-1","AT14-1-2","modern","Apogonidae",1.62506275,1.252015529,2.73074848297156,"planktivore","demersal","Cryptobenthic","No","No","Yes",5,6,0.015875,3.07606666666667,"AT14-1_2",0.34893564134526
"926","Caribbean","Bocas","STRI Point","AT12-1","AT12-1-2-1","modern","Apogonidae",1.691401637,1.179855533,2.84057304865255,"planktivore","demersal","Cryptobenthic","No","No","Yes",5,6,0.015875,3.07606666666667,"AT12-1_2",0.393931491693584
"927","Caribbean","Bocas","Casa Blanca new","AT14-1","AT14-1-8","modern","Apogonidae",1.692306444,1.240481314,2.84207052592251,"planktivore","demersal","Cryptobenthic","No","No","Yes",5,6,0.015875,3.07606666666667,"AT14-1_6",0.394570649882566
"928","Caribbean","Bocas","STRI Point","AT12-1","AT12-1-2-1","modern","Apogonidae",1.701354584,1.164855224,2.85704477600817,"planktivore","demersal","Cryptobenthic","No","No","Yes",5,6,0.015875,3.07606666666667,"AT12-1_2",0.401000546291122
"929","Caribbean","Bocas","STRI Point","AT12-1","AT12-1-2-1","modern","Apogonidae",1.706048093,1.309125845,2.86481185877267,"planktivore","demersal","Cryptobenthic","No","No","Yes",5,6,0.015875,3.07606666666667,"AT12-1_2",0.404363389547987
"930","Caribbean","Bocas","Casa Blanca new","AT14-1","AT14-1-3","modern","Apogonidae",1.724667035,1.231835692,2.89562048282832,"planktivore","demersal","Cryptobenthic","No","No","Yes",5,6,0.015875,3.07606666666667,"AT14-1_3",0.417889829506954
"931","Caribbean","Bocas","Cayo Adriana","AT14-3","AT14-3-3","modern","Apogonidae",1.751298297,1.275519227,2.93967865120489,"planktivore","demersal","Cryptobenthic","No","No","Yes",5,6,0.015875,3.07606666666667,"AT14-3_2",0.437759236730492
"932","Caribbean","Bocas","STRI Point","AT12-1","AT12-1-2-1","modern","Apogonidae",1.781612486,1.292519991,2.98981794042233,"planktivore","demersal","Cryptobenthic","No","No","Yes",5,6,0.015875,3.07606666666667,"AT12-1_2",0.461135624858526
"933","Caribbean","Bocas","Casa Blanca new","AT14-1","AT14-1-3","modern","Apogonidae",1.908211014,1.421852057,3.19907878429259,"planktivore","demersal","Cryptobenthic","No","No","Yes",5,6,0.015875,3.07606666666667,"AT14-1_3",0.567811395752474
"934","Caribbean","Bocas","Casa Blanca new","AT14-1","AT14-1-1","modern","Apogonidae",1.94554285,1.341435494,3.26074727939779,"planktivore","demersal","Cryptobenthic","No","No","Yes",5,6,0.015875,3.07606666666667,"AT14-1_1",0.602159412890265
"935","Caribbean","Bocas","Casa Blanca new","AT14-1","AT14-1-8","modern","Apogonidae",1.950585646,1.41474328,3.26907615415119,"planktivore","demersal","Cryptobenthic","No","No","Yes",5,6,0.015875,3.07606666666667,"AT14-1_6",0.606903224619732
"936","Caribbean","Bocas","Casa Blanca new","AT14-1","AT14-1-1","modern","Apogonidae",1.953203937,1.416752279,3.27340050033371,"planktivore","demersal","Cryptobenthic","No","No","Yes",5,6,0.015875,3.07606666666667,"AT14-1_1",0.609376126098012
"937","Caribbean","Bocas","Casa Blanca new","AT14-1","AT14-1-8","modern","Apogonidae",1.964138115,1.590145872,3.29145838316441,"planktivore","demersal","Cryptobenthic","No","No","Yes",5,6,0.015875,3.07606666666667,"AT14-1_6",0.61977613219505
"938","Caribbean","Bocas","STRI Point","AT12-1","AT12-1-2-1","modern","Apogonidae",2.001380853,1.442103438,3.35295415915222,"planktivore","demersal","Cryptobenthic","No","No","Yes",5,6,0.015875,3.07606666666667,"AT12-1_2",0.656091043262401
"939","Caribbean","Bocas","Casa Blanca new","AT14-1","AT14-1-2","modern","Apogonidae",2.04190424,1.330806483,3.41984812555059,"planktivore","demersal","Cryptobenthic","No","No","Yes",5,6,0.015875,3.07606666666667,"AT14-1_2",0.697195076455235
"940","Caribbean","Bocas","STRI Point","AT12-1","AT12-1-2-1","modern","Apogonidae",2.069616646,1.471343281,3.46558324673032,"planktivore","demersal","Cryptobenthic","No","No","Yes",5,6,0.015875,3.07606666666667,"AT12-1_2",0.726276056875193
"941","Caribbean","Bocas","Casa Blanca new","AT14-1","AT14-1-2","modern","Apogonidae",2.076924728,1.620789402,3.47764264044965,"planktivore","demersal","Cryptobenthic","No","No","Yes",5,6,0.015875,3.07606666666667,"AT14-1_2",0.734078209680223
"942","Caribbean","Bocas","STRI Point","AT12-1","AT12-1-2-1","modern","Apogonidae",2.086939716,1.496958705,3.49416782068325,"planktivore","demersal","Cryptobenthic","No","No","Yes",5,6,0.015875,3.07606666666667,"AT12-1_2",0.74486121652835
"943","Caribbean","Bocas","Casa Blanca new","AT14-1","AT14-1-8","modern","Apogonidae",2.175918365,1.611214394,3.64093665560193,"planktivore","demersal","Cryptobenthic","No","No","Yes",5,6,0.015875,3.07606666666667,"AT14-1_6",0.845361986955231
"944","Caribbean","Bocas","Casa Blanca new","AT14-1","AT14-1-7","modern","Apogonidae",2.180811687,1.496609675,3.64900554926974,"planktivore","demersal","Cryptobenthic","No","No","Yes",5,6,0.015875,3.07606666666667,"AT14-1_5",0.851138131386952
"945","Caribbean","Bocas","Casa Blanca new","AT14-1","AT14-1-8","modern","Apogonidae",2.366805573,1.819834339,3.95551240628244,"planktivore","demersal","Cryptobenthic","No","No","Yes",5,6,0.015875,3.07606666666667,"AT14-1_6",1.09081024830967
"946","Caribbean","Bocas","Casa Blanca new","AT14-1","AT14-1-1","modern","Apogonidae",2.585839296,1.816993048,4.31602024426957,"planktivore","demersal","Cryptobenthic","No","No","Yes",5,6,0.015875,3.07606666666667,"AT14-1_1",1.42650348184252
"947","Caribbean","Bocas","Casa Blanca new","AT14-1","AT14-1-1","modern","Apogonidae",2.745724838,1.848014555,4.57889375294857,"planktivore","demersal","Cryptobenthic","No","No","Yes",5,6,0.015875,3.07606666666667,"AT14-1_1",1.71102867140642
"948","Caribbean","Bocas","Casa Blanca new","AT14-1","AT14-1-3","modern","Apogonidae",3.208563396,2.274090185,5.33865290663561,"planktivore","demersal","Cryptobenthic","No","No","Yes",5,6,0.015875,3.07606666666667,"AT14-1_3",2.74373457291602
"949","Caribbean","Bocas","Cayo Adriana","AT14-3","AT14-3-3","modern","Apogonidae",3.293061933,2.193178266,5.47717998766768,"planktivore","demersal","Cryptobenthic","No","No","Yes",5,6,0.015875,3.07606666666667,"AT14-3_2",2.9686865311317
"950","Caribbean","Bocas","Sunset Point","AT12-2","AT12-2-2","pre_exp","Atherinidae",1.028713117,0.9085682104,1.5920147074854,"planktivore","pelagic","Not cryptobenthic","Yes","No","Yes",1,2,0.0059,3.18135,"AT12-2_2",0.0259009885837969
"951","Caribbean","Bocas","Sunset Point","AT12-2","AT12-2-5","pre_exp","Atherinidae",1.38507921,1.148385573,2.50549508841264,"planktivore","pelagic","Not cryptobenthic","Yes","No","Yes",1,2,0.0059,3.18135,"AT12-2_5",0.109615514120242
"952","Caribbean","Bocas","Sunset Point","AT12-2","AT12-2-5","pre_exp","Atherinidae",1.591648887,1.368549878,3.09696890528439,"planktivore","pelagic","Not cryptobenthic","Yes","No","Yes",1,2,0.0059,3.18135,"AT12-2_5",0.215126515673943
"953","Caribbean","Bocas","Sweet Bocas Trench","AT13-2","AT13-2-3","pre_exp","Atherinidae",1.686480989,1.461747943,3.38264213884575,"planktivore","pelagic","Not cryptobenthic","Yes","No","Yes",1,2,0.0059,3.18135,"AT13-2_1",0.284839858515
"954","Caribbean","Bocas","Casa Blanca","AT13-12","AT13-12-1-1","modern","Atherinidae",0.930783592,0.7517435264,1.36681772124904,"planktivore","pelagic","Not cryptobenthic","Yes","No","Yes",1,2,0.0059,3.18135,"AT13-12_1",0.0159439135879793
"955","Caribbean","Bocas","Casa Blanca new","AT14-1","AT14-1-3","modern","Atherinidae",0.952491165,0.7811149641,1.41571265372024,"planktivore","pelagic","Not cryptobenthic","Yes","No","Yes",1,2,0.0059,3.18135,"AT14-1_3",0.0178302195166016
"956","Caribbean","Bocas","Casa Blanca","AT13-12","AT13-12-2-2","modern","Atherinidae",0.955525008,0.7941440685,1.42259317875452,"planktivore","pelagic","Not cryptobenthic","Yes","No","Yes",1,2,0.0059,3.18135,"AT13-12_4",0.0181073696044268
"957","Caribbean","Bocas","Casa Blanca","AT13-12","AT13-12-1-1","modern","Atherinidae",1.012402432,0.8295506284,1.55369145648754,"planktivore","pelagic","Not cryptobenthic","Yes","No","Yes",1,2,0.0059,3.18135,"AT13-12_1",0.0239690238167072
"958","Caribbean","Bocas","Casa Blanca new","AT14-1","AT14-1-3","modern","Atherinidae",1.043253818,0.7426073851,1.62644918888615,"planktivore","pelagic","Not cryptobenthic","Yes","No","Yes",1,2,0.0059,3.18135,"AT14-1_3",0.0277256653575263
"959","Caribbean","Bocas","Casa Blanca new","AT14-1","AT14-1-3","modern","Atherinidae",1.070350584,0.8667074632,1.6912911989436,"planktivore","pelagic","Not cryptobenthic","Yes","No","Yes",1,2,0.0059,3.18135,"AT14-1_3",0.0313974648720086
"960","Caribbean","Bocas","Casa Blanca","AT13-12","AT13-12-4-1","modern","Atherinidae",1.148629459,0.9330063554,1.88344474918227,"planktivore","pelagic","Not cryptobenthic","Yes","No","Yes",1,2,0.0059,3.18135,"AT13-12_7",0.044215380975096
"961","Caribbean","Bocas","Punta Caracol","AT13-10","AT13-10-2-2","modern","Atherinidae",1.150252562,0.910283277,1.88750386776919,"planktivore","pelagic","Not cryptobenthic","Yes","No","Yes",1,2,0.0059,3.18135,"AT13-10_3",0.0445192484281624
"962","Caribbean","Bocas","Punta Caracol","AT13-10","AT13-10-1-2","modern","Atherinidae",1.156405516,0.8966905985,1.90291869043822,"planktivore","pelagic","Not cryptobenthic","Yes","No","Yes",1,2,0.0059,3.18135,"AT13-10_2",0.0456862556860818
"963","Caribbean","Bocas","Casa Blanca","AT13-12","AT13-12-2-2","modern","Atherinidae",1.157460543,0.9277484584,1.90556615023255,"planktivore","pelagic","Not cryptobenthic","Yes","No","Yes",1,2,0.0059,3.18135,"AT13-12_4",0.0458887743366776
"964","Caribbean","Bocas","Casa Blanca","AT13-12","AT13-12-4-1","modern","Atherinidae",1.173540099,0.9468577609,1.94607219720892,"planktivore","pelagic","Not cryptobenthic","Yes","No","Yes",1,2,0.0059,3.18135,"AT13-12_7",0.0490645512580414
"965","Caribbean","Bocas","Punta Caracol","AT13-10","AT13-10-1-2","modern","Atherinidae",1.200424715,0.9206188575,2.01444905570526,"planktivore","pelagic","Not cryptobenthic","Yes","No","Yes",1,2,0.0059,3.18135,"AT13-10_2",0.0547620403621122
"966","Caribbean","Bocas","Punta Caracol","AT13-10","AT13-10-2-2","modern","Atherinidae",1.225953164,1.066798338,2.08012484590123,"planktivore","pelagic","Not cryptobenthic","Yes","No","Yes",1,2,0.0059,3.18135,"AT13-10_3",0.0606464981495691
"967","Caribbean","Bocas","Punta Caracol","AT13-10","AT13-10-2-2","modern","Atherinidae",1.228139667,0.9999383534,2.08578359558086,"planktivore","pelagic","Not cryptobenthic","Yes","No","Yes",1,2,0.0059,3.18135,"AT13-10_3",0.0611729229100985
"968","Caribbean","Bocas","Casa Blanca","AT13-12","AT13-12-1-2","modern","Atherinidae",1.262807606,1.032759658,2.17620908685581,"planktivore","pelagic","Not cryptobenthic","Yes","No","Yes",1,2,0.0059,3.18135,"AT13-12_2",0.0700157712542733
"969","Caribbean","Bocas","Casa Blanca","AT13-12","AT13-12-2-2","modern","Atherinidae",1.305157898,1.087777545,2.28845106469246,"planktivore","pelagic","Not cryptobenthic","Yes","No","Yes",1,2,0.0059,3.18135,"AT13-12_4",0.082163659951502
"970","Caribbean","Bocas","Casa Blanca","AT13-12","AT13-12-1-2","modern","Atherinidae",1.311050897,1.023758735,2.30422283437925,"planktivore","pelagic","Not cryptobenthic","Yes","No","Yes",1,2,0.0059,3.18135,"AT13-12_2",0.0839787205345872
"971","Caribbean","Bocas","Punta Caracol","AT13-10","AT13-10-2-2","modern","Atherinidae",1.325083728,1.059334062,2.34192944883664,"planktivore","pelagic","Not cryptobenthic","Yes","No","Yes",1,2,0.0059,3.18135,"AT13-10_3",0.0884291895633841
"972","Caribbean","Bocas","Casa Blanca","AT13-12","AT13-12-2-2","modern","Atherinidae",1.327838519,1.111920689,2.34935634996063,"planktivore","pelagic","Not cryptobenthic","Yes","No","Yes",1,2,0.0059,3.18135,"AT13-12_4",0.0893244355007528
"973","Caribbean","Bocas","Punta Caracol","AT13-10","AT13-10-2-2","modern","Atherinidae",1.335448084,1.19926763,2.36991369447264,"planktivore","pelagic","Not cryptobenthic","Yes","No","Yes",1,2,0.0059,3.18135,"AT13-10_3",0.0918348133468566
"974","Caribbean","Bocas","Casa Blanca new","AT14-1","AT14-1-3","modern","Atherinidae",1.34967258,1.04575168,2.40850627692566,"planktivore","pelagic","Not cryptobenthic","Yes","No","Yes",1,2,0.0059,3.18135,"AT14-1_3",0.0966774795366661
"975","Caribbean","Bocas","Casa Blanca new","AT14-1","AT14-1-3","modern","Atherinidae",1.349859412,1.092013115,2.40901459811316,"planktivore","pelagic","Not cryptobenthic","Yes","No","Yes",1,2,0.0059,3.18135,"AT14-1_3",0.0967424068103462
"976","Caribbean","Bocas","Casa Blanca","AT13-12","AT13-12-2-2","modern","Atherinidae",1.35300664,1.126910556,2.41758293103547,"planktivore","pelagic","Not cryptobenthic","Yes","No","Yes",1,2,0.0059,3.18135,"AT13-12_4",0.0978413344222058
"977","Caribbean","Bocas","Casa Blanca","AT13-12","AT13-12-2-2","modern","Atherinidae",1.35312151,1.170903089,2.41789586274186,"planktivore","pelagic","Not cryptobenthic","Yes","No","Yes",1,2,0.0059,3.18135,"AT13-12_4",0.0978816305501803
"978","Caribbean","Bocas","Punta Caracol","AT13-10","AT13-10-1-2","modern","Atherinidae",1.369907202,1.096734008,2.46377338116465,"planktivore","pelagic","Not cryptobenthic","Yes","No","Yes",1,2,0.0059,3.18135,"AT13-10_2",0.103913287669649
"979","Caribbean","Bocas","Casa Blanca","AT13-12","AT13-12-1-2","modern","Atherinidae",1.371967598,1.163881273,2.46942513692548,"planktivore","pelagic","Not cryptobenthic","Yes","No","Yes",1,2,0.0059,3.18135,"AT13-12_2",0.104673528809136
"980","Caribbean","Bocas","Casa Blanca","AT13-12","AT13-12-1-1","modern","Atherinidae",1.40026675,1.091967339,2.54750031346244,"planktivore","pelagic","Not cryptobenthic","Yes","No","Yes",1,2,0.0059,3.18135,"AT13-12_1",0.115569588927634
"981","Caribbean","Bocas","Casa Blanca new","AT14-1","AT14-1-3","modern","Atherinidae",1.41446926,1.149326162,2.58699806723353,"planktivore","pelagic","Not cryptobenthic","Yes","No","Yes",1,2,0.0059,3.18135,"AT14-1_3",0.121367078500335
"982","Caribbean","Bocas","Casa Blanca","AT13-12","AT13-12-4-1","modern","Atherinidae",1.416334311,1.182068098,2.59220036574059,"planktivore","pelagic","Not cryptobenthic","Yes","No","Yes",1,2,0.0059,3.18135,"AT13-12_7",0.122145229273235
"983","Caribbean","Bocas","Casa Blanca","AT13-12","AT13-12-1-2","modern","Atherinidae",1.421384303,1.182370326,2.60630464976158,"planktivore","pelagic","Not cryptobenthic","Yes","No","Yes",1,2,0.0059,3.18135,"AT13-12_2",0.124272122040218
"984","Caribbean","Bocas","Casa Blanca new","AT14-1","AT14-1-3","modern","Atherinidae",1.421491413,1.063475585,2.60660408581524,"planktivore","pelagic","Not cryptobenthic","Yes","No","Yes",1,2,0.0059,3.18135,"AT14-1_3",0.12431754950456
"985","Caribbean","Bocas","Casa Blanca","AT13-12","AT13-12-2-2","modern","Atherinidae",1.445441302,1.17325289,2.67385467660565,"planktivore","pelagic","Not cryptobenthic","Yes","No","Yes",1,2,0.0059,3.18135,"AT13-12_4",0.134811472046304
"986","Caribbean","Bocas","Casa Blanca","AT13-12","AT13-12-1-1","modern","Atherinidae",1.467986526,1.140097952,2.73769755927202,"planktivore","pelagic","Not cryptobenthic","Yes","No","Yes",1,2,0.0059,3.18135,"AT13-12_1",0.145320964876199
"987","Caribbean","Bocas","Casa Blanca","AT13-12","AT13-12-1-1","modern","Atherinidae",1.473235452,1.149560861,2.75263556275068,"planktivore","pelagic","Not cryptobenthic","Yes","No","Yes",1,2,0.0059,3.18135,"AT13-12_1",0.147858600332745
"988","Caribbean","Bocas","Casa Blanca","AT13-12","AT13-12-4-1","modern","Atherinidae",1.48324697,1.202978235,2.78120494795313,"planktivore","pelagic","Not cryptobenthic","Yes","No","Yes",1,2,0.0059,3.18135,"AT13-12_7",0.152796232178007
"989","Caribbean","Bocas","Casa Blanca","AT13-12","AT13-12-4-1","modern","Atherinidae",1.536632901,1.405602529,2.93525295077418,"planktivore","pelagic","Not cryptobenthic","Yes","No","Yes",1,2,0.0059,3.18135,"AT13-12_7",0.18138281138178
"990","Caribbean","Bocas","Casa Blanca new","AT14-1","AT14-1-3","modern","Atherinidae",1.547242447,1.294064149,2.96620639344982,"planktivore","pelagic","Not cryptobenthic","Yes","No","Yes",1,2,0.0059,3.18135,"AT14-1_3",0.187538237199388
"991","Caribbean","Bocas","Casa Blanca","AT13-12","AT13-12-2-2","modern","Atherinidae",1.54925372,1.255303303,2.97208688814108,"planktivore","pelagic","Not cryptobenthic","Yes","No","Yes",1,2,0.0059,3.18135,"AT13-12_4",0.1887236034322
"992","Caribbean","Bocas","Casa Blanca","AT13-12","AT13-12-1-2","modern","Atherinidae",1.566587147,1.36330514,3.02293157558714,"planktivore","pelagic","Not cryptobenthic","Yes","No","Yes",1,2,0.0059,3.18135,"AT13-12_2",0.199187755491657
"993","Caribbean","Bocas","Casa Blanca new","AT14-1","AT14-1-3","modern","Atherinidae",1.573992293,1.202493549,3.04474364779508,"planktivore","pelagic","Not cryptobenthic","Yes","No","Yes",1,2,0.0059,3.18135,"AT14-1_3",0.20379622556364
"994","Caribbean","Bocas","Casa Blanca","AT13-12","AT13-12-1-1","modern","Atherinidae",1.588851277,1.371693593,3.08867367882456,"planktivore","pelagic","Not cryptobenthic","Yes","No","Yes",1,2,0.0059,3.18135,"AT13-12_1",0.213298720417628
"995","Caribbean","Bocas","Casa Blanca new","AT14-1","AT14-1-3","modern","Atherinidae",1.624700576,1.363651023,3.19554836240577,"planktivore","pelagic","Not cryptobenthic","Yes","No","Yes",1,2,0.0059,3.18135,"AT14-1_3",0.237677189310103
"996","Caribbean","Bocas","Casa Blanca","AT13-12","AT13-12-2-2","modern","Atherinidae",1.636137949,1.392383776,3.22990814797074,"planktivore","pelagic","Not cryptobenthic","Yes","No","Yes",1,2,0.0059,3.18135,"AT13-12_4",0.245903191589506
"997","Caribbean","Bocas","Casa Blanca","AT13-12","AT13-12-4-1","modern","Atherinidae",1.638071555,1.584650323,3.23572951041163,"planktivore","pelagic","Not cryptobenthic","Yes","No","Yes",1,2,0.0059,3.18135,"AT13-12_7",0.247315935904384
"998","Caribbean","Bocas","Casa Blanca","AT13-12","AT13-12-2-2","modern","Atherinidae",1.64172285,1.380376998,3.24673202203386,"planktivore","pelagic","Not cryptobenthic","Yes","No","Yes",1,2,0.0059,3.18135,"AT13-12_4",0.250001237014034
"999","Caribbean","Bocas","Casa Blanca new","AT14-1","AT14-1-3","modern","Atherinidae",1.676103043,1.3844836,3.3509584594254,"planktivore","pelagic","Not cryptobenthic","Yes","No","Yes",1,2,0.0059,3.18135,"AT14-1_3",0.276438514184337
"1000","Caribbean","Bocas","Punta Caracol","AT13-10","AT13-10-1-2","modern","Atherinidae",1.685664245,1.379333345,3.38014491653214,"planktivore","pelagic","Not cryptobenthic","Yes","No","Yes",1,2,0.0059,3.18135,"AT13-10_2",0.284171416657371
"1001","Caribbean","Bocas","Casa Blanca","AT13-12","AT13-12-2-2","modern","Atherinidae",1.693190256,1.4002785,3.40317994997616,"planktivore","pelagic","Not cryptobenthic","Yes","No","Yes",1,2,0.0059,3.18135,"AT13-12_4",0.2903782492489
"1002","Caribbean","Bocas","Punta Caracol","AT13-10","AT13-10-2-2","modern","Atherinidae",1.737443995,1.458834502,3.53971240667439,"planktivore","pelagic","Not cryptobenthic","Yes","No","Yes",1,2,0.0059,3.18135,"AT13-10_3",0.329087425870901
"1003","Caribbean","Bocas","Casa Blanca","AT13-12","AT13-12-2-2","modern","Atherinidae",1.737874482,1.422282577,3.5410496093912,"planktivore","pelagic","Not cryptobenthic","Yes","No","Yes",1,2,0.0059,3.18135,"AT13-12_4",0.329483093884247
"1004","Caribbean","Bocas","Casa Blanca","AT13-12","AT13-12-2-2","modern","Atherinidae",1.832103657,1.528393304,3.83789645021165,"planktivore","pelagic","Not cryptobenthic","Yes","No","Yes",1,2,0.0059,3.18135,"AT13-12_4",0.425654355636939
"1005","Caribbean","Bocas","Casa Blanca","AT13-12","AT13-12-4-1","modern","Atherinidae",1.85601688,1.642471986,3.91452919488353,"planktivore","pelagic","Not cryptobenthic","Yes","No","Yes",1,2,0.0059,3.18135,"AT13-12_7",0.453286781746642
"1006","Caribbean","Bocas","Casa Blanca new","AT14-1","AT14-1-3","modern","Atherinidae",1.858346262,1.807252424,3.9220218038284,"planktivore","pelagic","Not cryptobenthic","Yes","No","Yes",1,2,0.0059,3.18135,"AT14-1_3",0.456052732283808
"1007","Caribbean","Bocas","Casa Blanca","AT13-12","AT13-12-1-1","modern","Atherinidae",1.862734897,1.57051719,3.93615152138025,"planktivore","pelagic","Not cryptobenthic","Yes","No","Yes",1,2,0.0059,3.18135,"AT13-12_1",0.461300269719911
"1008","Caribbean","Bocas","Casa Blanca new","AT14-1","AT14-1-3","modern","Atherinidae",1.885978846,1.718496317,4.01127900251937,"planktivore","pelagic","Not cryptobenthic","Yes","No","Yes",1,2,0.0059,3.18135,"AT14-1_3",0.489898343141564
"1009","Caribbean","Bocas","Punta Caracol","AT13-10","AT13-10-2-2","modern","Atherinidae",1.891062834,1.664919018,4.02777616396646,"planktivore","pelagic","Not cryptobenthic","Yes","No","Yes",1,2,0.0059,3.18135,"AT13-10_3",0.496336931174938
"1010","Caribbean","Bocas","Casa Blanca","AT13-12","AT13-12-1-2","modern","Atherinidae",1.901800672,1.515437014,4.06269612861356,"planktivore","pelagic","Not cryptobenthic","Yes","No","Yes",1,2,0.0059,3.18135,"AT13-12_2",0.510156604080904
"1011","Caribbean","Bocas","Casa Blanca","AT13-12","AT13-12-2-2","modern","Atherinidae",1.947132731,1.737629401,4.21125661538598,"planktivore","pelagic","Not cryptobenthic","Yes","No","Yes",1,2,0.0059,3.18135,"AT13-12_4",0.571905394708916
"1012","Caribbean","Bocas","Casa Blanca new","AT14-1","AT14-1-3","modern","Atherinidae",2.09159646,1.988654514,4.69677111635034,"planktivore","pelagic","Not cryptobenthic","Yes","No","Yes",1,2,0.0059,3.18135,"AT14-1_3",0.809246858287658
"1013","Caribbean","Bocas","Sweet Bocas Trench","AT13-4","AT13-4-3","pre_exp","Bregmacerotidae",1.034940967,0.9417474772,4.97902937923332,"planktivore","bathypelagic","Not cryptobenthic","No","No","No",2,6,0.00495666666666667,3.03316666666667,"AT13-4_2",0.64527634682801
"1014","Caribbean","Bocas","Sweet Bocas Trench","AT13-4","AT13-4-3","pre_exp","Bregmacerotidae",1.17071255,1.066582336,5.4914413879333,"planktivore","bathypelagic","Not cryptobenthic","No","No","No",2,6,0.00495666666666667,3.03316666666667,"AT13-4_2",0.868523756832008
"1015","Caribbean","Bocas","Sweet Bocas Trench","AT13-4","AT13-4-3","pre_exp","Bregmacerotidae",1.315177368,1.276252416,6.02342542276039,"planktivore","bathypelagic","Not cryptobenthic","No","No","No",2,6,0.00495666666666667,3.03316666666667,"AT13-4_2",1.14970160419522
"1016","Caribbean","Bocas","Punta Caracol","AT13-10","AT13-10-4-1","modern","Bregmacerotidae",1.034036091,1.007194356,4.97556969621106,"planktivore","bathypelagic","Not cryptobenthic","No","No","No",2,6,0.00495666666666667,3.03316666666667,"AT13-10_6",0.643917323746386
"1017","Caribbean","Bocas","Punta Donato","AT14-2","AT14-2-5","modern","Bregmacerotidae",1.137792786,1.072652395,5.36837532491642,"planktivore","bathypelagic","Not cryptobenthic","No","No","No",2,6,0.00495666666666667,3.03316666666667,"AT14-2_4",0.810820617879686
"1018","Caribbean","Bocas","Punta Donato","AT14-2","AT14-2-5","modern","Bregmacerotidae",1.234117149,1.144673284,5.72649428232104,"planktivore","bathypelagic","Not cryptobenthic","No","No","No",2,6,0.00495666666666667,3.03316666666667,"AT14-2_4",0.986263258007277
"1019","Caribbean","Bocas","Punta Caracol","AT13-10","AT13-10-4-1","modern","Bregmacerotidae",1.283501898,1.12656524,5.90785558081634,"planktivore","bathypelagic","Not cryptobenthic","No","No","No",2,6,0.00495666666666667,3.03316666666667,"AT13-10_6",1.08408936037342
"1020","Caribbean","Bocas","Punta Caracol","AT13-10","AT13-10-1-1","modern","Bregmacerotidae",1.341703179,1.010681979,6.11976704847838,"planktivore","bathypelagic","Not cryptobenthic","No","No","No",2,6,0.00495666666666667,3.03316666666667,"AT13-10_1",1.20639008795608
"1021","Caribbean","Bocas","Punta Donato","AT14-2","AT14-2-5","modern","Bregmacerotidae",1.381392832,1.208743771,6.26319351658196,"planktivore","bathypelagic","Not cryptobenthic","No","No","No",2,6,0.00495666666666667,3.03316666666667,"AT14-2_4",1.29420855712352
"1022","Caribbean","Bocas","Punta Caracol","AT13-10","AT13-10-1-1","modern","Bregmacerotidae",1.532034122,1.415306399,6.80012036914237,"planktivore","bathypelagic","Not cryptobenthic","No","No","No",2,6,0.00495666666666667,3.03316666666667,"AT13-10_1",1.66092994497157
"1023","Caribbean","Bocas","Sunset Point","AT12-2","AT12-2-3","pre_exp","Engraulidae",1.098237752,0.7277540207,3.59863887935146,"planktivore","pelagic","Not cryptobenthic","Yes","No","No",16,60,0.00646266666666667,3.19177016666667,"AT12-2_3",0.385014679114898
"1024","Caribbean","Bocas","Sunset Point","AT12-2","AT12-2-3","pre_exp","Engraulidae",1.108549901,0.7273683461,3.63636077093392,"planktivore","pelagic","Not cryptobenthic","Yes","No","No",16,60,0.00646266666666667,3.19177016666667,"AT12-2_3",0.398044699700189
"1025","Caribbean","Bocas","Sunset Point","AT12-2","AT12-2-3","pre_exp","Engraulidae",1.192309026,0.7494969948,3.9442292650785,"planktivore","pelagic","Not cryptobenthic","Yes","No","No",16,60,0.00646266666666667,3.19177016666667,"AT12-2_3",0.51592428469958
"1026","Caribbean","Bocas","Sunset Point","AT12-2","AT12-2-2","pre_exp","Engraulidae",1.233484218,0.772201184,4.09650633287738,"planktivore","pelagic","Not cryptobenthic","Yes","No","No",16,60,0.00646266666666667,3.19177016666667,"AT12-2_2",0.582230982592374
"1027","Caribbean","Bocas","Sweet Bocas Trench","AT13-4","AT13-4-6","pre_exp","Engraulidae",1.237942893,0.703930867,4.11303141732655,"planktivore","pelagic","Not cryptobenthic","Yes","No","No",16,60,0.00646266666666667,3.19177016666667,"AT13-4_1",0.589760648658276
"1028","Caribbean","Bocas","Sunset Point","AT12-2","AT12-2-3","pre_exp","Engraulidae",1.30089329,0.8169966335,4.34706844497314,"planktivore","pelagic","Not cryptobenthic","Yes","No","No",16,60,0.00646266666666667,3.19177016666667,"AT12-2_3",0.703701110009789
"1029","Caribbean","Bocas","Sweet Bocas Trench","AT13-9","AT13-9-1","pre_exp","Engraulidae",1.357806086,0.7952524193,4.55979229880447,"planktivore","pelagic","Not cryptobenthic","Yes","No","No",16,60,0.00646266666666667,3.19177016666667,"AT13-9_1",0.81962074618313
"1030","Caribbean","Bocas","Sunset Point","AT12-2","AT12-2-3","pre_exp","Engraulidae",1.359354284,0.9655620751,4.56559365523204,"planktivore","pelagic","Not cryptobenthic","Yes","No","No",16,60,0.00646266666666667,3.19177016666667,"AT12-2_3",0.822953739578803
"1031","Caribbean","Bocas","Sunset Point","AT12-2","AT12-2-3","pre_exp","Engraulidae",1.39753371,0.9706791391,4.70889844183055,"planktivore","pelagic","Not cryptobenthic","Yes","No","No",16,60,0.00646266666666667,3.19177016666667,"AT12-2_3",0.908271274606876
"1032","Caribbean","Bocas","Sweet Bocas Trench","AT13-4","AT13-4-6","pre_exp","Engraulidae",1.439270422,0.8359525024,4.86607430055967,"planktivore","pelagic","Not cryptobenthic","Yes","No","No",16,60,0.00646266666666667,3.19177016666667,"AT13-4_1",1.00862178658978
"1033","Caribbean","Bocas","Sunset Point","AT12-2","AT12-2-1","pre_exp","Engraulidae",1.471982947,0.8486836379,4.98963621080258,"planktivore","pelagic","Not cryptobenthic","Yes","No","No",16,60,0.00646266666666667,3.19177016666667,"AT12-2_1",1.09266539930921
"1034","Caribbean","Bocas","Sunset Point","AT12-2","AT12-2-3","pre_exp","Engraulidae",1.506326633,0.8327838005,5.1197017227011,"planktivore","pelagic","Not cryptobenthic","Yes","No","No",16,60,0.00646266666666667,3.19177016666667,"AT12-2_3",1.186199403049
"1035","Caribbean","Bocas","Sweet Bocas Trench","AT13-9","AT13-9-1","pre_exp","Engraulidae",1.523490006,0.9623261182,5.18483164723157,"planktivore","pelagic","Not cryptobenthic","Yes","No","No",16,60,0.00646266666666667,3.19177016666667,"AT13-9_1",1.23503856501583
"1036","Caribbean","Bocas","Sunset Point","AT12-2","AT12-2-2","pre_exp","Engraulidae",1.532034958,0.8190112113,5.21728895448134,"planktivore","pelagic","Not cryptobenthic","Yes","No","No",16,60,0.00646266666666667,3.19177016666667,"AT12-2_2",1.25988514014771
"1037","Caribbean","Bocas","Sunset Point","AT12-2","AT12-2-3","pre_exp","Engraulidae",1.541393378,1.090662449,5.25286019974847,"planktivore","pelagic","Not cryptobenthic","Yes","No","No",16,60,0.00646266666666667,3.19177016666667,"AT12-2_3",1.28750734385056
"1038","Caribbean","Bocas","Sunset Point","AT12-2","AT12-2-3","pre_exp","Engraulidae",1.585090021,0.9076772251,5.41927946855208,"planktivore","pelagic","Not cryptobenthic","Yes","No","No",16,60,0.00646266666666667,3.19177016666667,"AT12-2_3",1.42227800166502
"1039","Caribbean","Bocas","Sunset Point","AT12-2","AT12-2-3","pre_exp","Engraulidae",1.591852703,0.8402571114,5.44508309576062,"planktivore","pelagic","Not cryptobenthic","Yes","No","No",16,60,0.00646266666666667,3.19177016666667,"AT12-2_3",1.44400600592055
"1040","Caribbean","Bocas","Sweet Bocas Trench","AT13-4","AT13-4-6","pre_exp","Engraulidae",1.637113675,0.9352324209,5.61810487229694,"planktivore","pelagic","Not cryptobenthic","Yes","No","No",16,60,0.00646266666666667,3.19177016666667,"AT13-4_1",1.59562286402569
"1041","Caribbean","Bocas","Sunset Point","AT12-2","AT12-2-2","pre_exp","Engraulidae",1.642111683,0.9848930588,5.63724530274069,"planktivore","pelagic","Not cryptobenthic","Yes","No","No",16,60,0.00646266666666667,3.19177016666667,"AT12-2_2",1.61303870161401
"1042","Caribbean","Bocas","Sweet Bocas Trench","AT13-9","AT13-9-1","pre_exp","Engraulidae",1.647611502,0.9781959784,5.65831526798341,"planktivore","pelagic","Not cryptobenthic","Yes","No","No",16,60,0.00646266666666667,3.19177016666667,"AT13-9_1",1.63236066079648
"1043","Caribbean","Bocas","Sunset Point","AT12-2","AT12-2-3","pre_exp","Engraulidae",1.65927247,0.8955698734,5.70301567775073,"planktivore","pelagic","Not cryptobenthic","Yes","No","No",16,60,0.00646266666666667,3.19177016666667,"AT12-2_3",1.67387780682712
"1044","Caribbean","Bocas","Sunset Point","AT12-2","AT12-2-3","pre_exp","Engraulidae",1.70689985,0.904537779,5.88596276213391,"planktivore","pelagic","Not cryptobenthic","Yes","No","No",16,60,0.00646266666666667,3.19177016666667,"AT12-2_3",1.85136615085672
"1045","Caribbean","Bocas","Sunset Point","AT12-2","AT12-2-3","pre_exp","Engraulidae",1.721229914,0.9429422913,5.94112414356811,"planktivore","pelagic","Not cryptobenthic","Yes","No","No",16,60,0.00646266666666667,3.19177016666667,"AT12-2_3",1.90731556954328
"1046","Caribbean","Bocas","Sunset Point","AT12-2","AT12-2-2","pre_exp","Engraulidae",1.726747984,1.000768855,5.96237931107212,"planktivore","pelagic","Not cryptobenthic","Yes","No","No",16,60,0.00646266666666667,3.19177016666667,"AT12-2_2",1.92918069024302
"1047","Caribbean","Bocas","Sunset Point","AT12-2","AT12-2-3","pre_exp","Engraulidae",1.740001387,0.9679577937,6.0134624501998,"planktivore","pelagic","Not cryptobenthic","Yes","No","No",16,60,0.00646266666666667,3.19177016666667,"AT12-2_3",1.98243255860086
"1048","Caribbean","Bocas","Sunset Point","AT12-2","AT12-2-1","pre_exp","Engraulidae",1.749581366,0.983259238,6.05041503260937,"planktivore","pelagic","Not cryptobenthic","Yes","No","No",16,60,0.00646266666666667,3.19177016666667,"AT12-2_1",2.02157718335807
"1049","Caribbean","Bocas","Sunset Point","AT12-2","AT12-2-1","pre_exp","Engraulidae",1.749868487,0.9515861691,6.0515228985029,"planktivore","pelagic","Not cryptobenthic","Yes","No","No",16,60,0.00646266666666667,3.19177016666667,"AT12-2_1",2.02275889389713
"1050","Caribbean","Bocas","Sunset Point","AT12-2","AT12-2-3","pre_exp","Engraulidae",1.77930828,1.017984467,6.16522845719262,"planktivore","pelagic","Not cryptobenthic","Yes","No","No",16,60,0.00646266666666667,3.19177016666667,"AT12-2_3",2.14658437681618
"1051","Caribbean","Bocas","Sunset Point","AT12-2","AT12-2-3","pre_exp","Engraulidae",1.781234556,0.9869750309,6.17267596175367,"planktivore","pelagic","Not cryptobenthic","Yes","No","No",16,60,0.00646266666666667,3.19177016666667,"AT12-2_3",2.15487173288342
"1052","Caribbean","Bocas","Sunset Point","AT12-2","AT12-2-3","pre_exp","Engraulidae",1.812110736,0.9947377369,6.29217826812181,"planktivore","pelagic","Not cryptobenthic","Yes","No","No",16,60,0.00646266666666667,3.19177016666667,"AT12-2_3",2.29087301235971
"1053","Caribbean","Bocas","Sunset Point","AT12-2","AT12-2-2","pre_exp","Engraulidae",1.814212841,1.024177183,6.3003228149504,"planktivore","pelagic","Not cryptobenthic","Yes","No","No",16,60,0.00646266666666667,3.19177016666667,"AT12-2_2",2.30035096342702
"1054","Caribbean","Bocas","Sunset Point","AT12-2","AT12-2-2","pre_exp","Engraulidae",1.825489967,1.042391883,6.34403434531049,"planktivore","pelagic","Not cryptobenthic","Yes","No","No",16,60,0.00646266666666667,3.19177016666667,"AT12-2_2",2.35167933762958
"1055","Caribbean","Bocas","Sunset Point","AT12-2","AT12-2-3","pre_exp","Engraulidae",1.832623218,0.9922260948,6.3716998604855,"planktivore","pelagic","Not cryptobenthic","Yes","No","No",16,60,0.00646266666666667,3.19177016666667,"AT12-2_3",2.38456882356683
"1056","Caribbean","Bocas","Sunset Point","AT12-2","AT12-2-3","pre_exp","Engraulidae",1.833887696,1.018472878,6.37660529892852,"planktivore","pelagic","Not cryptobenthic","Yes","No","No",16,60,0.00646266666666667,3.19177016666667,"AT12-2_3",2.39043331510644
"1057","Caribbean","Bocas","Sunset Point","AT12-2","AT12-2-2","pre_exp","Engraulidae",1.842914301,1.047197393,6.4116346301354,"planktivore","pelagic","Not cryptobenthic","Yes","No","No",16,60,0.00646266666666667,3.19177016666667,"AT12-2_2",2.43259936384652
"1058","Caribbean","Bocas","Sunset Point","AT12-2","AT12-2-3","pre_exp","Engraulidae",1.854453378,1.070321826,6.45644296909295,"planktivore","pelagic","Not cryptobenthic","Yes","No","No",16,60,0.00646266666666667,3.19177016666667,"AT12-2_3",2.4872776514623
"1059","Caribbean","Bocas","Sunset Point","AT12-2","AT12-2-2","pre_exp","Engraulidae",1.877285211,1.098818276,6.54519810623437,"planktivore","pelagic","Not cryptobenthic","Yes","No","No",16,60,0.00646266666666667,3.19177016666667,"AT12-2_2",2.59806370046818
"1060","Caribbean","Bocas","Sunset Point","AT12-2","AT12-2-1","pre_exp","Engraulidae",1.881492818,0.9931371053,6.56156819705793,"planktivore","pelagic","Not cryptobenthic","Yes","No","No",16,60,0.00646266666666667,3.19177016666667,"AT12-2_1",2.61886064858621
"1061","Caribbean","Bocas","Sunset Point","AT12-2","AT12-2-2","pre_exp","Engraulidae",1.926491369,1.07830422,6.73690263909127,"planktivore","pelagic","Not cryptobenthic","Yes","No","No",16,60,0.00646266666666667,3.19177016666667,"AT12-2_2",2.84882999719691
"1062","Caribbean","Bocas","Sunset Point","AT12-2","AT12-2-3","pre_exp","Engraulidae",1.936635927,1.083024663,6.77649629020131,"planktivore","pelagic","Not cryptobenthic","Yes","No","No",16,60,0.00646266666666667,3.19177016666667,"AT12-2_3",2.90261461532912
"1063","Caribbean","Bocas","Sunset Point","AT12-2","AT12-2-3","pre_exp","Engraulidae",1.987590036,0.9385599925,6.97572837261461,"planktivore","pelagic","Not cryptobenthic","Yes","No","No",16,60,0.00646266666666667,3.19177016666667,"AT12-2_3",3.1838731094558
"1064","Caribbean","Bocas","Sunset Point","AT12-2","AT12-2-2","pre_exp","Engraulidae",2.004348945,1.090682089,7.04138626488031,"planktivore","pelagic","Not cryptobenthic","Yes","No","No",16,60,0.00646266666666667,3.19177016666667,"AT12-2_2",3.28051336173945
"1065","Caribbean","Bocas","Sunset Point","AT12-2","AT12-2-2","pre_exp","Engraulidae",2.024660923,1.124017626,7.12104951612842,"planktivore","pelagic","Not cryptobenthic","Yes","No","No",16,60,0.00646266666666667,3.19177016666667,"AT12-2_2",3.40044910675334
"1066","Caribbean","Bocas","Sunset Point","AT12-2","AT12-2-1","pre_exp","Engraulidae",2.047013656,1.087771767,7.20882352462526,"planktivore","pelagic","Not cryptobenthic","Yes","No","No",16,60,0.00646266666666667,3.19177016666667,"AT12-2_1",3.53604461448722
"1067","Caribbean","Bocas","Sunset Point","AT12-2","AT12-2-3","pre_exp","Engraulidae",2.055416317,1.078943636,7.24184759663303,"planktivore","pelagic","Not cryptobenthic","Yes","No","No",16,60,0.00646266666666667,3.19177016666667,"AT12-2_3",3.58800763242477
"1068","Caribbean","Bocas","Sunset Point","AT12-2","AT12-2-3","pre_exp","Engraulidae",2.079829842,1.147846048,7.33788591835556,"planktivore","pelagic","Not cryptobenthic","Yes","No","No",16,60,0.00646266666666667,3.19177016666667,"AT12-2_3",3.74209931370097
"1069","Caribbean","Bocas","Sunset Point","AT12-2","AT12-2-3","pre_exp","Engraulidae",2.101738202,1.070299699,7.42418058850432,"planktivore","pelagic","Not cryptobenthic","Yes","No","No",16,60,0.00646266666666667,3.19177016666667,"AT12-2_3",3.88438037566471
"1070","Caribbean","Bocas","Sunset Point","AT12-2","AT12-2-3","pre_exp","Engraulidae",2.163295994,1.182749457,7.66720467823943,"planktivore","pelagic","Not cryptobenthic","Yes","No","No",16,60,0.00646266666666667,3.19177016666667,"AT12-2_3",4.30496795743963
"1071","Caribbean","Bocas","Sunset Point","AT12-2","AT12-2-3","pre_exp","Engraulidae",2.183339326,1.374244482,7.74650780362678,"planktivore","pelagic","Not cryptobenthic","Yes","No","No",16,60,0.00646266666666667,3.19177016666667,"AT12-2_3",4.44870535955399
"1072","Caribbean","Bocas","Sunset Point","AT12-2","AT12-2-3","pre_exp","Engraulidae",2.254866446,1.199269006,8.03019346587787,"planktivore","pelagic","Not cryptobenthic","Yes","No","No",16,60,0.00646266666666667,3.19177016666667,"AT12-2_3",4.98987009502119
"1073","Caribbean","Bocas","Sweet Bocas Trench","AT13-5","AT13-5-1","pre_exp","Engraulidae",2.456232498,1.517902146,8.83435063047869,"planktivore","pelagic","Not cryptobenthic","Yes","No","No",16,60,0.00646266666666667,3.19177016666667,"AT13-5_1",6.76680590708069
"1074","Caribbean","Bocas","Sweet Bocas Trench","AT13-5","AT13-5-1","pre_exp","Engraulidae",2.632791107,1.632647623,9.5457725773908,"planktivore","pelagic","Not cryptobenthic","Yes","No","No",16,60,0.00646266666666667,3.19177016666667,"AT13-5_1",8.66450069886711
"1075","Caribbean","Bocas","STRI Point","AT12-1","AT12-1-3-1","modern","Engraulidae",1.312643171,0.9616788971,4.39089947964209,"planktivore","pelagic","Not cryptobenthic","Yes","No","No",16,60,0.00646266666666667,3.19177016666667,"AT12-1_4",0.726599060610651
"1076","Caribbean","Bocas","Punta Caracol","AT13-10","AT13-10-1-2","modern","Engraulidae",1.344890509,0.7619573841,4.51142538399844,"planktivore","pelagic","Not cryptobenthic","Yes","No","No",16,60,0.00646266666666667,3.19177016666667,"AT13-10_2",0.792192917267166
"1077","Caribbean","Bocas","Cayo Adriana","AT14-3","AT14-3-1","modern","Engraulidae",1.451838414,0.9771840291,4.91350812963911,"planktivore","pelagic","Not cryptobenthic","Yes","No","No",16,60,0.00646266666666667,3.19177016666667,"AT14-3_1",1.04033950581847
"1078","Caribbean","Bocas","STRI Point","AT12-1","AT12-1-3-1","modern","Engraulidae",1.469008697,0.9032799001,4.97838861134002,"planktivore","pelagic","Not cryptobenthic","Yes","No","No",16,60,0.00646266666666667,3.19177016666667,"AT12-1_4",1.08482322404887
"1079","Caribbean","Bocas","Punta Caracol","AT13-10","AT13-10-1-1","modern","Engraulidae",1.486565444,1.037232192,5.04482022608679,"planktivore","pelagic","Not cryptobenthic","Yes","No","No",16,60,0.00646266666666667,3.19177016666667,"AT13-10_1",1.13170615053012
"1080","Caribbean","Bocas","Punta Caracol","AT13-10","AT13-10-1-2","modern","Engraulidae",1.492078974,1.013456497,5.06570124096307,"planktivore","pelagic","Not cryptobenthic","Yes","No","No",16,60,0.00646266666666667,3.19177016666667,"AT13-10_2",1.14672511245726
"1081","Caribbean","Bocas","Punta Caracol","AT13-10","AT13-10-1-1","modern","Engraulidae",1.525905849,1.056190069,5.19400589957706,"planktivore","pelagic","Not cryptobenthic","Yes","No","No",16,60,0.00646266666666667,3.19177016666667,"AT13-10_1",1.24202716318032
"1082","Caribbean","Bocas","Punta Caracol","AT13-10","AT13-10-1-1","modern","Engraulidae",1.581430642,0.868039851,5.4053220846163,"planktivore","pelagic","Not cryptobenthic","Yes","No","No",16,60,0.00646266666666667,3.19177016666667,"AT13-10_1",1.41061924259404
"1083","Caribbean","Bocas","Punta Donato","AT14-2","AT14-2-2","modern","Engraulidae",1.62425385,1.286522115,5.56888786421897,"planktivore","pelagic","Not cryptobenthic","Yes","No","No",16,60,0.00646266666666667,3.19177016666667,"AT14-2_2",1.55143405265674
"1084","Caribbean","Bocas","Punta Donato","AT14-2","AT14-2-2","modern","Engraulidae",1.695430619,1.105713601,5.84185230082982,"planktivore","pelagic","Not cryptobenthic","Yes","No","No",16,60,0.00646266666666667,3.19177016666667,"AT14-2_2",1.80744464324206
"1085","Caribbean","Bocas","Casa Blanca new","AT14-1","AT14-1-2","modern","Engraulidae",1.697241615,1.008689619,5.84881506953213,"planktivore","pelagic","Not cryptobenthic","Yes","No","No",16,60,0.00646266666666667,3.19177016666667,"AT14-1_2",1.81432950410972
"1086","Caribbean","Bocas","Punta Donato","AT14-2","AT14-2-2","modern","Engraulidae",1.698911526,1.023164099,5.85523616835615,"planktivore","pelagic","Not cryptobenthic","Yes","No","No",16,60,0.00646266666666667,3.19177016666667,"AT14-2_2",1.82069469829197
"1087","Caribbean","Bocas","Casa Blanca new","AT14-1","AT14-1-2","modern","Engraulidae",1.705109523,1.030090021,5.87907493011368,"planktivore","pelagic","Not cryptobenthic","Yes","No","No",16,60,0.00646266666666667,3.19177016666667,"AT14-1_2",1.84446006582672
"1088","Caribbean","Bocas","Cayo Adriana","AT14-3","AT14-3-1","modern","Engraulidae",1.779019055,1.132429371,6.16411031558987,"planktivore","pelagic","Not cryptobenthic","Yes","No","No",16,60,0.00646266666666667,3.19177016666667,"AT14-3_1",2.14534203561627
"1089","Caribbean","Bocas","STRI Point","AT12-1","AT12-1-3-1","modern","Engraulidae",1.784551958,1.006749648,6.18550412095175,"planktivore","pelagic","Not cryptobenthic","Yes","No","No",16,60,0.00646266666666667,3.19177016666667,"AT12-1_4",2.16919798822073
"1090","Caribbean","Bocas","Cayo Adriana","AT14-3","AT14-3-1","modern","Engraulidae",1.801332453,1.152904364,6.25043531533392,"planktivore","pelagic","Not cryptobenthic","Yes","No","No",16,60,0.00646266666666667,3.19177016666667,"AT14-3_1",2.2427165907906
"1091","Caribbean","Bocas","Cayo Adriana","AT14-3","AT14-3-1","modern","Engraulidae",1.802021577,1.113297469,6.25310334386581,"planktivore","pelagic","Not cryptobenthic","Yes","No","No",16,60,0.00646266666666667,3.19177016666667,"AT14-3_1",2.24577354796252
"1092","Caribbean","Bocas","Punta Donato","AT14-2","AT14-2-2","modern","Engraulidae",1.806741349,1.039926017,6.27137969542646,"planktivore","pelagic","Not cryptobenthic","Yes","No","No",16,60,0.00646266666666667,3.19177016666667,"AT14-2_2",2.26679108924752
"1093","Caribbean","Bocas","Punta Donato","AT14-2","AT14-2-2","modern","Engraulidae",1.815816072,1.071085507,6.30653522282012,"planktivore","pelagic","Not cryptobenthic","Yes","No","No",16,60,0.00646266666666667,3.19177016666667,"AT14-2_2",2.30759852805883
"1094","Caribbean","Bocas","STRI Point","AT12-1","AT12-1-3-1","modern","Engraulidae",1.821502152,1.100970361,6.32857350055606,"planktivore","pelagic","Not cryptobenthic","Yes","No","No",16,60,0.00646266666666667,3.19177016666667,"AT12-1_4",2.3334354624645
"1095","Caribbean","Bocas","Casa Blanca new","AT14-1","AT14-1-2","modern","Engraulidae",1.830172512,1.061309293,6.36219366367938,"planktivore","pelagic","Not cryptobenthic","Yes","No","No",16,60,0.00646266666666667,3.19177016666667,"AT14-1_2",2.37323222587882
"1096","Caribbean","Bocas","Casa Blanca new","AT14-1","AT14-1-2","modern","Engraulidae",1.8617855,1.027543623,6.48493172090438,"planktivore","pelagic","Not cryptobenthic","Yes","No","No",16,60,0.00646266666666667,3.19177016666667,"AT14-1_2",2.52247700062106
"1097","Caribbean","Bocas","Casa Blanca new","AT14-1","AT14-1-2","modern","Engraulidae",1.943230835,1.041280409,6.80224873998171,"planktivore","pelagic","Not cryptobenthic","Yes","No","No",16,60,0.00646266666666667,3.19177016666667,"AT14-1_2",2.93796889397866
"1098","Caribbean","Bocas","Casa Blanca new","AT14-1","AT14-1-2","modern","Engraulidae",1.958585536,1.014912627,6.86224644915126,"planktivore","pelagic","Not cryptobenthic","Yes","No","No",16,60,0.00646266666666667,3.19177016666667,"AT14-1_2",3.02148173798698
"1099","Caribbean","Bocas","Punta Donato","AT14-2","AT14-2-2","modern","Engraulidae",1.973751053,0.9507650068,6.92155840051129,"planktivore","pelagic","Not cryptobenthic","Yes","No","No",16,60,0.00646266666666667,3.19177016666667,"AT14-2_2",3.10562817930415
"1100","Caribbean","Bocas","Cayo Adriana","AT14-3","AT14-3-1","modern","Engraulidae",2.013157873,1.288022796,7.07592331923838,"planktivore","pelagic","Not cryptobenthic","Yes","No","No",16,60,0.00646266666666667,3.19177016666667,"AT14-3_1",3.33214705941101
"1101","Caribbean","Bocas","Cayo Adriana","AT14-3","AT14-3-1","modern","Engraulidae",2.019806284,1.265818469,7.1020012513508,"planktivore","pelagic","Not cryptobenthic","Yes","No","No",16,60,0.00646266666666667,3.19177016666667,"AT14-3_1",3.37150196444111
"1102","Caribbean","Bocas","Casa Blanca new","AT14-1","AT14-1-2","modern","Engraulidae",2.038184984,1.122733648,7.17414204902804,"planktivore","pelagic","Not cryptobenthic","Yes","No","No",16,60,0.00646266666666667,3.19177016666667,"AT14-1_2",3.48203250485297
"1103","Caribbean","Bocas","Punta Donato","AT14-2","AT14-2-2","modern","Engraulidae",2.047755404,1.071220691,7.2117381063191,"planktivore","pelagic","Not cryptobenthic","Yes","No","No",16,60,0.00646266666666667,3.19177016666667,"AT14-2_2",3.54060974921395
"1104","Caribbean","Bocas","Casa Blanca new","AT14-1","AT14-1-2","modern","Engraulidae",2.049119021,1.287070318,7.21709654290177,"planktivore","pelagic","Not cryptobenthic","Yes","No","No",16,60,0.00646266666666667,3.19177016666667,"AT14-1_2",3.54901327252741
"1105","Caribbean","Bocas","Punta Donato","AT14-2","AT14-2-2","modern","Engraulidae",2.059864996,1.411285134,7.25933809169193,"planktivore","pelagic","Not cryptobenthic","Yes","No","No",16,60,0.00646266666666667,3.19177016666667,"AT14-2_2",3.6157399876011
"1106","Caribbean","Bocas","Casa Blanca new","AT14-1","AT14-1-2","modern","Engraulidae",2.068315484,1.117495538,7.2925741966152,"planktivore","pelagic","Not cryptobenthic","Yes","No","No",16,60,0.00646266666666667,3.19177016666667,"AT14-1_2",3.66884303241233
"1107","Caribbean","Bocas","Casa Blanca new","AT14-1","AT14-1-2","modern","Engraulidae",2.06847298,1.061102868,7.29319378405261,"planktivore","pelagic","Not cryptobenthic","Yes","No","No",16,60,0.00646266666666667,3.19177016666667,"AT14-1_2",3.66983803205605
"1108","Caribbean","Bocas","Cayo Adriana","AT14-3","AT14-3-1","modern","Engraulidae",2.095029332,1.287478735,7.39774396058675,"planktivore","pelagic","Not cryptobenthic","Yes","No","No",16,60,0.00646266666666667,3.19177016666667,"AT14-3_1",3.84040442568305
"1109","Caribbean","Bocas","Cayo Adriana","AT14-3","AT14-3-1","modern","Engraulidae",2.144358141,1.33829699,7.59235356239633,"planktivore","pelagic","Not cryptobenthic","Yes","No","No",16,60,0.00646266666666667,3.19177016666667,"AT14-3_1",4.17225614109348
"1110","Caribbean","Bocas","Casa Blanca new","AT14-1","AT14-1-2","modern","Engraulidae",2.155882707,1.4513266,7.63789488304634,"planktivore","pelagic","Not cryptobenthic","Yes","No","No",16,60,0.00646266666666667,3.19177016666667,"AT14-1_2",4.25266131704327
"1111","Caribbean","Bocas","Punta Donato","AT14-2","AT14-2-2","modern","Engraulidae",2.201602312,1.154777782,7.81884027082635,"planktivore","pelagic","Not cryptobenthic","Yes","No","No",16,60,0.00646266666666667,3.19177016666667,"AT14-2_2",4.58265154121587
"1112","Caribbean","Bocas","Punta Donato","AT14-2","AT14-2-2","modern","Engraulidae",2.226526513,1.116015549,7.91766720325703,"planktivore","pelagic","Not cryptobenthic","Yes","No","No",16,60,0.00646266666666667,3.19177016666667,"AT14-2_2",4.77010160584318
"1113","Caribbean","Bocas","Punta Donato","AT14-2","AT14-2-2","modern","Engraulidae",2.361219018,1.397833647,8.4539223617411,"planktivore","pelagic","Not cryptobenthic","Yes","No","No",16,60,0.00646266666666667,3.19177016666667,"AT14-2_2",5.87988236704412
"1114","Caribbean","Bocas","Punta Donato","AT14-2","AT14-2-2","modern","Engraulidae",2.380814445,1.724293443,8.53223860292712,"planktivore","pelagic","Not cryptobenthic","Yes","No","No",16,60,0.00646266666666667,3.19177016666667,"AT14-2_2",6.05551155637432
"1115","Caribbean","Bocas","Punta Caracol","AT13-10","AT13-10-1-1","modern","Engraulidae",2.405554924,1.417208227,8.63122441553747,"planktivore","pelagic","Not cryptobenthic","Yes","No","No",16,60,0.00646266666666667,3.19177016666667,"AT13-10_1",6.28260483120205
"1116","Caribbean","Bocas","Punta Donato","AT14-2","AT14-2-2","modern","Engraulidae",2.435383131,1.178804083,8.7507227328998,"planktivore","pelagic","Not cryptobenthic","Yes","No","No",16,60,0.00646266666666667,3.19177016666667,"AT14-2_2",6.56446665747328
"1117","Caribbean","Bocas","Punta Donato","AT14-2","AT14-2-2","modern","Engraulidae",2.504216802,1.674913522,9.02712948696226,"planktivore","pelagic","Not cryptobenthic","Yes","No","No",16,60,0.00646266666666667,3.19177016666667,"AT14-2_2",7.2494772705916
"1118","Caribbean","Bocas","Punta Donato","AT14-2","AT14-2-2","modern","Engraulidae",2.671293781,1.747031537,9.70166266939224,"planktivore","pelagic","Not cryptobenthic","Yes","No","No",16,60,0.00646266666666667,3.19177016666667,"AT14-2_2",9.12426564117025
"1119","Caribbean","Bocas","Punta Donato","AT14-2","AT14-2-2","modern","Engraulidae",2.900392734,1.802913017,10.6345149784813,"planktivore","pelagic","Not cryptobenthic","Yes","No","No",16,60,0.00646266666666667,3.19177016666667,"AT14-2_2",12.2309063310178
"1120","Caribbean","Bocas","Sunset Point","AT12-2","AT12-2-3","pre_exp","Gerreidae",1.074240338,0.7258915465,2.93591415487058,"omnivore_carnivore","demersal","Not cryptobenthic","Yes","Yes","No",20,105,0.0147402857142857,3.05094761904762,"AT12-2_3",0.394063645048935
"1121","Caribbean","Bocas","Sunset Point","AT12-2","AT12-2-1","pre_exp","Gerreidae",1.076015868,0.7600748792,2.94097591660645,"omnivore_carnivore","demersal","Not cryptobenthic","Yes","Yes","No",20,105,0.0147402857142857,3.05094761904762,"AT12-2_1",0.39614012186259
"1122","Caribbean","Bocas","Sweet Bocas Trench","AT13-8","AT13-8-1","pre_exp","Gerreidae",1.165211341,0.7877597704,3.1957099481689,"omnivore_carnivore","demersal","Not cryptobenthic","Yes","Yes","No",20,105,0.0147402857142857,3.05094761904762,"AT13-8_1",0.510404471955434
"1123","Caribbean","Bocas","Sweet Bocas Trench","AT13-8","AT13-8-1","pre_exp","Gerreidae",1.177019343,0.7642594093,3.22949696757961,"omnivore_carnivore","demersal","Not cryptobenthic","Yes","Yes","No",20,105,0.0147402857142857,3.05094761904762,"AT13-8_1",0.527047496628307
"1124","Caribbean","Bocas","Sunset Point","AT12-2","AT12-2-5","pre_exp","Gerreidae",1.22195702,0.7865516669,3.35821249810508,"omnivore_carnivore","demersal","Not cryptobenthic","Yes","Yes","No",20,105,0.0147402857142857,3.05094761904762,"AT12-2_5",0.593792053368552
"1125","Caribbean","Bocas","Sunset Point","AT12-2","AT12-2-3","pre_exp","Gerreidae",1.223881419,0.7739760519,3.36372918612013,"omnivore_carnivore","demersal","Not cryptobenthic","Yes","Yes","No",20,105,0.0147402857142857,3.05094761904762,"AT12-2_3",0.596773113916298
"1126","Caribbean","Bocas","Sunset Point","AT12-2","AT12-2-5","pre_exp","Gerreidae",1.237968848,0.8243702715,3.40412506116914,"omnivore_carnivore","demersal","Not cryptobenthic","Yes","Yes","No",20,105,0.0147402857142857,3.05094761904762,"AT12-2_5",0.618909054170626
"1127","Caribbean","Bocas","Sunset Point","AT12-2","AT12-2-1","pre_exp","Gerreidae",1.313867985,0.9214713378,3.62210232612329,"omnivore_carnivore","demersal","Not cryptobenthic","Yes","Yes","No",20,105,0.0147402857142857,3.05094761904762,"AT12-2_1",0.74793828596149
"1128","Caribbean","Bocas","Sweet Bocas Trench","AT13-4","AT13-4-3","pre_exp","Gerreidae",1.354234385,0.9010412453,3.73825517290248,"omnivore_carnivore","demersal","Not cryptobenthic","Yes","Yes","No",20,105,0.0147402857142857,3.05094761904762,"AT13-4_2",0.823547872554664
"1129","Caribbean","Bocas","Sunset Point","AT12-2","AT12-2-3","pre_exp","Gerreidae",1.488764446,1.014140829,4.12641535855817,"omnivore_carnivore","demersal","Not cryptobenthic","Yes","Yes","No",20,105,0.0147402857142857,3.05094761904762,"AT12-2_3",1.11323461299489
"1130","Caribbean","Bocas","Sunset Point","AT12-2","AT12-2-5","pre_exp","Gerreidae",1.528068835,1.037927616,4.24011240099566,"omnivore_carnivore","demersal","Not cryptobenthic","Yes","Yes","No",20,105,0.0147402857142857,3.05094761904762,"AT12-2_5",1.20948752470899
"1131","Caribbean","Bocas","Sunset Point","AT12-2","AT12-2-3","pre_exp","Gerreidae",1.554604535,1.164013257,4.3169445269035,"omnivore_carnivore","demersal","Not cryptobenthic","Yes","Yes","No",20,105,0.0147402857142857,3.05094761904762,"AT12-2_3",1.27760332756087
"1132","Caribbean","Bocas","Sweet Bocas Trench","AT13-4","AT13-4-3","pre_exp","Gerreidae",1.635290429,1.042561668,4.5509078990207,"omnivore_carnivore","demersal","Not cryptobenthic","Yes","Yes","No",20,105,0.0147402857142857,3.05094761904762,"AT13-4_2",1.50081986455986
"1133","Caribbean","Bocas","Sweet Bocas Trench","AT13-4","AT13-4-3","pre_exp","Gerreidae",1.743364201,1.182057863,4.86506359713789,"omnivore_carnivore","demersal","Not cryptobenthic","Yes","Yes","No",20,105,0.0147402857142857,3.05094761904762,"AT13-4_2",1.83982701448513
"1134","Caribbean","Bocas","Sunset Point","AT12-2","AT12-2-3","pre_exp","Gerreidae",1.766737985,1.209403472,4.93312025547021,"omnivore_carnivore","demersal","Not cryptobenthic","Yes","Yes","No",20,105,0.0147402857142857,3.05094761904762,"AT12-2_3",1.91948140595671
"1135","Caribbean","Bocas","Sunset Point","AT12-2","AT12-2-1B","pre_exp","Gerreidae",1.963744942,1.330709858,5.50823452534561,"omnivore_carnivore","demersal","Not cryptobenthic","Yes","Yes","No",20,105,0.0147402857142857,3.05094761904762,"AT12-2_1",2.68717524102664
"1136","Caribbean","Bocas","Sweet Bocas Trench","AT13-4","AT13-4-3","pre_exp","Gerreidae",2.315975623,1.54808784,6.54256041140495,"omnivore_carnivore","demersal","Not cryptobenthic","Yes","Yes","No",20,105,0.0147402857142857,3.05094761904762,"AT13-4_2",4.54265266013551
"1137","Caribbean","Bocas","Casa Blanca","AT13-12","AT13-12-4-2","modern","Gerreidae",0.98320843,0.7217050023,2.67689249481551,"omnivore_carnivore","demersal","Not cryptobenthic","Yes","Yes","No",20,105,0.0147402857142857,3.05094761904762,"AT13-12_8",0.297293538099949
"1138","Caribbean","Bocas","Casa Blanca","AT13-12","AT13-12-4-2","modern","Gerreidae",1.28726986,0.8991814462,3.54565088060333,"omnivore_carnivore","demersal","Not cryptobenthic","Yes","Yes","No",20,105,0.0147402857142857,3.05094761904762,"AT13-12_8",0.700808749644042
"1139","Caribbean","Bocas","Casa Blanca","AT13-12","AT13-12-1-1","modern","Gerreidae",1.567334875,1.122261679,4.35382438725426,"omnivore_carnivore","demersal","Not cryptobenthic","Yes","Yes","No",20,105,0.0147402857142857,3.05094761904762,"AT13-12_1",1.31119588096577
"1140","Caribbean","Bocas","Casa Blanca","AT13-12","AT13-12-4-2","modern","Gerreidae",2.033410309,1.440639001,5.71221501706442,"omnivore_carnivore","demersal","Not cryptobenthic","Yes","Yes","No",20,105,0.0147402857142857,3.05094761904762,"AT13-12_8",3.00245793276619
"1141","Caribbean","Bocas","Casa Blanca","AT13-12","AT13-12-1-1","modern","Gerreidae",3.443870649,2.198865628,9.8965379640819,"omnivore_carnivore","demersal","Not cryptobenthic","Yes","Yes","No",20,105,0.0147402857142857,3.05094761904762,"AT13-12_1",16.0573284285209
"1142","Caribbean","Bocas","Sunset Point","AT12-2","AT12-2-1","pre_exp","Gobiidae",0.682184057,0.5962136598,1.76661661283606,"omnivore_carnivore","demersal","Cryptobenthic","No","No","Yes",19,37,0.00980621621621622,3.01654054054054,"AT12-2_1",0.0545778297795517
"1143","Caribbean","Bocas","Sunset Point","AT12-2","AT12-2-1","pre_exp","Gobiidae",0.706516116,0.6296972845,1.83368743948401,"omnivore_carnivore","demersal","Cryptobenthic","No","No","Yes",19,37,0.00980621621621622,3.01654054054054,"AT12-2_1",0.0610707056451225
"1144","Caribbean","Bocas","Sunset Point","AT12-2","AT12-2-1","pre_exp","Gobiidae",0.736425659,0.6497692366,1.91633239041367,"omnivore_carnivore","demersal","Cryptobenthic","No","No","Yes",19,37,0.00980621621621622,3.01654054054054,"AT12-2_1",0.0697567447646845
"1145","Caribbean","Bocas","Sunset Point","AT12-2","AT12-2-1","pre_exp","Gobiidae",0.779657418,0.7028025894,2.03616244708706,"omnivore_carnivore","demersal","Cryptobenthic","No","No","Yes",19,37,0.00980621621621622,3.01654054054054,"AT12-2_1",0.0837619269239276
"1146","Caribbean","Bocas","Sunset Point","AT12-2","AT12-2-4","pre_exp","Gobiidae",0.784714793,0.6755559381,2.05020844361035,"omnivore_carnivore","demersal","Cryptobenthic","No","No","Yes",19,37,0.00980621621621622,3.01654054054054,"AT12-2_4",0.0855170726129394
"1147","Caribbean","Bocas","Sunset Point","AT12-2","AT12-2-1","pre_exp","Gobiidae",0.785680705,0.6898080385,2.05289175171595,"omnivore_carnivore","demersal","Cryptobenthic","No","No","Yes",19,37,0.00980621621621622,3.01654054054054,"AT12-2_1",0.0858551432853926
"1148","Caribbean","Bocas","Sunset Point","AT12-2","AT12-2-4","pre_exp","Gobiidae",0.794970953,0.7207644747,2.07871072213672,"omnivore_carnivore","demersal","Cryptobenthic","No","No","Yes",19,37,0.00980621621621622,3.01654054054054,"AT12-2_4",0.0891538533558138
"1149","Caribbean","Bocas","Sunset Point","AT12-2","AT12-2-1","pre_exp","Gobiidae",0.800003803,0.6829608485,2.09270573954467,"omnivore_carnivore","demersal","Cryptobenthic","No","No","Yes",19,37,0.00980621621621622,3.01654054054054,"AT12-2_1",0.0909767979981794
"1150","Caribbean","Bocas","Sunset Point","AT12-2","AT12-2-3","pre_exp","Gobiidae",0.800334979,0.7751477412,2.09362684755972,"omnivore_carnivore","demersal","Cryptobenthic","No","No","Yes",19,37,0.00980621621621622,3.01654054054054,"AT12-2_3",0.0910976447361766
"1151","Caribbean","Bocas","Sunset Point","AT12-2","AT12-2-1","pre_exp","Gobiidae",0.801836436,0.6369485377,2.09780318933231,"omnivore_carnivore","demersal","Cryptobenthic","No","No","Yes",19,37,0.00980621621621622,3.01654054054054,"AT12-2_1",0.0916469152308925
"1152","Caribbean","Bocas","Sweet Bocas Trench","AT13-4","AT13-4-3","pre_exp","Gobiidae",0.80386417,0.7222693765,2.10344416909467,"omnivore_carnivore","demersal","Cryptobenthic","No","No","Yes",19,37,0.00980621621621622,3.01654054054054,"AT13-4_2",0.0923923227480378
"1153","Caribbean","Bocas","Sunset Point","AT12-2","AT12-2-4","pre_exp","Gobiidae",0.806085974,0.7714435089,2.10962606784682,"omnivore_carnivore","demersal","Cryptobenthic","No","No","Yes",19,37,0.00980621621621622,3.01654054054054,"AT12-2_4",0.0932138505155956
"1154","Caribbean","Bocas","Sunset Point","AT12-2","AT12-2-4","pre_exp","Gobiidae",0.811550645,0.686567132,2.12483542753594,"omnivore_carnivore","demersal","Cryptobenthic","No","No","Yes",19,37,0.00980621621621622,3.01654054054054,"AT12-2_4",0.0952558152760923
"1155","Caribbean","Bocas","Sunset Point","AT12-2","AT12-2-2","pre_exp","Gobiidae",0.817015412,0.734412775,2.14005153232112,"omnivore_carnivore","demersal","Cryptobenthic","No","No","Yes",19,37,0.00980621621621622,3.01654054054054,"AT12-2_2",0.0973283932593514
"1156","Caribbean","Bocas","Sweet Bocas Trench","AT13-4","AT13-4-3","pre_exp","Gobiidae",0.819297827,0.7174141237,2.14640859989771,"omnivore_carnivore","demersal","Cryptobenthic","No","No","Yes",19,37,0.00980621621621622,3.01654054054054,"AT13-4_2",0.0982031381782787
"1157","Caribbean","Bocas","Sweet Bocas Trench","AT13-4","AT13-4-3","pre_exp","Gobiidae",0.822015617,0.7066968531,2.15397975079228,"omnivore_carnivore","demersal","Cryptobenthic","No","No","Yes",19,37,0.00980621621621622,3.01654054054054,"AT13-4_2",0.0992517813071803
"1158","Caribbean","Bocas","Sunset Point","AT12-2","AT12-2-2","pre_exp","Gobiidae",0.82881304,0.7025979839,2.17292276107111,"omnivore_carnivore","demersal","Cryptobenthic","No","No","Yes",19,37,0.00980621621621622,3.01654054054054,"AT12-2_2",0.101908222546152
"1159","Caribbean","Bocas","Sunset Point","AT12-2","AT12-2-4","pre_exp","Gobiidae",0.831125063,0.6879265652,2.17936813386411,"omnivore_carnivore","demersal","Cryptobenthic","No","No","Yes",19,37,0.00980621621621622,3.01654054054054,"AT12-2_4",0.102822799759525
"1160","Caribbean","Bocas","Sunset Point","AT12-2","AT12-2-1","pre_exp","Gobiidae",0.831551926,0.7158475408,2.18055825094567,"omnivore_carnivore","demersal","Cryptobenthic","No","No","Yes",19,37,0.00980621621621622,3.01654054054054,"AT12-2_1",0.102992271302844
"1161","Caribbean","Bocas","Sunset Point","AT12-2","AT12-2-1","pre_exp","Gobiidae",0.833411831,0.7802101987,2.1857442171108,"omnivore_carnivore","demersal","Cryptobenthic","No","No","Yes",19,37,0.00980621621621622,3.01654054054054,"AT12-2_1",0.103732927724414
"1162","Caribbean","Bocas","Sunset Point","AT12-2","AT12-2-1","pre_exp","Gobiidae",0.837023375,0.7088509476,2.19581636085812,"omnivore_carnivore","demersal","Cryptobenthic","No","No","Yes",19,37,0.00980621621621622,3.01654054054054,"AT12-2_1",0.105181581720481
"1163","Caribbean","Bocas","Sweet Bocas Trench","AT13-4","AT13-4-3","pre_exp","Gobiidae",0.837490909,0.7395904315,2.1971204557848,"omnivore_carnivore","demersal","Cryptobenthic","No","No","Yes",19,37,0.00980621621621622,3.01654054054054,"AT13-4_2",0.10537012978886
"1164","Caribbean","Bocas","Sunset Point","AT12-2","AT12-2-1","pre_exp","Gobiidae",0.837651307,0.7612794052,2.1975678653369,"omnivore_carnivore","demersal","Cryptobenthic","No","No","Yes",19,37,0.00980621621621622,3.01654054054054,"AT12-2_1",0.105434868974421
"1165","Caribbean","Bocas","Sweet Bocas Trench","AT13-4","AT13-4-3","pre_exp","Gobiidae",0.843660339,0.724377784,2.21433318061061,"omnivore_carnivore","demersal","Cryptobenthic","No","No","Yes",19,37,0.00980621621621622,3.01654054054054,"AT13-4_2",0.10787998399243
"1166","Caribbean","Bocas","Sunset Point","AT12-2","AT12-2-4","pre_exp","Gobiidae",0.844040514,0.7223937181,2.21539413077286,"omnivore_carnivore","demersal","Cryptobenthic","No","No","Yes",19,37,0.00980621621621622,3.01654054054054,"AT12-2_4",0.108035979410601
"1167","Caribbean","Bocas","Sunset Point","AT12-2","AT12-2-2","pre_exp","Gobiidae",0.850354043,0.7562230545,2.23301763462848,"omnivore_carnivore","demersal","Cryptobenthic","No","No","Yes",19,37,0.00980621621621622,3.01654054054054,"AT12-2_2",0.110649329844652
"1168","Caribbean","Bocas","Sweet Bocas Trench","AT13-4","AT13-4-3","pre_exp","Gobiidae",0.850635404,0.7540876073,2.2338032151763,"omnivore_carnivore","demersal","Cryptobenthic","No","No","Yes",19,37,0.00980621621621622,3.01654054054054,"AT13-4_2",0.110766795407228
"1169","Caribbean","Bocas","Sweet Bocas Trench","AT13-4","AT13-4-3","pre_exp","Gobiidae",0.851965431,0.7301181795,2.2375169704494,"omnivore_carnivore","demersal","Cryptobenthic","No","No","Yes",19,37,0.00980621621621622,3.01654054054054,"AT13-4_2",0.111323231028621
"1170","Caribbean","Bocas","Sweet Bocas Trench","AT13-4","AT13-4-3","pre_exp","Gobiidae",0.85251144,0.750441536,2.23904166508316,"omnivore_carnivore","demersal","Cryptobenthic","No","No","Yes",19,37,0.00980621621621622,3.01654054054054,"AT13-4_2",0.111552217515889
"1171","Caribbean","Bocas","Sunset Point","AT12-2","AT12-2-4","pre_exp","Gobiidae",0.853550056,0.756080664,2.24194210316257,"omnivore_carnivore","demersal","Cryptobenthic","No","No","Yes",19,37,0.00980621621621622,3.01654054054054,"AT12-2_4",0.111988689035353
"1172","Caribbean","Bocas","Sunset Point","AT12-2","AT12-2-1","pre_exp","Gobiidae",0.8541537,0.7050274952,2.24362794140923,"omnivore_carnivore","demersal","Cryptobenthic","No","No","Yes",19,37,0.00980621621621622,3.01654054054054,"AT12-2_1",0.112242905729069
"1173","Caribbean","Bocas","Sweet Bocas Trench","AT13-4","AT13-4-3","pre_exp","Gobiidae",0.854222956,0.7480168988,2.2438213622375,"omnivore_carnivore","demersal","Cryptobenthic","No","No","Yes",19,37,0.00980621621621622,3.01654054054054,"AT13-4_2",0.112272097350306
"1174","Caribbean","Bocas","Sweet Bocas Trench","AT13-4","AT13-4-3","pre_exp","Gobiidae",0.864485752,0.7399377209,2.27249461558031,"omnivore_carnivore","demersal","Cryptobenthic","No","No","Yes",19,37,0.00980621621621622,3.01654054054054,"AT13-4_2",0.116655925472422
"1175","Caribbean","Bocas","Sweet Bocas Trench","AT13-4","AT13-4-3","pre_exp","Gobiidae",0.865052102,0.7367564918,2.27407757152926,"omnivore_carnivore","demersal","Cryptobenthic","No","No","Yes",19,37,0.00980621621621622,3.01654054054054,"AT13-4_2",0.116901219469634
"1176","Caribbean","Bocas","Sunset Point","AT12-2","AT12-2-4","pre_exp","Gobiidae",0.865450195,0.7206689212,2.27519028610215,"omnivore_carnivore","demersal","Cryptobenthic","No","No","Yes",19,37,0.00980621621621622,3.01654054054054,"AT12-2_4",0.117073851330087
"1177","Caribbean","Bocas","Sweet Bocas Trench","AT13-4","AT13-4-3","pre_exp","Gobiidae",0.866465244,0.6379881614,2.27802760832005,"omnivore_carnivore","demersal","Cryptobenthic","No","No","Yes",19,37,0.00980621621621622,3.01654054054054,"AT13-4_2",0.117514818206282
"1178","Caribbean","Bocas","Sweet Bocas Trench","AT13-4","AT13-4-3","pre_exp","Gobiidae",0.866740004,0.7557210017,2.27879566912897,"omnivore_carnivore","demersal","Cryptobenthic","No","No","Yes",19,37,0.00980621621621622,3.01654054054054,"AT13-4_2",0.117634378246184
"1179","Caribbean","Bocas","Sweet Bocas Trench","AT13-4","AT13-4-3","pre_exp","Gobiidae",0.869089016,0.7519809845,2.28536269713689,"omnivore_carnivore","demersal","Cryptobenthic","No","No","Yes",19,37,0.00980621621621622,3.01654054054054,"AT13-4_2",0.118659955096472
"1180","Caribbean","Bocas","Sunset Point","AT12-2","AT12-2-1","pre_exp","Gobiidae",0.873059675,0.7930111441,2.29646584222345,"omnivore_carnivore","demersal","Cryptobenthic","No","No","Yes",19,37,0.00980621621621622,3.01654054054054,"AT12-2_1",0.120407506393658
"1181","Caribbean","Bocas","Sweet Bocas Trench","AT13-4","AT13-4-2","pre_exp","Gobiidae",0.874210737,0.7540749126,2.29968515209375,"omnivore_carnivore","demersal","Cryptobenthic","No","No","Yes",19,37,0.00980621621621622,3.01654054054054,"AT13-4_1",0.120917399605259
"1182","Caribbean","Bocas","Sunset Point","AT12-2","AT12-2-4","pre_exp","Gobiidae",0.87666107,0.7915520668,2.30653917757366,"omnivore_carnivore","demersal","Cryptobenthic","No","No","Yes",19,37,0.00980621621621622,3.01654054054054,"AT12-2_4",0.122007784283
"1183","Caribbean","Bocas","Sweet Bocas Trench","AT13-4","AT13-4-3","pre_exp","Gobiidae",0.878764005,0.7143006238,2.31242243409204,"omnivore_carnivore","demersal","Cryptobenthic","No","No","Yes",19,37,0.00980621621621622,3.01654054054054,"AT13-4_2",0.12294895865899
"1184","Caribbean","Bocas","Sweet Bocas Trench","AT13-4","AT13-4-3","pre_exp","Gobiidae",0.880471597,0.7479281402,2.31720031806903,"omnivore_carnivore","demersal","Cryptobenthic","No","No","Yes",19,37,0.00980621621621622,3.01654054054054,"AT13-4_2",0.123716862588175
"1185","Caribbean","Bocas","Sunset Point","AT12-2","AT12-2-1","pre_exp","Gobiidae",0.880477381,0.7479173965,2.31721650283823,"omnivore_carnivore","demersal","Cryptobenthic","No","No","Yes",19,37,0.00980621621621622,3.01654054054054,"AT12-2_1",0.123719469246173
"1186","Caribbean","Bocas","Sweet Bocas Trench","AT13-4","AT13-4-3","pre_exp","Gobiidae",0.881223441,0.732678968,2.31930418175117,"omnivore_carnivore","demersal","Cryptobenthic","No","No","Yes",19,37,0.00980621621621622,3.01654054054054,"AT13-4_2",0.124056010848298
"1187","Caribbean","Bocas","Sunset Point","AT12-2","AT12-2-4","pre_exp","Gobiidae",0.882065776,0.7945973956,2.32166139864733,"omnivore_carnivore","demersal","Cryptobenthic","No","No","Yes",19,37,0.00980621621621622,3.01654054054054,"AT12-2_4",0.124436737940538
"1188","Caribbean","Bocas","Sweet Bocas Trench","AT13-4","AT13-4-3","pre_exp","Gobiidae",0.88313338,0.768443255,2.324649219967,"omnivore_carnivore","demersal","Cryptobenthic","No","No","Yes",19,37,0.00980621621621622,3.01654054054054,"AT13-4_2",0.124920438885064
"1189","Caribbean","Bocas","Sunset Point","AT12-2","AT12-2-1","pre_exp","Gobiidae",0.88800129,0.8136411398,2.33827555710409,"omnivore_carnivore","demersal","Cryptobenthic","No","No","Yes",19,37,0.00980621621621622,3.01654054054054,"AT12-2_1",0.127142359959761
"1190","Caribbean","Bocas","Sunset Point","AT12-2","AT12-2-1","pre_exp","Gobiidae",0.888856761,0.7461708217,2.34067069496987,"omnivore_carnivore","demersal","Cryptobenthic","No","No","Yes",19,37,0.00980621621621622,3.01654054054054,"AT12-2_1",0.127535622627018
"1191","Caribbean","Bocas","Sweet Bocas Trench","AT13-4","AT13-4-3","pre_exp","Gobiidae",0.89220199,0.7920128646,2.35003802698721,"omnivore_carnivore","demersal","Cryptobenthic","No","No","Yes",19,37,0.00980621621621622,3.01654054054054,"AT13-4_2",0.129081473246588
"1192","Caribbean","Bocas","Sunset Point","AT12-2","AT12-2-3","pre_exp","Gobiidae",0.89322446,0.793645999,2.35290159771744,"omnivore_carnivore","demersal","Cryptobenthic","No","No","Yes",19,37,0.00980621621621622,3.01654054054054,"AT12-2_3",0.12955652351823
"1193","Caribbean","Bocas","Sunset Point","AT12-2","AT12-2-1","pre_exp","Gobiidae",0.897693037,0.7567150022,2.36541890443603,"omnivore_carnivore","demersal","Cryptobenthic","No","No","Yes",19,37,0.00980621621621622,3.01654054054054,"AT12-2_1",0.131646796772355
"1194","Caribbean","Bocas","Sweet Bocas Trench","AT13-4","AT13-4-3","pre_exp","Gobiidae",0.89786299,0.7907433036,2.36589505198036,"omnivore_carnivore","demersal","Cryptobenthic","No","No","Yes",19,37,0.00980621621621622,3.01654054054054,"AT13-4_2",0.131726750936903
"1195","Caribbean","Bocas","Sweet Bocas Trench","AT13-4","AT13-4-3","pre_exp","Gobiidae",0.898179075,0.7846876618,2.3667806242999,"omnivore_carnivore","demersal","Cryptobenthic","No","No","Yes",19,37,0.00980621621621622,3.01654054054054,"AT13-4_2",0.131875541572037
"1196","Caribbean","Bocas","Sweet Bocas Trench","AT13-4","AT13-4-3","pre_exp","Gobiidae",0.898511121,0.8076791345,2.36771093562595,"omnivore_carnivore","demersal","Cryptobenthic","No","No","Yes",19,37,0.00980621621621622,3.01654054054054,"AT13-4_2",0.132031970055327
"1197","Caribbean","Bocas","Sunset Point","AT12-2","AT12-2-4","pre_exp","Gobiidae",0.901888124,0.7741848912,2.3771737021132,"omnivore_carnivore","demersal","Cryptobenthic","No","No","Yes",19,37,0.00980621621621622,3.01654054054054,"AT12-2_4",0.133630153427582
"1198","Caribbean","Bocas","Sweet Bocas Trench","AT13-4","AT13-4-3","pre_exp","Gobiidae",0.903786243,0.7753580222,2.38249344291798,"omnivore_carnivore","demersal","Cryptobenthic","No","No","Yes",19,37,0.00980621621621622,3.01654054054054,"AT13-4_2",0.134534266496088
"1199","Caribbean","Bocas","Sunset Point","AT12-2","AT12-2-4","pre_exp","Gobiidae",0.905643953,0.79902185,2.38770061607744,"omnivore_carnivore","demersal","Cryptobenthic","No","No","Yes",19,37,0.00980621621621622,3.01654054054054,"AT12-2_4",0.135423199611014
"1200","Caribbean","Bocas","Sunset Point","AT12-2","AT12-2-4","pre_exp","Gobiidae",0.909987406,0.7723074772,2.39987797668558,"omnivore_carnivore","demersal","Cryptobenthic","No","No","Yes",19,37,0.00980621621621622,3.01654054054054,"AT12-2_4",0.13751734526821
"1201","Caribbean","Bocas","Sweet Bocas Trench","AT13-4","AT13-4-3","pre_exp","Gobiidae",0.912889459,0.8001029874,2.40801625937911,"omnivore_carnivore","demersal","Cryptobenthic","No","No","Yes",19,37,0.00980621621621622,3.01654054054054,"AT13-4_2",0.138928889044028
"1202","Caribbean","Bocas","Sweet Bocas Trench","AT13-4","AT13-4-2","pre_exp","Gobiidae",0.913103498,0.7253766907,2.40861655788529,"omnivore_carnivore","demersal","Cryptobenthic","No","No","Yes",19,37,0.00980621621621622,3.01654054054054,"AT13-4_1",0.139033389631929
"1203","Caribbean","Bocas","Sunset Point","AT12-2","AT12-2-2","pre_exp","Gobiidae",0.913369164,0.777193878,2.4093616629923,"omnivore_carnivore","demersal","Cryptobenthic","No","No","Yes",19,37,0.00980621621621622,3.01654054054054,"AT12-2_2",0.139163171375059
"1204","Caribbean","Bocas","Sunset Point","AT12-2","AT12-2-1","pre_exp","Gobiidae",0.916651089,0.7644509721,2.41856750447477,"omnivore_carnivore","demersal","Cryptobenthic","No","No","Yes",19,37,0.00980621621621622,3.01654054054054,"AT12-2_1",0.140773323935673
"1205","Caribbean","Bocas","Sunset Point","AT12-2","AT12-2-1","pre_exp","Gobiidae",0.9188829,0.7659324219,2.42482895397502,"omnivore_carnivore","demersal","Cryptobenthic","No","No","Yes",19,37,0.00980621621621622,3.01654054054054,"AT12-2_1",0.141875572045072
"1206","Caribbean","Bocas","Sunset Point","AT12-2","AT12-2-3","pre_exp","Gobiidae",0.919116786,0.7722678369,2.42548518773406,"omnivore_carnivore","demersal","Cryptobenthic","No","No","Yes",19,37,0.00980621621621622,3.01654054054054,"AT12-2_3",0.1419914265035
"1207","Caribbean","Bocas","Sunset Point","AT12-2","AT12-2-4","pre_exp","Gobiidae",0.920744368,0.7960684352,2.4300521246916,"omnivore_carnivore","demersal","Cryptobenthic","No","No","Yes",19,37,0.00980621621621622,3.01654054054054,"AT12-2_4",0.142799446142005
"1208","Caribbean","Bocas","Sunset Point","AT12-2","AT12-2-4","pre_exp","Gobiidae",0.921494473,0.82725177,2.43215706444334,"omnivore_carnivore","demersal","Cryptobenthic","No","No","Yes",19,37,0.00980621621621622,3.01654054054054,"AT12-2_4",0.143172901777813
"1209","Caribbean","Bocas","Sweet Bocas Trench","AT13-4","AT13-4-3","pre_exp","Gobiidae",0.921524548,0.7728000041,2.43224146297176,"omnivore_carnivore","demersal","Cryptobenthic","No","No","Yes",19,37,0.00980621621621622,3.01654054054054,"AT13-4_2",0.143187889251906
"1210","Caribbean","Bocas","Sweet Bocas Trench","AT13-4","AT13-4-2","pre_exp","Gobiidae",0.92205999,0.8240620744,2.43374408619887,"omnivore_carnivore","demersal","Cryptobenthic","No","No","Yes",19,37,0.00980621621621622,3.01654054054054,"AT13-4_1",0.143454900378522
"1211","Caribbean","Bocas","Sweet Bocas Trench","AT13-4","AT13-4-3","pre_exp","Gobiidae",0.922527368,0.7967666968,2.43505574495897,"omnivore_carnivore","demersal","Cryptobenthic","No","No","Yes",19,37,0.00980621621621622,3.01654054054054,"AT13-4_2",0.143688249669595
"1212","Caribbean","Bocas","Sunset Point","AT12-2","AT12-2-1","pre_exp","Gobiidae",0.923063856,0.7659014252,2.43656140717645,"omnivore_carnivore","demersal","Cryptobenthic","No","No","Yes",19,37,0.00980621621621622,3.01654054054054,"AT12-2_1",0.143956425599355
"1213","Caribbean","Bocas","Sweet Bocas Trench","AT13-4","AT13-4-3","pre_exp","Gobiidae",0.923631677,0.7622513427,2.43815506624424,"omnivore_carnivore","demersal","Cryptobenthic","No","No","Yes",19,37,0.00980621621621622,3.01654054054054,"AT13-4_2",0.144240639065629
"1214","Caribbean","Bocas","Sunset Point","AT12-2","AT12-2-1","pre_exp","Gobiidae",0.933417446,0.7897650139,2.46562972792758,"omnivore_carnivore","demersal","Cryptobenthic","No","No","Yes",19,37,0.00980621621621622,3.01654054054054,"AT12-2_1",0.149199626636404
"1215","Caribbean","Bocas","Sunset Point","AT12-2","AT12-2-2","pre_exp","Gobiidae",0.935952653,0.7948344956,2.47275058943323,"omnivore_carnivore","demersal","Cryptobenthic","No","No","Yes",19,37,0.00980621621621622,3.01654054054054,"AT12-2_2",0.150503230436371
"1216","Caribbean","Bocas","Sunset Point","AT12-2","AT12-2-1","pre_exp","Gobiidae",0.936020548,0.77794333,2.47294130894686,"omnivore_carnivore","demersal","Cryptobenthic","No","No","Yes",19,37,0.00980621621621622,3.01654054054054,"AT12-2_1",0.150538249423266
"1217","Caribbean","Bocas","Sweet Bocas Trench","AT13-4","AT13-4-3","pre_exp","Gobiidae",0.93832895,0.7949193123,2.4794262138719,"omnivore_carnivore","demersal","Cryptobenthic","No","No","Yes",19,37,0.00980621621621622,3.01654054054054,"AT13-4_2",0.151732219995144
"1218","Caribbean","Bocas","Sunset Point","AT12-2","AT12-2-3","pre_exp","Gobiidae",0.940925499,0.7915544066,2.48672180466666,"omnivore_carnivore","demersal","Cryptobenthic","No","No","Yes",19,37,0.00980621621621622,3.01654054054054,"AT12-2_3",0.153082998337477
"1219","Caribbean","Bocas","Sunset Point","AT12-2","AT12-2-3","pre_exp","Gobiidae",0.941194043,0.8193571571,2.4874764123868,"omnivore_carnivore","demersal","Cryptobenthic","No","No","Yes",19,37,0.00980621621621622,3.01654054054054,"AT12-2_3",0.153223170908706
"1220","Caribbean","Bocas","Sunset Point","AT12-2","AT12-2-4","pre_exp","Gobiidae",0.942638794,0.7722383308,2.49153639132213,"omnivore_carnivore","demersal","Cryptobenthic","No","No","Yes",19,37,0.00980621621621622,3.01654054054054,"AT12-2_4",0.153978807416256
"1221","Caribbean","Bocas","Sunset Point","AT12-2","AT12-2-1","pre_exp","Gobiidae",0.943697283,0.7558516323,2.49451116271149,"omnivore_carnivore","demersal","Cryptobenthic","No","No","Yes",19,37,0.00980621621621622,3.01654054054054,"AT12-2_1",0.154534045428001
"1222","Caribbean","Bocas","Sweet Bocas Trench","AT13-4","AT13-4-3","pre_exp","Gobiidae",0.944264743,0.8165851998,2.49610603592353,"omnivore_carnivore","demersal","Cryptobenthic","No","No","Yes",19,37,0.00980621621621622,3.01654054054054,"AT13-4_2",0.154832277253112
"1223","Caribbean","Bocas","Sunset Point","AT12-2","AT12-2-3","pre_exp","Gobiidae",0.945016107,0.817628729,2.49821787329081,"omnivore_carnivore","demersal","Cryptobenthic","No","No","Yes",19,37,0.00980621621621622,3.01654054054054,"AT12-2_3",0.155227770006568
"1224","Caribbean","Bocas","Sunset Point","AT12-2","AT12-2-4","pre_exp","Gobiidae",0.945694298,0.8135889053,2.50012413657038,"omnivore_carnivore","demersal","Cryptobenthic","No","No","Yes",19,37,0.00980621621621622,3.01654054054054,"AT12-2_4",0.155585343438174
"1225","Caribbean","Bocas","Sunset Point","AT12-2","AT12-2-1","pre_exp","Gobiidae",0.94659551,0.810271028,2.50265740235458,"omnivore_carnivore","demersal","Cryptobenthic","No","No","Yes",19,37,0.00980621621621622,3.01654054054054,"AT12-2_1",0.156061380373067
"1226","Caribbean","Bocas","Sweet Bocas Trench","AT13-4","AT13-4-3","pre_exp","Gobiidae",0.949218702,0.8082809783,2.51003194287736,"omnivore_carnivore","demersal","Cryptobenthic","No","No","Yes",19,37,0.00980621621621622,3.01654054054054,"AT13-4_2",0.157452703034948
"1227","Caribbean","Bocas","Sunset Point","AT12-2","AT12-2-1","pre_exp","Gobiidae",0.950018925,0.7670392304,2.5122818545673,"omnivore_carnivore","demersal","Cryptobenthic","No","No","Yes",19,37,0.00980621621621622,3.01654054054054,"AT12-2_1",0.157878828962707
"1228","Caribbean","Bocas","Sunset Point","AT12-2","AT12-2-1","pre_exp","Gobiidae",0.95082774,0.7817565491,2.51455604535787,"omnivore_carnivore","demersal","Cryptobenthic","No","No","Yes",19,37,0.00980621621621622,3.01654054054054,"AT12-2_1",0.158310336042636
"1229","Caribbean","Bocas","Sunset Point","AT12-2","AT12-2-1","pre_exp","Gobiidae",0.953760863,0.7805199488,2.52280429839677,"omnivore_carnivore","demersal","Cryptobenthic","No","No","Yes",19,37,0.00980621621621622,3.01654054054054,"AT12-2_1",0.159881981818918
"1230","Caribbean","Bocas","Sunset Point","AT12-2","AT12-2-3","pre_exp","Gobiidae",0.955776254,0.8104989964,2.52847272181093,"omnivore_carnivore","demersal","Cryptobenthic","No","No","Yes",19,37,0.00980621621621622,3.01654054054054,"AT12-2_3",0.160968084585689
"1231","Caribbean","Bocas","Sweet Bocas Trench","AT13-4","AT13-4-3","pre_exp","Gobiidae",0.957445232,0.8784955595,2.53316740748607,"omnivore_carnivore","demersal","Cryptobenthic","No","No","Yes",19,37,0.00980621621621622,3.01654054054054,"AT13-4_2",0.161871338757476
"1232","Caribbean","Bocas","Sweet Bocas Trench","AT13-4","AT13-4-3","pre_exp","Gobiidae",0.957637865,0.810021916,2.53370930019671,"omnivore_carnivore","demersal","Cryptobenthic","No","No","Yes",19,37,0.00980621621621622,3.01654054054054,"AT13-4_2",0.161975816122576
"1233","Caribbean","Bocas","Sweet Bocas Trench","AT13-4","AT13-4-3","pre_exp","Gobiidae",0.958024934,0.834555962,2.53479817844704,"omnivore_carnivore","demersal","Cryptobenthic","No","No","Yes",19,37,0.00980621621621622,3.01654054054054,"AT13-4_2",0.162185889032781
"1234","Caribbean","Bocas","Sunset Point","AT12-2","AT12-2-2","pre_exp","Gobiidae",0.959484472,0.8149701834,2.53890430941614,"omnivore_carnivore","demersal","Cryptobenthic","No","No","Yes",19,37,0.00980621621621622,3.01654054054054,"AT12-2_2",0.162979706749074
"1235","Caribbean","Bocas","Sweet Bocas Trench","AT13-4","AT13-4-3","pre_exp","Gobiidae",0.961520678,0.789564634,2.54463344530262,"omnivore_carnivore","demersal","Cryptobenthic","No","No","Yes",19,37,0.00980621621621622,3.01654054054054,"AT13-4_2",0.16409162594403
"1236","Caribbean","Bocas","Sunset Point","AT12-2","AT12-2-1","pre_exp","Gobiidae",0.962503286,0.8536568693,2.5473984179142,"omnivore_carnivore","demersal","Cryptobenthic","No","No","Yes",19,37,0.00980621621621622,3.01654054054054,"AT12-2_1",0.16463006543458
"1237","Caribbean","Bocas","Sweet Bocas Trench","AT13-4","AT13-4-3","pre_exp","Gobiidae",0.963591398,0.8379068104,2.55046047779236,"omnivore_carnivore","demersal","Cryptobenthic","No","No","Yes",19,37,0.00980621621621622,3.01654054054054,"AT13-4_2",0.165227735316259
"1238","Caribbean","Bocas","Sunset Point","AT12-2","AT12-2-3","pre_exp","Gobiidae",0.963882721,0.8374486825,2.55128032800893,"omnivore_carnivore","demersal","Cryptobenthic","No","No","Yes",19,37,0.00980621621621622,3.01654054054054,"AT12-2_3",0.165388004042809
"1239","Caribbean","Bocas","Sunset Point","AT12-2","AT12-2-3","pre_exp","Gobiidae",0.965270004,0.7738430437,2.55518467772904,"omnivore_carnivore","demersal","Cryptobenthic","No","No","Yes",19,37,0.00980621621621622,3.01654054054054,"AT12-2_3",0.166152673339595
"1240","Caribbean","Bocas","Sunset Point","AT12-2","AT12-2-4","pre_exp","Gobiidae",0.965780705,0.8321583532,2.55662207681183,"omnivore_carnivore","demersal","Cryptobenthic","No","No","Yes",19,37,0.00980621621621622,3.01654054054054,"AT12-2_4",0.166434782946043
"1241","Caribbean","Bocas","Sunset Point","AT12-2","AT12-2-1","pre_exp","Gobiidae",0.966367071,0.8149250376,2.55827249892224,"omnivore_carnivore","demersal","Cryptobenthic","No","No","Yes",19,37,0.00980621621621622,3.01654054054054,"AT12-2_1",0.166759095981496
"1242","Caribbean","Bocas","Sweet Bocas Trench","AT13-4","AT13-4-2","pre_exp","Gobiidae",0.967771103,0.874154637,2.56222463176446,"omnivore_carnivore","demersal","Cryptobenthic","No","No","Yes",19,37,0.00980621621621622,3.01654054054054,"AT13-4_1",0.167537418729132
"1243","Caribbean","Bocas","Sunset Point","AT12-2","AT12-2-3","pre_exp","Gobiidae",0.968674802,0.8524177674,2.56476859645656,"omnivore_carnivore","demersal","Cryptobenthic","No","No","Yes",19,37,0.00980621621621622,3.01654054054054,"AT12-2_3",0.16803970297644
"1244","Caribbean","Bocas","Sunset Point","AT12-2","AT12-2-3","pre_exp","Gobiidae",0.970104703,0.8321631742,2.5687941566238,"omnivore_carnivore","demersal","Cryptobenthic","No","No","Yes",19,37,0.00980621621621622,3.01654054054054,"AT12-2_3",0.168836570847709
"1245","Caribbean","Bocas","Sunset Point","AT12-2","AT12-2-3","pre_exp","Gobiidae",0.970310044,0.8125774401,2.56937227820397,"omnivore_carnivore","demersal","Cryptobenthic","No","No","Yes",19,37,0.00980621621621622,3.01654054054054,"AT12-2_3",0.168951218221455
"1246","Caribbean","Bocas","Sweet Bocas Trench","AT13-4","AT13-4-3","pre_exp","Gobiidae",0.974316728,0.8418381975,2.58065433109685,"omnivore_carnivore","demersal","Cryptobenthic","No","No","Yes",19,37,0.00980621621621622,3.01654054054054,"AT13-4_2",0.171198993776279
"1247","Caribbean","Bocas","Sunset Point","AT12-2","AT12-2-1","pre_exp","Gobiidae",0.976254148,0.8169467826,2.58611078701345,"omnivore_carnivore","demersal","Cryptobenthic","No","No","Yes",19,37,0.00980621621621622,3.01654054054054,"AT12-2_1",0.172293244186675
"1248","Caribbean","Bocas","Sunset Point","AT12-2","AT12-2-3","pre_exp","Gobiidae",0.979200325,0.8308907026,2.59440956936533,"omnivore_carnivore","demersal","Cryptobenthic","No","No","Yes",19,37,0.00980621621621622,3.01654054054054,"AT12-2_3",0.173966448931328
"1249","Caribbean","Bocas","Sunset Point","AT12-2","AT12-2-4","pre_exp","Gobiidae",0.980591446,0.7577685369,2.59832862385365,"omnivore_carnivore","demersal","Cryptobenthic","No","No","Yes",19,37,0.00980621621621622,3.01654054054054,"AT12-2_4",0.174760372554625
"1250","Caribbean","Bocas","Sunset Point","AT12-2","AT12-2-3","pre_exp","Gobiidae",0.980947857,0.8421426279,2.59933275855129,"omnivore_carnivore","demersal","Cryptobenthic","No","No","Yes",19,37,0.00980621621621622,3.01654054054054,"AT12-2_3",0.174964179620635
"1251","Caribbean","Bocas","Sunset Point","AT12-2","AT12-2-4","pre_exp","Gobiidae",0.98345299,0.7660268833,2.60639124671922,"omnivore_carnivore","demersal","Cryptobenthic","No","No","Yes",19,37,0.00980621621621622,3.01654054054054,"AT12-2_4",0.176401311649227
"1252","Caribbean","Bocas","Sunset Point","AT12-2","AT12-2-4","pre_exp","Gobiidae",0.985555864,0.8146822527,2.61231720382225,"omnivore_carnivore","demersal","Cryptobenthic","No","No","Yes",19,37,0.00980621621621622,3.01654054054054,"AT12-2_4",0.177613932653002
"1253","Caribbean","Bocas","Sunset Point","AT12-2","AT12-2-3","pre_exp","Gobiidae",0.98594005,0.8643080631,2.61339993703413,"omnivore_carnivore","demersal","Cryptobenthic","No","No","Yes",19,37,0.00980621621621622,3.01654054054054,"AT12-2_3",0.177836091301145
"1254","Caribbean","Bocas","Sunset Point","AT12-2","AT12-2-3","pre_exp","Gobiidae",0.986105289,0.7856887539,2.61386563048933,"omnivore_carnivore","demersal","Cryptobenthic","No","No","Yes",19,37,0.00980621621621622,3.01654054054054,"AT12-2_3",0.177931700869049
"1255","Caribbean","Bocas","Sunset Point","AT12-2","AT12-2-3","pre_exp","Gobiidae",0.989054938,0.8459499544,2.62217946261185,"omnivore_carnivore","demersal","Cryptobenthic","No","No","Yes",19,37,0.00980621621621622,3.01654054054054,"AT12-2_3",0.179644366278383
"1256","Caribbean","Bocas","Sunset Point","AT12-2","AT12-2-2","pre_exp","Gobiidae",0.990061847,0.8592636948,2.62501787896949,"omnivore_carnivore","demersal","Cryptobenthic","No","No","Yes",19,37,0.00980621621621622,3.01654054054054,"AT12-2_2",0.180231599165129
"1257","Caribbean","Bocas","Sunset Point","AT12-2","AT12-2-4","pre_exp","Gobiidae",0.993055364,0.8236597354,2.63345750211441,"omnivore_carnivore","demersal","Cryptobenthic","No","No","Yes",19,37,0.00980621621621622,3.01654054054054,"AT12-2_4",0.18198522921587
"1258","Caribbean","Bocas","Sunset Point","AT12-2","AT12-2-2","pre_exp","Gobiidae",0.993960896,0.825164174,2.6360107858563,"omnivore_carnivore","demersal","Cryptobenthic","No","No","Yes",19,37,0.00980621621621622,3.01654054054054,"AT12-2_2",0.182518002647182
"1259","Caribbean","Bocas","Sunset Point","AT12-2","AT12-2-1","pre_exp","Gobiidae",0.994398528,0.9116077043,2.63724480786938,"omnivore_carnivore","demersal","Cryptobenthic","No","No","Yes",19,37,0.00980621621621622,3.01654054054054,"AT12-2_1",0.18277586953215
"1260","Caribbean","Bocas","Sunset Point","AT12-2","AT12-2-1","pre_exp","Gobiidae",0.994716176,0.8673546109,2.6381405239927,"omnivore_carnivore","demersal","Cryptobenthic","No","No","Yes",19,37,0.00980621621621622,3.01654054054054,"AT12-2_1",0.182963194939883
"1261","Caribbean","Bocas","Sunset Point","AT12-2","AT12-2-3","pre_exp","Gobiidae",0.995226966,0.8297100802,2.63958090732877,"omnivore_carnivore","demersal","Cryptobenthic","No","No","Yes",19,37,0.00980621621621622,3.01654054054054,"AT12-2_3",0.183264698276337
"1262","Caribbean","Bocas","Sunset Point","AT12-2","AT12-2-3","pre_exp","Gobiidae",0.995449182,0.8498203232,2.64020755169924,"omnivore_carnivore","demersal","Cryptobenthic","No","No","Yes",19,37,0.00980621621621622,3.01654054054054,"AT12-2_3",0.183395972088757
"1263","Caribbean","Bocas","Sunset Point","AT12-2","AT12-2-1","pre_exp","Gobiidae",0.997700543,0.8389558352,2.64655684009677,"omnivore_carnivore","demersal","Cryptobenthic","No","No","Yes",19,37,0.00980621621621622,3.01654054054054,"AT12-2_1",0.184729611970021
"1264","Caribbean","Bocas","Sunset Point","AT12-2","AT12-2-3","pre_exp","Gobiidae",0.997938257,0.8331549553,2.64722729405019,"omnivore_carnivore","demersal","Cryptobenthic","No","No","Yes",19,37,0.00980621621621622,3.01654054054054,"AT12-2_3",0.184870815105302
"1265","Caribbean","Bocas","Sunset Point","AT12-2","AT12-2-1","pre_exp","Gobiidae",1.002231153,0.8378644153,2.65933681106456,"omnivore_carnivore","demersal","Cryptobenthic","No","No","Yes",19,37,0.00980621621621622,3.01654054054054,"AT12-2_1",0.18743361484399
"1266","Caribbean","Bocas","Sunset Point","AT12-2","AT12-2-1","pre_exp","Gobiidae",1.004105964,0.8679125777,2.66462635853083,"omnivore_carnivore","demersal","Cryptobenthic","No","No","Yes",19,37,0.00980621621621622,3.01654054054054,"AT12-2_1",0.188560481455249
"1267","Caribbean","Bocas","Sunset Point","AT12-2","AT12-2-1","pre_exp","Gobiidae",1.004461316,0.8281493635,2.66562901071342,"omnivore_carnivore","demersal","Cryptobenthic","No","No","Yes",19,37,0.00980621621621622,3.01654054054054,"AT12-2_1",0.188774592261735
"1268","Caribbean","Bocas","Sweet Bocas Trench","AT13-4","AT13-4-3","pre_exp","Gobiidae",1.005610099,0.8291340935,2.66887054109753,"omnivore_carnivore","demersal","Cryptobenthic","No","No","Yes",19,37,0.00980621621621622,3.01654054054054,"AT13-4_2",0.189467915059657
"1269","Caribbean","Bocas","Sweet Bocas Trench","AT13-4","AT13-4-3","pre_exp","Gobiidae",1.005879325,0.8173034418,2.66963025218366,"omnivore_carnivore","demersal","Cryptobenthic","No","No","Yes",19,37,0.00980621621621622,3.01654054054054,"AT13-4_2",0.189630653608727
"1270","Caribbean","Bocas","Sunset Point","AT12-2","AT12-2-3","pre_exp","Gobiidae",1.006773233,0.8453060269,2.67215280439711,"omnivore_carnivore","demersal","Cryptobenthic","No","No","Yes",19,37,0.00980621621621622,3.01654054054054,"AT12-2_3",0.190171682496674
"1271","Caribbean","Bocas","Sunset Point","AT12-2","AT12-2-3","pre_exp","Gobiidae",1.007167381,0.8476988315,2.67326511029111,"omnivore_carnivore","demersal","Cryptobenthic","No","No","Yes",19,37,0.00980621621621622,3.01654054054054,"AT12-2_3",0.190410573737226
"1272","Caribbean","Bocas","Sunset Point","AT12-2","AT12-2-3","pre_exp","Gobiidae",1.008054607,0.9141801275,2.67576900832372,"omnivore_carnivore","demersal","Cryptobenthic","No","No","Yes",19,37,0.00980621621621622,3.01654054054054,"AT12-2_3",0.190949072756472
"1273","Caribbean","Bocas","Sunset Point","AT12-2","AT12-2-1","pre_exp","Gobiidae",1.00901845,0.7809532565,2.67848929009177,"omnivore_carnivore","demersal","Cryptobenthic","No","No","Yes",19,37,0.00980621621621622,3.01654054054054,"AT12-2_1",0.191535260977662
"1274","Caribbean","Bocas","Sunset Point","AT12-2","AT12-2-3","pre_exp","Gobiidae",1.010035504,0.8333952637,2.68135992897257,"omnivore_carnivore","demersal","Cryptobenthic","No","No","Yes",19,37,0.00980621621621622,3.01654054054054,"AT12-2_3",0.192155152602669
"1275","Caribbean","Bocas","Sunset Point","AT12-2","AT12-2-4","pre_exp","Gobiidae",1.010302865,0.8695604994,2.68211458678728,"omnivore_carnivore","demersal","Cryptobenthic","No","No","Yes",19,37,0.00980621621621622,3.01654054054054,"AT12-2_4",0.192318337286802
"1276","Caribbean","Bocas","Sunset Point","AT12-2","AT12-2-1","pre_exp","Gobiidae",1.010945514,0.8655716271,2.68392859070141,"omnivore_carnivore","demersal","Cryptobenthic","No","No","Yes",19,37,0.00980621621621622,3.01654054054054,"AT12-2_1",0.192710970358515
"1277","Caribbean","Bocas","Sunset Point","AT12-2","AT12-2-2","pre_exp","Gobiidae",1.011665731,0.8678338614,2.68596163229222,"omnivore_carnivore","demersal","Cryptobenthic","No","No","Yes",19,37,0.00980621621621622,3.01654054054054,"AT12-2_2",0.19315164956915
"1278","Caribbean","Bocas","Sunset Point","AT12-2","AT12-2-1","pre_exp","Gobiidae",1.012565736,0.8940983737,2.68850231134936,"omnivore_carnivore","demersal","Cryptobenthic","No","No","Yes",19,37,0.00980621621621622,3.01654054054054,"AT12-2_1",0.193703309864034
"1279","Caribbean","Bocas","Sunset Point","AT12-2","AT12-2-1","pre_exp","Gobiidae",1.01380378,0.8439702209,2.69199749464984,"omnivore_carnivore","demersal","Cryptobenthic","No","No","Yes",19,37,0.00980621621621622,3.01654054054054,"AT12-2_1",0.194463942405569
"1280","Caribbean","Bocas","Sunset Point","AT12-2","AT12-2-4","pre_exp","Gobiidae",1.015854142,0.8512230519,2.69778656663635,"omnivore_carnivore","demersal","Cryptobenthic","No","No","Yes",19,37,0.00980621621621622,3.01654054054054,"AT12-2_4",0.19572816596529
"1281","Caribbean","Bocas","Sunset Point","AT12-2","AT12-2-1","pre_exp","Gobiidae",1.015910481,0.9243941309,2.69794564680222,"omnivore_carnivore","demersal","Cryptobenthic","No","No","Yes",19,37,0.00980621621621622,3.01654054054054,"AT12-2_1",0.195762983399279
"1282","Caribbean","Bocas","Sunset Point","AT12-2","AT12-2-1","pre_exp","Gobiidae",1.01604192,0.8174991463,2.69831678331722,"omnivore_carnivore","demersal","Cryptobenthic","No","No","Yes",19,37,0.00980621621621622,3.01654054054054,"AT12-2_1",0.195844229114471
"1283","Caribbean","Bocas","Sunset Point","AT12-2","AT12-2-3","pre_exp","Gobiidae",1.017597168,0.8823417459,2.70270847532795,"omnivore_carnivore","demersal","Cryptobenthic","No","No","Yes",19,37,0.00980621621621622,3.01654054054054,"AT12-2_3",0.196807329115947
"1284","Caribbean","Bocas","Sweet Bocas Trench","AT13-4","AT13-4-3","pre_exp","Gobiidae",1.019195764,0.8927910338,2.70722301531251,"omnivore_carnivore","demersal","Cryptobenthic","No","No","Yes",19,37,0.00980621621621622,3.01654054054054,"AT13-4_2",0.197800664639643
"1285","Caribbean","Bocas","Sunset Point","AT12-2","AT12-2-1","pre_exp","Gobiidae",1.020440001,0.8501494726,2.71073713217314,"omnivore_carnivore","demersal","Cryptobenthic","No","No","Yes",19,37,0.00980621621621622,3.01654054054054,"AT12-2_1",0.198576192414534
"1286","Caribbean","Bocas","Sweet Bocas Trench","AT13-4","AT13-4-3","pre_exp","Gobiidae",1.022174919,0.8991907079,2.71563753885902,"omnivore_carnivore","demersal","Cryptobenthic","No","No","Yes",19,37,0.00980621621621622,3.01654054054054,"AT13-4_2",0.199661049246035
"1287","Caribbean","Bocas","Sweet Bocas Trench","AT13-4","AT13-4-3","pre_exp","Gobiidae",1.022377288,0.9258485479,2.71620917962738,"omnivore_carnivore","demersal","Cryptobenthic","No","No","Yes",19,37,0.00980621621621622,3.01654054054054,"AT13-4_2",0.199787857078158
"1288","Caribbean","Bocas","Sunset Point","AT12-2","AT12-2-4","pre_exp","Gobiidae",1.024208535,0.8652973301,2.72138231012786,"omnivore_carnivore","demersal","Cryptobenthic","No","No","Yes",19,37,0.00980621621621622,3.01654054054054,"AT12-2_4",0.200937868586027
"1289","Caribbean","Bocas","Sunset Point","AT12-2","AT12-2-1","pre_exp","Gobiidae",1.026817411,0.8900757767,2.72875319214991,"omnivore_carnivore","demersal","Cryptobenthic","No","No","Yes",19,37,0.00980621621621622,3.01654054054054,"AT12-2_1",0.202584082798793
"1290","Caribbean","Bocas","Sunset Point","AT12-2","AT12-2-1","pre_exp","Gobiidae",1.029808766,0.9211670428,2.73720615307623,"omnivore_carnivore","demersal","Cryptobenthic","No","No","Yes",19,37,0.00980621621621622,3.01654054054054,"AT12-2_1",0.204483038582481
"1291","Caribbean","Bocas","Sunset Point","AT12-2","AT12-2-2","pre_exp","Gobiidae",1.030517579,0.8464670494,2.73920934220245,"omnivore_carnivore","demersal","Cryptobenthic","No","No","Yes",19,37,0.00980621621621622,3.01654054054054,"AT12-2_2",0.204934791873987
"1292","Caribbean","Bocas","Sunset Point","AT12-2","AT12-2-4","pre_exp","Gobiidae",1.030926232,0.8909499267,2.74036428337314,"omnivore_carnivore","demersal","Cryptobenthic","No","No","Yes",19,37,0.00980621621621622,3.01654054054054,"AT12-2_4",0.205195553760749
"1293","Caribbean","Bocas","Sweet Bocas Trench","AT13-4","AT13-4-3","pre_exp","Gobiidae",1.033001769,0.9239903814,2.74623064353342,"omnivore_carnivore","demersal","Cryptobenthic","No","No","Yes",19,37,0.00980621621621622,3.01654054054054,"AT13-4_2",0.206523481973482
"1294","Caribbean","Bocas","Sunset Point","AT12-2","AT12-2-3","pre_exp","Gobiidae",1.035033132,0.8784684869,2.75197287076235,"omnivore_carnivore","demersal","Cryptobenthic","No","No","Yes",19,37,0.00980621621621622,3.01654054054054,"AT12-2_3",0.207828862866078
"1295","Caribbean","Bocas","Sunset Point","AT12-2","AT12-2-1","pre_exp","Gobiidae",1.035067334,0.8581428113,2.75206955858049,"omnivore_carnivore","demersal","Cryptobenthic","No","No","Yes",19,37,0.00980621621621622,3.01654054054054,"AT12-2_1",0.207850890001615
"1296","Caribbean","Bocas","Sweet Bocas Trench","AT13-2","AT13-2-8","pre_exp","Gobiidae",1.035882254,0.865863752,2.75437336771504,"omnivore_carnivore","demersal","Cryptobenthic","No","No","Yes",19,37,0.00980621621621622,3.01654054054054,"AT13-2_2",0.208376198777547
"1297","Caribbean","Bocas","Sunset Point","AT12-2","AT12-2-3","pre_exp","Gobiidae",1.036537193,0.8676970313,2.75622498768983,"omnivore_carnivore","demersal","Cryptobenthic","No","No","Yes",19,37,0.00980621621621622,3.01654054054054,"AT12-2_3",0.208799043251697
"1298","Caribbean","Bocas","Sunset Point","AT12-2","AT12-2-3","pre_exp","Gobiidae",1.036813096,0.9547351116,2.75700503287498,"omnivore_carnivore","demersal","Cryptobenthic","No","No","Yes",19,37,0.00980621621621622,3.01654054054054,"AT12-2_3",0.208977349551164
"1299","Caribbean","Bocas","Sunset Point","AT12-2","AT12-2-4","pre_exp","Gobiidae",1.041620006,0.8531672721,2.77059744548877,"omnivore_carnivore","demersal","Cryptobenthic","No","No","Yes",19,37,0.00980621621621622,3.01654054054054,"AT12-2_4",0.212100726879294
"1300","Caribbean","Bocas","Sunset Point","AT12-2","AT12-2-3","pre_exp","Gobiidae",1.041789424,0.879835197,2.77107657818472,"omnivore_carnivore","demersal","Cryptobenthic","No","No","Yes",19,37,0.00980621621621622,3.01654054054054,"AT12-2_3",0.212211391659406
"1301","Caribbean","Bocas","Sweet Bocas Trench","AT13-4","AT13-4-2","pre_exp","Gobiidae",1.042410166,0.8712797053,2.7728321467754,"omnivore_carnivore","demersal","Cryptobenthic","No","No","Yes",19,37,0.00980621621621622,3.01654054054054,"AT13-4_1",0.212617203318882
"1302","Caribbean","Bocas","Sunset Point","AT12-2","AT12-2-4","pre_exp","Gobiidae",1.04499832,0.896450356,2.78015261786262,"omnivore_carnivore","demersal","Cryptobenthic","No","No","Yes",19,37,0.00980621621621622,3.01654054054054,"AT12-2_4",0.214314972175629
"1303","Caribbean","Bocas","Sunset Point","AT12-2","AT12-2-3","pre_exp","Gobiidae",1.048178433,0.9026727764,2.78914898666519,"omnivore_carnivore","demersal","Cryptobenthic","No","No","Yes",19,37,0.00980621621621622,3.01654054054054,"AT12-2_3",0.216413798494861
"1304","Caribbean","Bocas","Sunset Point","AT12-2","AT12-2-3","pre_exp","Gobiidae",1.048222194,0.9280868438,2.78927279623432,"omnivore_carnivore","demersal","Cryptobenthic","No","No","Yes",19,37,0.00980621621621622,3.01654054054054,"AT12-2_3",0.21644277833934
"1305","Caribbean","Bocas","Sweet Bocas Trench","AT13-4","AT13-4-3","pre_exp","Gobiidae",1.049128891,0.804763448,2.79183811655218,"omnivore_carnivore","demersal","Cryptobenthic","No","No","Yes",19,37,0.00980621621621622,3.01654054054054,"AT13-4_2",0.217043821338506
"1306","Caribbean","Bocas","Sunset Point","AT12-2","AT12-2-3","pre_exp","Gobiidae",1.051216993,0.8792221821,2.79774652233807,"omnivore_carnivore","demersal","Cryptobenthic","No","No","Yes",19,37,0.00980621621621622,3.01654054054054,"AT12-2_3",0.218432376242023
"1307","Caribbean","Bocas","Sunset Point","AT12-2","AT12-2-4","pre_exp","Gobiidae",1.05393671,0.9053885794,2.80544323213185,"omnivore_carnivore","demersal","Cryptobenthic","No","No","Yes",19,37,0.00980621621621622,3.01654054054054,"AT12-2_4",0.220250096377523
"1308","Caribbean","Bocas","Sunset Point","AT12-2","AT12-2-4","pre_exp","Gobiidae",1.060972269,0.913402742,2.82535945308446,"omnivore_carnivore","demersal","Cryptobenthic","No","No","Yes",19,37,0.00980621621621622,3.01654054054054,"AT12-2_4",0.225000556640421
"1309","Caribbean","Bocas","Sweet Bocas Trench","AT13-4","AT13-4-3","pre_exp","Gobiidae",1.065538286,0.8819236431,2.83828938147077,"omnivore_carnivore","demersal","Cryptobenthic","No","No","Yes",19,37,0.00980621621621622,3.01654054054054,"AT13-4_2",0.228121009236814
"1310","Caribbean","Bocas","Sunset Point","AT12-2","AT12-2-2","pre_exp","Gobiidae",1.066716535,0.9633109111,2.84162648576079,"omnivore_carnivore","demersal","Cryptobenthic","No","No","Yes",19,37,0.00980621621621622,3.01654054054054,"AT12-2_2",0.228931041468243
"1311","Caribbean","Bocas","Sweet Bocas Trench","AT13-4","AT13-4-3","pre_exp","Gobiidae",1.066871116,0.8732126346,2.84206431622312,"omnivore_carnivore","demersal","Cryptobenthic","No","No","Yes",19,37,0.00980621621621622,3.01654054054054,"AT13-4_2",0.229037460744149
"1312","Caribbean","Bocas","Sweet Bocas Trench","AT13-4","AT13-4-3","pre_exp","Gobiidae",1.067515213,0.8982405239,2.84388867989933,"omnivore_carnivore","demersal","Cryptobenthic","No","No","Yes",19,37,0.00980621621621622,3.01654054054054,"AT13-4_2",0.229481247418309
"1313","Caribbean","Bocas","Sweet Bocas Trench","AT13-4","AT13-4-3","pre_exp","Gobiidae",1.068271916,0.9180919018,2.84603208181348,"omnivore_carnivore","demersal","Cryptobenthic","No","No","Yes",19,37,0.00980621621621622,3.01654054054054,"AT13-4_2",0.230003375892502
"1314","Caribbean","Bocas","Sweet Bocas Trench","AT13-4","AT13-4-3","pre_exp","Gobiidae",1.068797208,0.8824412985,2.84752005609627,"omnivore_carnivore","demersal","Cryptobenthic","No","No","Yes",19,37,0.00980621621621622,3.01654054054054,"AT13-4_2",0.230366310120765
"1315","Caribbean","Bocas","Sunset Point","AT12-2","AT12-2-3","pre_exp","Gobiidae",1.071478411,0.9059176731,2.85511571588211,"omnivore_carnivore","demersal","Cryptobenthic","No","No","Yes",19,37,0.00980621621621622,3.01654054054054,"AT12-2_3",0.232224946254756
"1316","Caribbean","Bocas","Sweet Bocas Trench","AT13-4","AT13-4-3","pre_exp","Gobiidae",1.076142235,0.9622220032,2.86833086398239,"omnivore_carnivore","demersal","Cryptobenthic","No","No","Yes",19,37,0.00980621621621622,3.01654054054054,"AT13-4_2",0.235482500081905
"1317","Caribbean","Bocas","Sunset Point","AT12-2","AT12-2-3","pre_exp","Gobiidae",1.076560353,0.884603859,2.86951579665875,"omnivore_carnivore","demersal","Cryptobenthic","No","No","Yes",19,37,0.00980621621621622,3.01654054054054,"AT12-2_3",0.235776071057831
"1318","Caribbean","Bocas","Sunset Point","AT12-2","AT12-2-1","pre_exp","Gobiidae",1.079794024,0.9387351842,2.87868089612411,"omnivore_carnivore","demersal","Cryptobenthic","No","No","Yes",19,37,0.00980621621621622,3.01654054054054,"AT12-2_1",0.238055023725095
"1319","Caribbean","Bocas","Sweet Bocas Trench","AT13-4","AT13-4-3","pre_exp","Gobiidae",1.08022066,0.9113598345,2.87989022782427,"omnivore_carnivore","demersal","Cryptobenthic","No","No","Yes",19,37,0.00980621621621622,3.01654054054054,"AT13-4_2",0.238356825904517
"1320","Caribbean","Bocas","Sweet Bocas Trench","AT13-4","AT13-4-3","pre_exp","Gobiidae",1.080837937,0.9163492072,2.88163999918066,"omnivore_carnivore","demersal","Cryptobenthic","No","No","Yes",19,37,0.00980621621621622,3.01654054054054,"AT13-4_2",0.238793953429468
"1321","Caribbean","Bocas","Sunset Point","AT12-2","AT12-2-3","pre_exp","Gobiidae",1.084614882,0.8799601229,2.89234773485316,"omnivore_carnivore","demersal","Cryptobenthic","No","No","Yes",19,37,0.00980621621621622,3.01654054054054,"AT12-2_3",0.241480637059539
"1322","Caribbean","Bocas","Sunset Point","AT12-2","AT12-2-4","pre_exp","Gobiidae",1.089294711,0.915108072,2.90561844007909,"omnivore_carnivore","demersal","Cryptobenthic","No","No","Yes",19,37,0.00980621621621622,3.01654054054054,"AT12-2_4",0.244838342294791
"1323","Caribbean","Bocas","Sweet Bocas Trench","AT13-4","AT13-4-3","pre_exp","Gobiidae",1.091851313,0.9451085976,2.91286978266341,"omnivore_carnivore","demersal","Cryptobenthic","No","No","Yes",19,37,0.00980621621621622,3.01654054054054,"AT13-4_2",0.24668616707769
"1324","Caribbean","Bocas","Sunset Point","AT12-2","AT12-2-4","pre_exp","Gobiidae",1.093052839,0.9162871129,2.91627806650425,"omnivore_carnivore","demersal","Cryptobenthic","No","No","Yes",19,37,0.00980621621621622,3.01654054054054,"AT12-2_4",0.247557894906415
"1325","Caribbean","Bocas","Sunset Point","AT12-2","AT12-2-4","pre_exp","Gobiidae",1.09550559,0.9578906482,2.92323634704056,"omnivore_carnivore","demersal","Cryptobenthic","No","No","Yes",19,37,0.00980621621621622,3.01654054054054,"AT12-2_4",0.249343984913553
"1326","Caribbean","Bocas","Sweet Bocas Trench","AT13-4","AT13-4-3","pre_exp","Gobiidae",1.098188064,0.9512169886,2.93084746332461,"omnivore_carnivore","demersal","Cryptobenthic","No","No","Yes",19,37,0.00980621621621622,3.01654054054054,"AT13-4_2",0.251307490341032
"1327","Caribbean","Bocas","Sunset Point","AT12-2","AT12-2-1","pre_exp","Gobiidae",1.098327399,0.9423834398,2.93124283756306,"omnivore_carnivore","demersal","Cryptobenthic","No","No","Yes",19,37,0.00980621621621622,3.01654054054054,"AT12-2_1",0.251409769894146
"1328","Caribbean","Bocas","Sunset Point","AT12-2","AT12-2-2","pre_exp","Gobiidae",1.098359627,0.9034403453,2.93133428754972,"omnivore_carnivore","demersal","Cryptobenthic","No","No","Yes",19,37,0.00980621621621622,3.01654054054054,"AT12-2_2",0.251433431097374
"1329","Caribbean","Bocas","Sunset Point","AT12-2","AT12-2-1","pre_exp","Gobiidae",1.100256896,0.9645128449,2.93671826597937,"omnivore_carnivore","demersal","Cryptobenthic","No","No","Yes",19,37,0.00980621621621622,3.01654054054054,"AT12-2_1",0.252829073553739
"1330","Caribbean","Bocas","Sunset Point","AT12-2","AT12-2-4","pre_exp","Gobiidae",1.101078114,0.926927921,2.93904886091935,"omnivore_carnivore","demersal","Cryptobenthic","No","No","Yes",19,37,0.00980621621621622,3.01654054054054,"AT12-2_4",0.253434816209852
"1331","Caribbean","Bocas","Sunset Point","AT12-2","AT12-2-4","pre_exp","Gobiidae",1.103873071,0.9551372847,2.94698169810991,"omnivore_carnivore","demersal","Cryptobenthic","No","No","Yes",19,37,0.00980621621621622,3.01654054054054,"AT12-2_4",0.255503902281058
"1332","Caribbean","Bocas","Sunset Point","AT12-2","AT12-2-3","pre_exp","Gobiidae",1.106170316,0.9164570136,2.9535028464482,"omnivore_carnivore","demersal","Cryptobenthic","No","No","Yes",19,37,0.00980621621621622,3.01654054054054,"AT12-2_3",0.257213216693991
"1333","Caribbean","Bocas","Sunset Point","AT12-2","AT12-2-4","pre_exp","Gobiidae",1.10996394,0.8983554097,2.96427361330332,"omnivore_carnivore","demersal","Cryptobenthic","No","No","Yes",19,37,0.00980621621621622,3.01654054054054,"AT12-2_4",0.260053146392823
"1334","Caribbean","Bocas","Sweet Bocas Trench","AT13-4","AT13-4-3","pre_exp","Gobiidae",1.109991299,0.97701123,2.9643512987887,"omnivore_carnivore","demersal","Cryptobenthic","No","No","Yes",19,37,0.00980621621621622,3.01654054054054,"AT13-4_2",0.260073705504716
"1335","Caribbean","Bocas","Sunset Point","AT12-2","AT12-2-1","pre_exp","Gobiidae",1.110223553,0.923811706,2.96501078554412,"omnivore_carnivore","demersal","Cryptobenthic","No","No","Yes",19,37,0.00980621621621622,3.01654054054054,"AT12-2_1",0.260248279452968
"1336","Caribbean","Bocas","Sweet Bocas Trench","AT13-4","AT13-4-2","pre_exp","Gobiidae",1.111639226,0.9248043998,2.96903078690227,"omnivore_carnivore","demersal","Cryptobenthic","No","No","Yes",19,37,0.00980621621621622,3.01654054054054,"AT13-4_1",0.261314115771031
"1337","Caribbean","Bocas","Sweet Bocas Trench","AT13-4","AT13-4-3","pre_exp","Gobiidae",1.113256177,0.9154505784,2.97362274132144,"omnivore_carnivore","demersal","Cryptobenthic","No","No","Yes",19,37,0.00980621621621622,3.01654054054054,"AT13-4_2",0.262535161625251
"1338","Caribbean","Bocas","Sweet Bocas Trench","AT13-4","AT13-4-3","pre_exp","Gobiidae",1.114786783,0.976364547,2.97796987450329,"omnivore_carnivore","demersal","Cryptobenthic","No","No","Yes",19,37,0.00980621621621622,3.01654054054054,"AT13-4_2",0.263694616124381
"1339","Caribbean","Bocas","Sweet Bocas Trench","AT13-4","AT13-4-3","pre_exp","Gobiidae",1.115796697,0.9488606411,2.98083837695389,"omnivore_carnivore","demersal","Cryptobenthic","No","No","Yes",19,37,0.00980621621621622,3.01654054054054,"AT13-4_2",0.264461566169191
"1340","Caribbean","Bocas","Sweet Bocas Trench","AT13-4","AT13-4-3","pre_exp","Gobiidae",1.117219161,0.9445349788,2.98487894148508,"omnivore_carnivore","demersal","Cryptobenthic","No","No","Yes",19,37,0.00980621621621622,3.01654054054054,"AT13-4_2",0.265544417357707
"1341","Caribbean","Bocas","Sunset Point","AT12-2","AT12-2-1","pre_exp","Gobiidae",1.119143156,0.9132991025,2.99034464194732,"omnivore_carnivore","demersal","Cryptobenthic","No","No","Yes",19,37,0.00980621621621622,3.01654054054054,"AT12-2_1",0.267013908697227
"1342","Caribbean","Bocas","Sunset Point","AT12-2","AT12-2-1","pre_exp","Gobiidae",1.120131833,1.039525999,2.9931535147111,"omnivore_carnivore","demersal","Cryptobenthic","No","No","Yes",19,37,0.00980621621621622,3.01654054054054,"AT12-2_1",0.267771203754182
"1343","Caribbean","Bocas","Sunset Point","AT12-2","AT12-2-1","pre_exp","Gobiidae",1.123327383,0.9437290425,3.00223327774394,"omnivore_carnivore","demersal","Cryptobenthic","No","No","Yes",19,37,0.00980621621621622,3.01654054054054,"AT12-2_1",0.270229001979236
"1344","Caribbean","Bocas","Sunset Point","AT12-2","AT12-2-2","pre_exp","Gobiidae",1.124285817,1.006396675,3.00495686893355,"omnivore_carnivore","demersal","Cryptobenthic","No","No","Yes",19,37,0.00980621621621622,3.01654054054054,"AT12-2_2",0.270969179336518
"1345","Caribbean","Bocas","Sunset Point","AT12-2","AT12-2-2","pre_exp","Gobiidae",1.12488019,0.9959349511,3.0066459782189,"omnivore_carnivore","demersal","Cryptobenthic","No","No","Yes",19,37,0.00980621621621622,3.01654054054054,"AT12-2_2",0.271428900699057
"1346","Caribbean","Bocas","Sweet Bocas Trench","AT13-4","AT13-4-3","pre_exp","Gobiidae",1.125134501,0.9418785623,3.00736870505828,"omnivore_carnivore","demersal","Cryptobenthic","No","No","Yes",19,37,0.00980621621621622,3.01654054054054,"AT13-4_2",0.271625762927119
"1347","Caribbean","Bocas","Sweet Bocas Trench","AT13-4","AT13-4-3","pre_exp","Gobiidae",1.125919138,0.9390078855,3.00959863130347,"omnivore_carnivore","demersal","Cryptobenthic","No","No","Yes",19,37,0.00980621621621622,3.01654054054054,"AT13-4_2",0.272233769950083
"1348","Caribbean","Bocas","Sweet Bocas Trench","AT13-4","AT13-4-3","pre_exp","Gobiidae",1.127869072,0.9507873192,3.01514073907248,"omnivore_carnivore","demersal","Cryptobenthic","No","No","Yes",19,37,0.00980621621621622,3.01654054054054,"AT13-4_2",0.273748808424093
"1349","Caribbean","Bocas","Sunset Point","AT12-2","AT12-2-3","pre_exp","Gobiidae",1.130770277,0.9744882786,3.02338767304701,"omnivore_carnivore","demersal","Cryptobenthic","No","No","Yes",19,37,0.00980621621621622,3.01654054054054,"AT12-2_3",0.276013679502953
"1350","Caribbean","Bocas","Sunset Point","AT12-2","AT12-2-2","pre_exp","Gobiidae",1.133828243,0.9333884626,3.03208166262897,"omnivore_carnivore","demersal","Cryptobenthic","No","No","Yes",19,37,0.00980621621621622,3.01654054054054,"AT12-2_2",0.278414853481291
"1351","Caribbean","Bocas","Sweet Bocas Trench","AT13-4","AT13-4-3","pre_exp","Gobiidae",1.133914717,0.9821820469,3.0323275352247,"omnivore_carnivore","demersal","Cryptobenthic","No","No","Yes",19,37,0.00980621621621622,3.01654054054054,"AT13-4_2",0.278482962764189
"1352","Caribbean","Bocas","Sunset Point","AT12-2","AT12-2-3","pre_exp","Gobiidae",1.134132677,1.048727119,3.03294726885416,"omnivore_carnivore","demersal","Cryptobenthic","No","No","Yes",19,37,0.00980621621621622,3.01654054054054,"AT12-2_3",0.278654684884109
"1353","Caribbean","Bocas","Sunset Point","AT12-2","AT12-2-2","pre_exp","Gobiidae",1.136546583,0.9876973476,3.03981131925723,"omnivore_carnivore","demersal","Cryptobenthic","No","No","Yes",19,37,0.00980621621621622,3.01654054054054,"AT12-2_2",0.280561382204559
"1354","Caribbean","Bocas","Sunset Point","AT12-2","AT12-2-3","pre_exp","Gobiidae",1.138512126,0.9926104936,3.04540111035807,"omnivore_carnivore","demersal","Cryptobenthic","No","No","Yes",19,37,0.00980621621621622,3.01654054054054,"AT12-2_3",0.282120543251588
"1355","Caribbean","Bocas","Sweet Bocas Trench","AT13-4","AT13-4-3","pre_exp","Gobiidae",1.144893174,0.9254412287,3.06355232034695,"omnivore_carnivore","demersal","Cryptobenthic","No","No","Yes",19,37,0.00980621621621622,3.01654054054054,"AT13-4_2",0.287223387077418
"1356","Caribbean","Bocas","Sweet Bocas Trench","AT13-4","AT13-4-3","pre_exp","Gobiidae",1.147047434,1.029694286,3.06968166697793,"omnivore_carnivore","demersal","Cryptobenthic","No","No","Yes",19,37,0.00980621621621622,3.01654054054054,"AT13-4_2",0.288960362404859
"1357","Caribbean","Bocas","Sweet Bocas Trench","AT13-4","AT13-4-3","pre_exp","Gobiidae",1.148325693,0.9680224743,3.07331894104494,"omnivore_carnivore","demersal","Cryptobenthic","No","No","Yes",19,37,0.00980621621621622,3.01654054054054,"AT13-4_2",0.289994429875173
"1358","Caribbean","Bocas","Sweet Bocas Trench","AT13-4","AT13-4-3","pre_exp","Gobiidae",1.148380702,0.9686301842,3.07347547438991,"omnivore_carnivore","demersal","Cryptobenthic","No","No","Yes",19,37,0.00980621621621622,3.01654054054054,"AT13-4_2",0.290038987328254
"1359","Caribbean","Bocas","Sunset Point","AT12-2","AT12-2-4","pre_exp","Gobiidae",1.150799901,0.9562875448,3.08036000404789,"omnivore_carnivore","demersal","Cryptobenthic","No","No","Yes",19,37,0.00980621621621622,3.01654054054054,"AT12-2_4",0.292003209295798
"1360","Caribbean","Bocas","Sunset Point","AT12-2","AT12-2-1","pre_exp","Gobiidae",1.151028261,0.9083270821,3.08100991570439,"omnivore_carnivore","demersal","Cryptobenthic","No","No","Yes",19,37,0.00980621621621622,3.01654054054054,"AT12-2_1",0.292189093302904
"1361","Caribbean","Bocas","Sunset Point","AT12-2","AT12-2-1","pre_exp","Gobiidae",1.153429137,0.9785968585,3.08784329251259,"omnivore_carnivore","demersal","Cryptobenthic","No","No","Yes",19,37,0.00980621621621622,3.01654054054054,"AT12-2_1",0.294148327141257
"1362","Caribbean","Bocas","Sweet Bocas Trench","AT13-4","AT13-4-3","pre_exp","Gobiidae",1.153579524,1.026535439,3.08827135416872,"omnivore_carnivore","demersal","Cryptobenthic","No","No","Yes",19,37,0.00980621621621622,3.01654054054054,"AT13-4_2",0.294271350428288
"1363","Caribbean","Bocas","Sunset Point","AT12-2","AT12-2-4","pre_exp","Gobiidae",1.15627592,0.9764253202,3.09594697597377,"omnivore_carnivore","demersal","Cryptobenthic","No","No","Yes",19,37,0.00980621621621622,3.01654054054054,"AT12-2_4",0.296483136624694
"1364","Caribbean","Bocas","Sweet Bocas Trench","AT13-4","AT13-4-3","pre_exp","Gobiidae",1.158723542,1.006455484,3.10291541228791,"omnivore_carnivore","demersal","Cryptobenthic","No","No","Yes",19,37,0.00980621621621622,3.01654054054054,"AT13-4_2",0.298500741985012
"1365","Caribbean","Bocas","Sweet Bocas Trench","AT13-4","AT13-4-3","pre_exp","Gobiidae",1.160869228,1.041368645,3.10902499562595,"omnivore_carnivore","demersal","Cryptobenthic","No","No","Yes",19,37,0.00980621621621622,3.01654054054054,"AT13-4_2",0.300277213087401
"1366","Caribbean","Bocas","Sweet Bocas Trench","AT13-4","AT13-4-3","pre_exp","Gobiidae",1.161421413,0.9687066681,3.11059739172399,"omnivore_carnivore","demersal","Cryptobenthic","No","No","Yes",19,37,0.00980621621621622,3.01654054054054,"AT13-4_2",0.300735556221404
"1367","Caribbean","Bocas","Sweet Bocas Trench","AT13-4","AT13-4-3","pre_exp","Gobiidae",1.162112845,0.9984614636,3.1125663727474,"omnivore_carnivore","demersal","Cryptobenthic","No","No","Yes",19,37,0.00980621621621622,3.01654054054054,"AT13-4_2",0.301310160453937
"1368","Caribbean","Bocas","Sweet Bocas Trench","AT13-4","AT13-4-3","pre_exp","Gobiidae",1.162382017,0.9564605602,3.11333291004052,"omnivore_carnivore","demersal","Cryptobenthic","No","No","Yes",19,37,0.00980621621621622,3.01654054054054,"AT13-4_2",0.301534055995374
"1369","Caribbean","Bocas","Sunset Point","AT12-2","AT12-2-1","pre_exp","Gobiidae",1.164305841,0.9845630458,3.11881182601696,"omnivore_carnivore","demersal","Cryptobenthic","No","No","Yes",19,37,0.00980621621621622,3.01654054054054,"AT12-2_1",0.303137615173582
"1370","Caribbean","Bocas","Sweet Bocas Trench","AT13-4","AT13-4-3","pre_exp","Gobiidae",1.167677139,0.9822522088,3.12841442669702,"omnivore_carnivore","demersal","Cryptobenthic","No","No","Yes",19,37,0.00980621621621622,3.01654054054054,"AT13-4_2",0.305961820237849
"1371","Caribbean","Bocas","Sunset Point","AT12-2","AT12-2-2","pre_exp","Gobiidae",1.167758366,0.9535361606,3.12864581040606,"omnivore_carnivore","demersal","Cryptobenthic","No","No","Yes",19,37,0.00980621621621622,3.01654054054054,"AT12-2_2",0.306030088254753
"1372","Caribbean","Bocas","Sunset Point","AT12-2","AT12-2-4","pre_exp","Gobiidae",1.168588965,0.9862877686,3.13101191799644,"omnivore_carnivore","demersal","Cryptobenthic","No","No","Yes",19,37,0.00980621621621622,3.01654054054054,"AT12-2_4",0.306728774996712
"1373","Caribbean","Bocas","Sweet Bocas Trench","AT13-4","AT13-4-3","pre_exp","Gobiidae",1.170526255,0.9690883517,3.13653104306725,"omnivore_carnivore","demersal","Cryptobenthic","No","No","Yes",19,37,0.00980621621621622,3.01654054054054,"AT13-4_2",0.308362657610374
"1374","Caribbean","Bocas","Sweet Bocas Trench","AT13-4","AT13-4-3","pre_exp","Gobiidae",1.170850007,0.9363252484,3.13745343308824,"omnivore_carnivore","demersal","Cryptobenthic","No","No","Yes",19,37,0.00980621621621622,3.01654054054054,"AT13-4_2",0.308636288245886
"1375","Caribbean","Bocas","Sunset Point","AT12-2","AT12-2-3","pre_exp","Gobiidae",1.174410345,1.017514846,3.14759812533232,"omnivore_carnivore","demersal","Cryptobenthic","No","No","Yes",19,37,0.00980621621621622,3.01654054054054,"AT12-2_3",0.311656468426242
"1376","Caribbean","Bocas","Sunset Point","AT12-2","AT12-2-1","pre_exp","Gobiidae",1.17634563,0.9273343621,3.15311326942439,"omnivore_carnivore","demersal","Cryptobenthic","No","No","Yes",19,37,0.00980621621621622,3.01654054054054,"AT12-2_1",0.313306643141244
"1377","Caribbean","Bocas","Sweet Bocas Trench","AT13-4","AT13-4-3","pre_exp","Gobiidae",1.176501555,0.9980662762,3.15355764697304,"omnivore_carnivore","demersal","Cryptobenthic","No","No","Yes",19,37,0.00980621621621622,3.01654054054054,"AT13-4_2",0.313439858107061
"1378","Caribbean","Bocas","Sweet Bocas Trench","AT13-4","AT13-4-3","pre_exp","Gobiidae",1.18507138,1.046306915,3.17798688465757,"omnivore_carnivore","demersal","Cryptobenthic","No","No","Yes",19,37,0.00980621621621622,3.01654054054054,"AT13-4_2",0.320821624537085
"1379","Caribbean","Bocas","Sweet Bocas Trench","AT13-4","AT13-4-3","pre_exp","Gobiidae",1.186754402,1.009052344,3.18278584082846,"omnivore_carnivore","demersal","Cryptobenthic","No","No","Yes",19,37,0.00980621621621622,3.01654054054054,"AT13-4_2",0.322285245270698
"1380","Caribbean","Bocas","Sweet Bocas Trench","AT13-4","AT13-4-3","pre_exp","Gobiidae",1.189043543,0.9435078816,3.18931377081275,"omnivore_carnivore","demersal","Cryptobenthic","No","No","Yes",19,37,0.00980621621621622,3.01654054054054,"AT13-4_2",0.324283337197811
"1381","Caribbean","Bocas","Sweet Bocas Trench","AT13-4","AT13-4-2","pre_exp","Gobiidae",1.189183596,1.031388172,3.18971318494755,"omnivore_carnivore","demersal","Cryptobenthic","No","No","Yes",19,37,0.00980621621621622,3.01654054054054,"AT13-4_1",0.324405859407176
"1382","Caribbean","Bocas","Sunset Point","AT12-2","AT12-2-2","pre_exp","Gobiidae",1.193276372,1.064281378,3.20138659695011,"omnivore_carnivore","demersal","Cryptobenthic","No","No","Yes",19,37,0.00980621621621622,3.01654054054054,"AT12-2_2",0.328000418285989
"1383","Caribbean","Bocas","Sweet Bocas Trench","AT13-4","AT13-4-3","pre_exp","Gobiidae",1.194311477,0.9391060692,3.20433932400254,"omnivore_carnivore","demersal","Cryptobenthic","No","No","Yes",19,37,0.00980621621621622,3.01654054054054,"AT13-4_2",0.328913842578514
"1384","Caribbean","Bocas","Sweet Bocas Trench","AT13-4","AT13-4-3","pre_exp","Gobiidae",1.195265581,1.026617605,3.20706113199303,"omnivore_carnivore","demersal","Cryptobenthic","No","No","Yes",19,37,0.00980621621621622,3.01654054054054,"AT13-4_2",0.329757336965827
"1385","Caribbean","Bocas","Sweet Bocas Trench","AT13-4","AT13-4-3","pre_exp","Gobiidae",1.200568332,1.033592118,3.22219098811461,"omnivore_carnivore","demersal","Cryptobenthic","No","No","Yes",19,37,0.00980621621621622,3.01654054054054,"AT13-4_2",0.334472485573676
"1386","Caribbean","Bocas","Sweet Bocas Trench","AT13-4","AT13-4-3","pre_exp","Gobiidae",1.201357443,1.030886137,3.22444284830597,"omnivore_carnivore","demersal","Cryptobenthic","No","No","Yes",19,37,0.00980621621621622,3.01654054054054,"AT13-4_2",0.335178097145551
"1387","Caribbean","Bocas","Sweet Bocas Trench","AT13-4","AT13-4-3","pre_exp","Gobiidae",1.201899303,1.057806862,3.22598919059463,"omnivore_carnivore","demersal","Cryptobenthic","No","No","Yes",19,37,0.00980621621621622,3.01654054054054,"AT13-4_2",0.335663213288472
"1388","Caribbean","Bocas","Sweet Bocas Trench","AT13-4","AT13-4-2","pre_exp","Gobiidae",1.203246062,1.107782956,3.22983271815371,"omnivore_carnivore","demersal","Cryptobenthic","No","No","Yes",19,37,0.00980621621621622,3.01654054054054,"AT13-4_1",0.336871031606605
"1389","Caribbean","Bocas","Sunset Point","AT12-2","AT12-2-3","pre_exp","Gobiidae",1.205102345,0.9994176303,3.23513082666505,"omnivore_carnivore","demersal","Cryptobenthic","No","No","Yes",19,37,0.00980621621621622,3.01654054054054,"AT12-2_3",0.338540705863104
"1390","Caribbean","Bocas","Sweet Bocas Trench","AT13-4","AT13-4-3","pre_exp","Gobiidae",1.205274128,1.035871144,3.23562114706664,"omnivore_carnivore","demersal","Cryptobenthic","No","No","Yes",19,37,0.00980621621621622,3.01654054054054,"AT13-4_2",0.338695507141443
"1391","Caribbean","Bocas","Sweet Bocas Trench","AT13-4","AT13-4-3","pre_exp","Gobiidae",1.205446314,1.019536446,3.23611262218634,"omnivore_carnivore","demersal","Cryptobenthic","No","No","Yes",19,37,0.00980621621621622,3.01654054054054,"AT13-4_2",0.338850720460217
"1392","Caribbean","Bocas","Sunset Point","AT12-2","AT12-2-4","pre_exp","Gobiidae",1.208006246,0.9916945303,3.24342002808495,"omnivore_carnivore","demersal","Cryptobenthic","No","No","Yes",19,37,0.00980621621621622,3.01654054054054,"AT12-2_4",0.341164093113658
"1393","Caribbean","Bocas","Sweet Bocas Trench","AT13-4","AT13-4-3","pre_exp","Gobiidae",1.208038722,1.056878327,3.24351273813672,"omnivore_carnivore","demersal","Cryptobenthic","No","No","Yes",19,37,0.00980621621621622,3.01654054054054,"AT13-4_2",0.341193510807819
"1394","Caribbean","Bocas","Sunset Point","AT12-2","AT12-2-2","pre_exp","Gobiidae",1.209544394,1.060728819,3.2478111907367,"omnivore_carnivore","demersal","Cryptobenthic","No","No","Yes",19,37,0.00980621621621622,3.01654054054054,"AT12-2_2",0.342559309344563
"1395","Caribbean","Bocas","Sunset Point","AT12-2","AT12-2-4","pre_exp","Gobiidae",1.212265654,1.027211063,3.2555808107128,"omnivore_carnivore","demersal","Cryptobenthic","No","No","Yes",19,37,0.00980621621621622,3.01654054054054,"AT12-2_4",0.345037308015382
"1396","Caribbean","Bocas","Sweet Bocas Trench","AT13-4","AT13-4-3","pre_exp","Gobiidae",1.213440089,1.053858249,3.25893434592498,"omnivore_carnivore","demersal","Cryptobenthic","No","No","Yes",19,37,0.00980621621621622,3.01654054054054,"AT13-4_2",0.346110557277521
"1397","Caribbean","Bocas","Sunset Point","AT12-2","AT12-2-3","pre_exp","Gobiidae",1.213496786,0.9374916865,3.25909624631732,"omnivore_carnivore","demersal","Cryptobenthic","No","No","Yes",19,37,0.00980621621621622,3.01654054054054,"AT12-2_3",0.346162427493507
"1398","Caribbean","Bocas","Sweet Bocas Trench","AT13-4","AT13-4-3","pre_exp","Gobiidae",1.218530439,1.060204869,3.2734719336704,"omnivore_carnivore","demersal","Cryptobenthic","No","No","Yes",19,37,0.00980621621621622,3.01654054054054,"AT13-4_2",0.350788906649772
"1399","Caribbean","Bocas","Sunset Point","AT12-2","AT12-2-3","pre_exp","Gobiidae",1.221523658,0.9885406863,3.28202209567318,"omnivore_carnivore","demersal","Cryptobenthic","No","No","Yes",19,37,0.00980621621621622,3.01654054054054,"AT12-2_3",0.353560081853727
"1400","Caribbean","Bocas","Sweet Bocas Trench","AT13-4","AT13-4-3","pre_exp","Gobiidae",1.221759886,1.01740724,3.2826969399261,"omnivore_carnivore","demersal","Cryptobenthic","No","No","Yes",19,37,0.00980621621621622,3.01654054054054,"AT13-4_2",0.353779425207574
"1401","Caribbean","Bocas","Sweet Bocas Trench","AT13-4","AT13-4-3","pre_exp","Gobiidae",1.224999856,0.994663306,3.29195355507435,"omnivore_carnivore","demersal","Cryptobenthic","No","No","Yes",19,37,0.00980621621621622,3.01654054054054,"AT13-4_2",0.356797273061481
"1402","Caribbean","Bocas","Sunset Point","AT12-2","AT12-2-4","pre_exp","Gobiidae",1.227130472,0.9985658669,3.29804158281443,"omnivore_carnivore","demersal","Cryptobenthic","No","No","Yes",19,37,0.00980621621621622,3.01654054054054,"AT12-2_4",0.358791447662889
"1403","Caribbean","Bocas","Sweet Bocas Trench","AT13-4","AT13-4-3","pre_exp","Gobiidae",1.227463056,1.048549873,3.29899196955251,"omnivore_carnivore","demersal","Cryptobenthic","No","No","Yes",19,37,0.00980621621621622,3.01654054054054,"AT13-4_2",0.359103424009154
"1404","Caribbean","Bocas","Sweet Bocas Trench","AT13-4","AT13-4-2","pre_exp","Gobiidae",1.231442873,1.036229752,3.31036589334043,"omnivore_carnivore","demersal","Cryptobenthic","No","No","Yes",19,37,0.00980621621621622,3.01654054054054,"AT13-4_1",0.362851139436423
"1405","Caribbean","Bocas","Sweet Bocas Trench","AT13-4","AT13-4-2","pre_exp","Gobiidae",1.233145698,1.069697419,3.31523310949252,"omnivore_carnivore","demersal","Cryptobenthic","No","No","Yes",19,37,0.00980621621621622,3.01654054054054,"AT13-4_1",0.364462845938657
"1406","Caribbean","Bocas","Sweet Bocas Trench","AT13-4","AT13-4-3","pre_exp","Gobiidae",1.233305578,1.063533553,3.31569011928524,"omnivore_carnivore","demersal","Cryptobenthic","No","No","Yes",19,37,0.00980621621621622,3.01654054054054,"AT13-4_2",0.364614423259089
"1407","Caribbean","Bocas","Sunset Point","AT12-2","AT12-2-2","pre_exp","Gobiidae",1.233379333,1.031637424,3.31590094589996,"omnivore_carnivore","demersal","Cryptobenthic","No","No","Yes",19,37,0.00980621621621622,3.01654054054054,"AT12-2_2",0.364684362731732
"1408","Caribbean","Bocas","Sweet Bocas Trench","AT13-4","AT13-4-3","pre_exp","Gobiidae",1.236647438,1.034335204,3.32524353275123,"omnivore_carnivore","demersal","Cryptobenthic","No","No","Yes",19,37,0.00980621621621622,3.01654054054054,"AT13-4_2",0.367792678115206
"1409","Caribbean","Bocas","Sweet Bocas Trench","AT13-4","AT13-4-3","pre_exp","Gobiidae",1.238237037,1.06356722,3.32978831088774,"omnivore_carnivore","demersal","Cryptobenthic","No","No","Yes",19,37,0.00980621621621622,3.01654054054054,"AT13-4_2",0.369311125755825
"1410","Caribbean","Bocas","Sunset Point","AT12-2","AT12-2-1","pre_exp","Gobiidae",1.248657241,1.071579949,3.35958954176398,"omnivore_carnivore","demersal","Cryptobenthic","No","No","Yes",19,37,0.00980621621621622,3.01654054054054,"AT12-2_1",0.379371922377008
"1411","Caribbean","Bocas","Sunset Point","AT12-2","AT12-2-3","pre_exp","Gobiidae",1.249025565,1.080674693,3.36064321744495,"omnivore_carnivore","demersal","Cryptobenthic","No","No","Yes",19,37,0.00980621621621622,3.01654054054054,"AT12-2_3",0.37973095376303
"1412","Caribbean","Bocas","Sweet Bocas Trench","AT13-4","AT13-4-3","pre_exp","Gobiidae",1.256464013,1.128898252,3.38192681004841,"omnivore_carnivore","demersal","Cryptobenthic","No","No","Yes",19,37,0.00980621621621622,3.01654054054054,"AT13-4_2",0.387031880816814
"1413","Caribbean","Bocas","Sweet Bocas Trench","AT13-4","AT13-4-3","pre_exp","Gobiidae",1.257452104,1.067487407,3.38475463027878,"omnivore_carnivore","demersal","Cryptobenthic","No","No","Yes",19,37,0.00980621621621622,3.01654054054054,"AT13-4_2",0.38800891462128
"1414","Caribbean","Bocas","Sunset Point","AT12-2","AT12-2-3","pre_exp","Gobiidae",1.257524804,1.049414288,3.38496269615095,"omnivore_carnivore","demersal","Cryptobenthic","No","No","Yes",19,37,0.00980621621621622,3.01654054054054,"AT12-2_3",0.388080868042354
"1415","Caribbean","Bocas","Sweet Bocas Trench","AT13-2","AT13-2-8","pre_exp","Gobiidae",1.257785175,1.151555455,3.3857078787213,"omnivore_carnivore","demersal","Cryptobenthic","No","No","Yes",19,37,0.00980621621621622,3.01654054054054,"AT13-2_2",0.388338640549565
"1416","Caribbean","Bocas","Sunset Point","AT12-2","AT12-2-3","pre_exp","Gobiidae",1.259829356,1.032349343,3.39155866955615,"omnivore_carnivore","demersal","Cryptobenthic","No","No","Yes",19,37,0.00980621621621622,3.01654054054054,"AT12-2_3",0.390366516333109
"1417","Caribbean","Bocas","Sweet Bocas Trench","AT13-4","AT13-4-3","pre_exp","Gobiidae",1.260334967,1.064394302,3.39300590617166,"omnivore_carnivore","demersal","Cryptobenthic","No","No","Yes",19,37,0.00980621621621622,3.01654054054054,"AT13-4_2",0.390869216203621
"1418","Caribbean","Bocas","Sunset Point","AT12-2","AT12-2-4","pre_exp","Gobiidae",1.260520811,1.02721094,3.3935378663299,"omnivore_carnivore","demersal","Cryptobenthic","No","No","Yes",19,37,0.00980621621621622,3.01654054054054,"AT12-2_4",0.391054102096858
"1419","Caribbean","Bocas","Sweet Bocas Trench","AT13-4","AT13-4-3","pre_exp","Gobiidae",1.263144327,1.085028065,3.40104795153068,"omnivore_carnivore","demersal","Cryptobenthic","No","No","Yes",19,37,0.00980621621621622,3.01654054054054,"AT13-4_2",0.393670518652132
"1420","Caribbean","Bocas","Sunset Point","AT12-2","AT12-2-2","pre_exp","Gobiidae",1.268849139,1.09723735,3.41738196648647,"omnivore_carnivore","demersal","Cryptobenthic","No","No","Yes",19,37,0.00980621621621622,3.01654054054054,"AT12-2_2",0.399401428724425
"1421","Caribbean","Bocas","Sweet Bocas Trench","AT13-4","AT13-4-3","pre_exp","Gobiidae",1.270418638,1.097180402,3.42187657078865,"omnivore_carnivore","demersal","Cryptobenthic","No","No","Yes",19,37,0.00980621621621622,3.01654054054054,"AT13-4_2",0.400988120282692
"1422","Caribbean","Bocas","Sunset Point","AT12-2","AT12-2-2","pre_exp","Gobiidae",1.273720979,1.114781787,3.43133469408898,"omnivore_carnivore","demersal","Cryptobenthic","No","No","Yes",19,37,0.00980621621621622,3.01654054054054,"AT12-2_2",0.404340792346007
"1423","Caribbean","Bocas","Sweet Bocas Trench","AT13-4","AT13-4-3","pre_exp","Gobiidae",1.273916142,1.062103049,3.43189370241456,"omnivore_carnivore","demersal","Cryptobenthic","No","No","Yes",19,37,0.00980621621621622,3.01654054054054,"AT13-4_2",0.404539531416447
"1424","Caribbean","Bocas","Sunset Point","AT12-2","AT12-2-3","pre_exp","Gobiidae",1.274427815,1.015080815,3.43335932081848,"omnivore_carnivore","demersal","Cryptobenthic","No","No","Yes",19,37,0.00980621621621622,3.01654054054054,"AT12-2_3",0.405060899216242
"1425","Caribbean","Bocas","Sweet Bocas Trench","AT13-4","AT13-4-3","pre_exp","Gobiidae",1.278559839,1.08757031,3.44519630950852,"omnivore_carnivore","demersal","Cryptobenthic","No","No","Yes",19,37,0.00980621621621622,3.01654054054054,"AT13-4_2",0.409288172045512
"1426","Caribbean","Bocas","Sunset Point","AT12-2","AT12-2-3","pre_exp","Gobiidae",1.284535956,1.082827474,3.46232034023593,"omnivore_carnivore","demersal","Cryptobenthic","No","No","Yes",19,37,0.00980621621621622,3.01654054054054,"AT12-2_3",0.415455613997973
"1427","Caribbean","Bocas","Sunset Point","AT12-2","AT12-2-1","pre_exp","Gobiidae",1.286250326,0.9164914012,3.46723364570754,"omnivore_carnivore","demersal","Cryptobenthic","No","No","Yes",19,37,0.00980621621621622,3.01654054054054,"AT12-2_1",0.41723660434878
"1428","Caribbean","Bocas","Sunset Point","AT12-2","AT12-2-3","pre_exp","Gobiidae",1.286958914,1.123951406,3.46926454727345,"omnivore_carnivore","demersal","Cryptobenthic","No","No","Yes",19,37,0.00980621621621622,3.01654054054054,"AT12-2_3",0.417974260210576
"1429","Caribbean","Bocas","Sunset Point","AT12-2","AT12-2-1","pre_exp","Gobiidae",1.287423263,1.079614944,3.47059546776474,"omnivore_carnivore","demersal","Cryptobenthic","No","No","Yes",19,37,0.00980621621621622,3.01654054054054,"AT12-2_1",0.418458144335517
"1430","Caribbean","Bocas","Sweet Bocas Trench","AT13-4","AT13-4-3","pre_exp","Gobiidae",1.292415341,1.107860025,3.4849057134733,"omnivore_carnivore","demersal","Cryptobenthic","No","No","Yes",19,37,0.00980621621621622,3.01654054054054,"AT13-4_2",0.423684615812534
"1431","Caribbean","Bocas","Sunset Point","AT12-2","AT12-2-2","pre_exp","Gobiidae",1.292660495,1.140927986,3.48560855987157,"omnivore_carnivore","demersal","Cryptobenthic","No","No","Yes",19,37,0.00980621621621622,3.01654054054054,"AT12-2_2",0.423942431633017
"1432","Caribbean","Bocas","Sunset Point","AT12-2","AT12-2-2","pre_exp","Gobiidae",1.294849471,1.060108824,3.49188463717737,"omnivore_carnivore","demersal","Cryptobenthic","No","No","Yes",19,37,0.00980621621621622,3.01654054054054,"AT12-2_2",0.426249252829333
"1433","Caribbean","Bocas","Sunset Point","AT12-2","AT12-2-2","pre_exp","Gobiidae",1.295675453,1.101443239,3.49425300881592,"omnivore_carnivore","demersal","Cryptobenthic","No","No","Yes",19,37,0.00980621621621622,3.01654054054054,"AT12-2_2",0.427121942277043
"1434","Caribbean","Bocas","Sweet Bocas Trench","AT13-4","AT13-4-3","pre_exp","Gobiidae",1.295948053,1.068385161,3.49503466679328,"omnivore_carnivore","demersal","Cryptobenthic","No","No","Yes",19,37,0.00980621621621622,3.01654054054054,"AT13-4_2",0.427410226859322
"1435","Caribbean","Bocas","Sweet Bocas Trench","AT13-4","AT13-4-2","pre_exp","Gobiidae",1.296325618,1.093854815,3.49611732040889,"omnivore_carnivore","demersal","Cryptobenthic","No","No","Yes",19,37,0.00980621621621622,3.01654054054054,"AT13-4_1",0.427809736952105
"1436","Caribbean","Bocas","Sunset Point","AT12-2","AT12-2-3","pre_exp","Gobiidae",1.298405685,1.062674028,3.50208219267232,"omnivore_carnivore","demersal","Cryptobenthic","No","No","Yes",19,37,0.00980621621621622,3.01654054054054,"AT12-2_3",0.43001531213465
"1437","Caribbean","Bocas","Sunset Point","AT12-2","AT12-2-4","pre_exp","Gobiidae",1.300806583,1.097830371,3.50896784228952,"omnivore_carnivore","demersal","Cryptobenthic","No","No","Yes",19,37,0.00980621621621622,3.01654054054054,"AT12-2_4",0.432570791306139
"1438","Caribbean","Bocas","Sunset Point","AT12-2","AT12-2-2","pre_exp","Gobiidae",1.306785689,1.043709783,3.5261190949343,"omnivore_carnivore","demersal","Cryptobenthic","No","No","Yes",19,37,0.00980621621621622,3.01654054054054,"AT12-2_2",0.438980250684819
"1439","Caribbean","Bocas","Sweet Bocas Trench","AT13-4","AT13-4-2","pre_exp","Gobiidae",1.308809236,1.100383391,3.53192482798193,"omnivore_carnivore","demersal","Cryptobenthic","No","No","Yes",19,37,0.00980621621621622,3.01654054054054,"AT13-4_1",0.441164162085382
"1440","Caribbean","Bocas","Sunset Point","AT12-2","AT12-2-4","pre_exp","Gobiidae",1.31387467,1.052580579,3.54646048767558,"omnivore_carnivore","demersal","Cryptobenthic","No","No","Yes",19,37,0.00980621621621622,3.01654054054054,"AT12-2_4",0.446663793505512
"1441","Caribbean","Bocas","Sweet Bocas Trench","AT13-4","AT13-4-3","pre_exp","Gobiidae",1.315008906,1.095172383,3.54971575284387,"omnivore_carnivore","demersal","Cryptobenthic","No","No","Yes",19,37,0.00980621621621622,3.01654054054054,"AT13-4_2",0.447901686294304
"1442","Caribbean","Bocas","Sweet Bocas Trench","AT13-4","AT13-4-2","pre_exp","Gobiidae",1.319226998,1.138026961,3.56182326291658,"omnivore_carnivore","demersal","Cryptobenthic","No","No","Yes",19,37,0.00980621621621622,3.01654054054054,"AT13-4_1",0.452525984606112
"1443","Caribbean","Bocas","Sweet Bocas Trench","AT13-4","AT13-4-3","pre_exp","Gobiidae",1.320184448,1.093375928,3.56457184562467,"omnivore_carnivore","demersal","Cryptobenthic","No","No","Yes",19,37,0.00980621621621622,3.01654054054054,"AT13-4_2",0.453580194278474
"1444","Caribbean","Bocas","Sunset Point","AT12-2","AT12-2-2","pre_exp","Gobiidae",1.322591783,1.100484686,3.57148321687445,"omnivore_carnivore","demersal","Cryptobenthic","No","No","Yes",19,37,0.00980621621621622,3.01654054054054,"AT12-2_2",0.456238279169586
"1445","Caribbean","Bocas","Sweet Bocas Trench","AT13-4","AT13-4-3","pre_exp","Gobiidae",1.328128629,1.141389146,3.58738231728078,"omnivore_carnivore","demersal","Cryptobenthic","No","No","Yes",19,37,0.00980621621621622,3.01654054054054,"AT13-4_2",0.462392494959601
"1446","Caribbean","Bocas","Sweet Bocas Trench","AT13-4","AT13-4-3","pre_exp","Gobiidae",1.331428554,1.107379239,3.59686007476845,"omnivore_carnivore","demersal","Cryptobenthic","No","No","Yes",19,37,0.00980621621621622,3.01654054054054,"AT13-4_2",0.466087408230799
"1447","Caribbean","Bocas","Sweet Bocas Trench","AT13-2","AT13-2-8","pre_exp","Gobiidae",1.332092206,1.179032806,3.59876633784076,"omnivore_carnivore","demersal","Cryptobenthic","No","No","Yes",19,37,0.00980621621621622,3.01654054054054,"AT13-2_2",0.466832942959694
"1448","Caribbean","Bocas","Sunset Point","AT12-2","AT12-2-1","pre_exp","Gobiidae",1.337275707,1.105456789,3.61365740497026,"omnivore_carnivore","demersal","Cryptobenthic","No","No","Yes",19,37,0.00980621621621622,3.01654054054054,"AT12-2_1",0.472684258127798
"1449","Caribbean","Bocas","Sweet Bocas Trench","AT13-4","AT13-4-3","pre_exp","Gobiidae",1.345837538,1.18763,3.63826166520822,"omnivore_carnivore","demersal","Cryptobenthic","No","No","Yes",19,37,0.00980621621621622,3.01654054054054,"AT13-4_2",0.482459369524169
"1450","Caribbean","Bocas","Sunset Point","AT12-2","AT12-2-3","pre_exp","Gobiidae",1.347221522,1.135129324,3.64223977152678,"omnivore_carnivore","demersal","Cryptobenthic","No","No","Yes",19,37,0.00980621621621622,3.01654054054054,"AT12-2_3",0.48405242561976
"1451","Caribbean","Bocas","Sweet Bocas Trench","AT13-4","AT13-4-3","pre_exp","Gobiidae",1.356477246,1.109386432,3.66885094040391,"omnivore_carnivore","demersal","Cryptobenthic","No","No","Yes",19,37,0.00980621621621622,3.01654054054054,"AT13-4_2",0.494799553948292
"1452","Caribbean","Bocas","Sweet Bocas Trench","AT13-4","AT13-4-2","pre_exp","Gobiidae",1.357597303,1.174228274,3.67207200119641,"omnivore_carnivore","demersal","Cryptobenthic","No","No","Yes",19,37,0.00980621621621622,3.01654054054054,"AT13-4_1",0.496111124646416
"1453","Caribbean","Bocas","Sunset Point","AT12-2","AT12-2-3","pre_exp","Gobiidae",1.363969244,1.125918513,3.69039962770421,"omnivore_carnivore","demersal","Cryptobenthic","No","No","Yes",19,37,0.00980621621621622,3.01654054054054,"AT12-2_3",0.50361813291782
"1454","Caribbean","Bocas","Sunset Point","AT12-2","AT12-2-1","pre_exp","Gobiidae",1.37648839,1.232353424,3.72642422125199,"omnivore_carnivore","demersal","Cryptobenthic","No","No","Yes",19,37,0.00980621621621622,3.01654054054054,"AT12-2_1",0.518594408931029
"1455","Caribbean","Bocas","Sweet Bocas Trench","AT13-4","AT13-4-3","pre_exp","Gobiidae",1.39030226,1.192163317,3.76619850494551,"omnivore_carnivore","demersal","Cryptobenthic","No","No","Yes",19,37,0.00980621621621622,3.01654054054054,"AT13-4_2",0.535472084583458
"1456","Caribbean","Bocas","Sunset Point","AT12-2","AT12-2-2","pre_exp","Gobiidae",1.402293335,1.197296226,3.80074469067908,"omnivore_carnivore","demersal","Cryptobenthic","No","No","Yes",19,37,0.00980621621621622,3.01654054054054,"AT12-2_2",0.550425947819595
"1457","Caribbean","Bocas","Sweet Bocas Trench","AT13-4","AT13-4-3","pre_exp","Gobiidae",1.403696286,1.280426771,3.80478780453615,"omnivore_carnivore","demersal","Cryptobenthic","No","No","Yes",19,37,0.00980621621621622,3.01654054054054,"AT13-4_2",0.552194105806715
"1458","Caribbean","Bocas","Sweet Bocas Trench","AT13-4","AT13-4-3","pre_exp","Gobiidae",1.408415416,1.150245847,3.81838956908186,"omnivore_carnivore","demersal","Cryptobenthic","No","No","Yes",19,37,0.00980621621621622,3.01654054054054,"AT13-4_2",0.558170375976949
"1459","Caribbean","Bocas","Sweet Bocas Trench","AT13-4","AT13-4-3","pre_exp","Gobiidae",1.410815189,1.202775287,3.82530744740563,"omnivore_carnivore","demersal","Cryptobenthic","No","No","Yes",19,37,0.00980621621621622,3.01654054054054,"AT13-4_2",0.56122643491974
"1460","Caribbean","Bocas","Sunset Point","AT12-2","AT12-2-2","pre_exp","Gobiidae",1.413897017,1.163999839,3.83419259195691,"omnivore_carnivore","demersal","Cryptobenthic","No","No","Yes",19,37,0.00980621621621622,3.01654054054054,"AT12-2_2",0.5651679404174
"1461","Caribbean","Bocas","Sweet Bocas Trench","AT13-4","AT13-4-3","pre_exp","Gobiidae",1.417893539,1.241360182,3.8457166925054,"omnivore_carnivore","demersal","Cryptobenthic","No","No","Yes",19,37,0.00980621621621622,3.01654054054054,"AT13-4_2",0.570307610738043
"1462","Caribbean","Bocas","Sunset Point","AT12-2","AT12-2-4","pre_exp","Gobiidae",1.42293003,1.22475928,3.86024250228946,"omnivore_carnivore","demersal","Cryptobenthic","No","No","Yes",19,37,0.00980621621621622,3.01654054054054,"AT12-2_4",0.576830414663693
"1463","Caribbean","Bocas","Sunset Point","AT12-2","AT12-2-1","pre_exp","Gobiidae",1.429971004,1.144492842,3.88055491576454,"omnivore_carnivore","demersal","Cryptobenthic","No","No","Yes",19,37,0.00980621621621622,3.01654054054054,"AT12-2_1",0.58603504582396
"1464","Caribbean","Bocas","Sweet Bocas Trench","AT13-4","AT13-4-3","pre_exp","Gobiidae",1.430821645,1.167684665,3.88300934767267,"omnivore_carnivore","demersal","Cryptobenthic","No","No","Yes",19,37,0.00980621621621622,3.01654054054054,"AT13-4_2",0.587153882877988
"1465","Caribbean","Bocas","Sweet Bocas Trench","AT13-4","AT13-4-2","pre_exp","Gobiidae",1.431807718,1.253384971,3.8858546693374,"omnivore_carnivore","demersal","Cryptobenthic","No","No","Yes",19,37,0.00980621621621622,3.01654054054054,"AT13-4_1",0.588452690611053
"1466","Caribbean","Bocas","Sweet Bocas Trench","AT13-4","AT13-4-3","pre_exp","Gobiidae",1.433110629,1.181852636,3.88961441965507,"omnivore_carnivore","demersal","Cryptobenthic","No","No","Yes",19,37,0.00980621621621622,3.01654054054054,"AT13-4_2",0.590171852512391
"1467","Caribbean","Bocas","Sweet Bocas Trench","AT13-4","AT13-4-3","pre_exp","Gobiidae",1.433405378,1.182770982,3.89046499326914,"omnivore_carnivore","demersal","Cryptobenthic","No","No","Yes",19,37,0.00980621621621622,3.01654054054054,"AT13-4_2",0.590561246073817
"1468","Caribbean","Bocas","Sunset Point","AT12-2","AT12-2-2","pre_exp","Gobiidae",1.441622463,1.159449955,3.91418193786405,"omnivore_carnivore","demersal","Cryptobenthic","No","No","Yes",19,37,0.00980621621621622,3.01654054054054,"AT12-2_2",0.601488173977991
"1469","Caribbean","Bocas","Sunset Point","AT12-2","AT12-2-3","pre_exp","Gobiidae",1.442212797,1.193606558,3.91588614662799,"omnivore_carnivore","demersal","Cryptobenthic","No","No","Yes",19,37,0.00980621621621622,3.01654054054054,"AT12-2_3",0.602278504372163
"1470","Caribbean","Bocas","Sweet Bocas Trench","AT13-4","AT13-4-3","pre_exp","Gobiidae",1.460601587,1.242596141,3.96899392427434,"omnivore_carnivore","demersal","Cryptobenthic","No","No","Yes",19,37,0.00980621621621622,3.01654054054054,"AT13-4_2",0.627256636584938
"1471","Caribbean","Bocas","Sweet Bocas Trench","AT13-4","AT13-4-3","pre_exp","Gobiidae",1.461288449,1.29638041,3.97097843988648,"omnivore_carnivore","demersal","Cryptobenthic","No","No","Yes",19,37,0.00980621621621622,3.01654054054054,"AT13-4_2",0.628203195050951
"1472","Caribbean","Bocas","Sweet Bocas Trench","AT13-4","AT13-4-3","pre_exp","Gobiidae",1.46336988,1.188925857,3.97699257323918,"omnivore_carnivore","demersal","Cryptobenthic","No","No","Yes",19,37,0.00980621621621622,3.01654054054054,"AT13-4_2",0.631077599351173
"1473","Caribbean","Bocas","Sunset Point","AT12-2","AT12-2-3","pre_exp","Gobiidae",1.47978279,1.222958568,4.02443529669551,"omnivore_carnivore","demersal","Cryptobenthic","No","No","Yes",19,37,0.00980621621621622,3.01654054054054,"AT12-2_3",0.654061309538001
"1474","Caribbean","Bocas","Sunset Point","AT12-2","AT12-2-3","pre_exp","Gobiidae",1.480252525,1.282297743,4.02579359188868,"omnivore_carnivore","demersal","Cryptobenthic","No","No","Yes",19,37,0.00980621621621622,3.01654054054054,"AT12-2_3",0.65472744817476
"1475","Caribbean","Bocas","Sweet Bocas Trench","AT13-4","AT13-4-2","pre_exp","Gobiidae",1.482817705,1.050741004,4.03321159871686,"omnivore_carnivore","demersal","Cryptobenthic","No","No","Yes",19,37,0.00980621621621622,3.01654054054054,"AT13-4_1",0.658373409446642
"1476","Caribbean","Bocas","Sunset Point","AT12-2","AT12-2-3","pre_exp","Gobiidae",1.486348129,1.227481938,4.04342223218949,"omnivore_carnivore","demersal","Cryptobenthic","No","No","Yes",19,37,0.00980621621621622,3.01654054054054,"AT12-2_3",0.663414113886861
"1477","Caribbean","Bocas","Sweet Bocas Trench","AT13-4","AT13-4-3","pre_exp","Gobiidae",1.487113955,1.350166976,4.04563734394483,"omnivore_carnivore","demersal","Cryptobenthic","No","No","Yes",19,37,0.00980621621621622,3.01654054054054,"AT13-4_2",0.66451104735215
"1478","Caribbean","Bocas","Sweet Bocas Trench","AT13-4","AT13-4-3","pre_exp","Gobiidae",1.488352873,1.229432756,4.04922100236138,"omnivore_carnivore","demersal","Cryptobenthic","No","No","Yes",19,37,0.00980621621621622,3.01654054054054,"AT13-4_2",0.666288257792934
"1479","Caribbean","Bocas","Sweet Bocas Trench","AT13-4","AT13-4-3","pre_exp","Gobiidae",1.490030535,1.24454897,4.05407405965131,"omnivore_carnivore","demersal","Cryptobenthic","No","No","Yes",19,37,0.00980621621621622,3.01654054054054,"AT13-4_2",0.668700050475474
"1480","Caribbean","Bocas","Sweet Bocas Trench","AT13-4","AT13-4-3","pre_exp","Gobiidae",1.492292606,1.199434564,4.06061821326668,"omnivore_carnivore","demersal","Cryptobenthic","No","No","Yes",19,37,0.00980621621621622,3.01654054054054,"AT13-4_2",0.671961487402443
"1481","Caribbean","Bocas","Sweet Bocas Trench","AT13-4","AT13-4-3","pre_exp","Gobiidae",1.503813775,1.322353356,4.09395858000283,"omnivore_carnivore","demersal","Cryptobenthic","No","No","Yes",19,37,0.00980621621621622,3.01654054054054,"AT13-4_2",0.688742656743301
"1482","Caribbean","Bocas","Sweet Bocas Trench","AT13-4","AT13-4-2","pre_exp","Gobiidae",1.512143348,1.290776686,4.1180730628801,"omnivore_carnivore","demersal","Cryptobenthic","No","No","Yes",19,37,0.00980621621621622,3.01654054054054,"AT13-4_1",0.701053205405995
"1483","Caribbean","Bocas","Sunset Point","AT12-2","AT12-2-3","pre_exp","Gobiidae",1.517500019,1.297787283,4.13358530419159,"omnivore_carnivore","demersal","Cryptobenthic","No","No","Yes",19,37,0.00980621621621622,3.01654054054054,"AT12-2_3",0.709049505476297
"1484","Caribbean","Bocas","Sweet Bocas Trench","AT13-2","AT13-2-8","pre_exp","Gobiidae",1.518108064,1.28215307,4.13534634463411,"omnivore_carnivore","demersal","Cryptobenthic","No","No","Yes",19,37,0.00980621621621622,3.01654054054054,"AT13-2_2",0.709961127251923
"1485","Caribbean","Bocas","Sunset Point","AT12-2","AT12-2-4","pre_exp","Gobiidae",1.529586071,1.259399423,4.16859768517581,"omnivore_carnivore","demersal","Cryptobenthic","No","No","Yes",19,37,0.00980621621621622,3.01654054054054,"AT12-2_4",0.727321428873996
"1486","Caribbean","Bocas","Sweet Bocas Trench","AT13-4","AT13-4-2","pre_exp","Gobiidae",1.534996353,1.347787536,4.18427654172123,"omnivore_carnivore","demersal","Cryptobenthic","No","No","Yes",19,37,0.00980621621621622,3.01654054054054,"AT13-4_1",0.735604776718263
"1487","Caribbean","Bocas","Sweet Bocas Trench","AT13-4","AT13-4-3","pre_exp","Gobiidae",1.546473583,1.388520224,4.21754881275072,"omnivore_carnivore","demersal","Cryptobenthic","No","No","Yes",19,37,0.00980621621621622,3.01654054054054,"AT13-4_2",0.753391385477591
"1488","Caribbean","Bocas","Sweet Bocas Trench","AT13-4","AT13-4-3","pre_exp","Gobiidae",1.548340169,1.343517092,4.22296148949523,"omnivore_carnivore","demersal","Cryptobenthic","No","No","Yes",19,37,0.00980621621621622,3.01654054054054,"AT13-4_2",0.756311794224948
"1489","Caribbean","Bocas","Sunset Point","AT12-2","AT12-2-2","pre_exp","Gobiidae",1.55012656,1.326195859,4.22814200533947,"omnivore_carnivore","demersal","Cryptobenthic","No","No","Yes",19,37,0.00980621621621622,3.01654054054054,"AT12-2_2",0.759114019154947
"1490","Caribbean","Bocas","Sunset Point","AT12-2","AT12-2-2","pre_exp","Gobiidae",1.566309246,1.307885528,4.27508878279037,"omnivore_carnivore","demersal","Cryptobenthic","No","No","Yes",19,37,0.00980621621621622,3.01654054054054,"AT12-2_2",0.784825406111554
"1491","Caribbean","Bocas","Sweet Bocas Trench","AT13-4","AT13-4-3","pre_exp","Gobiidae",1.572924921,1.324521063,4.29429003777064,"omnivore_carnivore","demersal","Cryptobenthic","No","No","Yes",19,37,0.00980621621621622,3.01654054054054,"AT13-4_2",0.795506899369189
"1492","Caribbean","Bocas","Sunset Point","AT12-2","AT12-2-3","pre_exp","Gobiidae",1.588885984,1.302243679,4.34063622139629,"omnivore_carnivore","demersal","Cryptobenthic","No","No","Yes",19,37,0.00980621621621622,3.01654054054054,"AT12-2_3",0.82168831850948
"1493","Caribbean","Bocas","Sweet Bocas Trench","AT13-4","AT13-4-3","pre_exp","Gobiidae",1.622699394,1.286288251,4.43891726081958,"omnivore_carnivore","demersal","Cryptobenthic","No","No","Yes",19,37,0.00980621621621622,3.01654054054054,"AT13-4_2",0.87910131001101
"1494","Caribbean","Bocas","Sweet Bocas Trench","AT13-4","AT13-4-3","pre_exp","Gobiidae",1.623164774,1.377723361,4.44027083024693,"omnivore_carnivore","demersal","Cryptobenthic","No","No","Yes",19,37,0.00980621621621622,3.01654054054054,"AT13-4_2",0.879910191876513
"1495","Caribbean","Bocas","Sunset Point","AT12-2","AT12-2-4","pre_exp","Gobiidae",1.626445025,1.286236259,4.44981221847387,"omnivore_carnivore","demersal","Cryptobenthic","No","No","Yes",19,37,0.00980621621621622,3.01654054054054,"AT12-2_4",0.885626165685724
"1496","Caribbean","Bocas","Sunset Point","AT12-2","AT12-2-4","pre_exp","Gobiidae",1.627753476,1.300907766,4.45361849827791,"omnivore_carnivore","demersal","Cryptobenthic","No","No","Yes",19,37,0.00980621621621622,3.01654054054054,"AT12-2_4",0.887913307732859
"1497","Caribbean","Bocas","Sweet Bocas Trench","AT13-4","AT13-4-3","pre_exp","Gobiidae",1.634818045,1.37891233,4.4741726458857,"omnivore_carnivore","demersal","Cryptobenthic","No","No","Yes",19,37,0.00980621621621622,3.01654054054054,"AT13-4_2",0.900332277281615
"1498","Caribbean","Bocas","Sunset Point","AT12-2","AT12-2-3","pre_exp","Gobiidae",1.640383111,1.329670714,4.49036799199997,"omnivore_carnivore","demersal","Cryptobenthic","No","No","Yes",19,37,0.00980621621621622,3.01654054054054,"AT12-2_3",0.910199014648359
"1499","Caribbean","Bocas","Sweet Bocas Trench","AT13-4","AT13-4-2","pre_exp","Gobiidae",1.641474598,1.335282565,4.49354482403853,"omnivore_carnivore","demersal","Cryptobenthic","No","No","Yes",19,37,0.00980621621621622,3.01654054054054,"AT13-4_1",0.912142886388303
"1500","Caribbean","Bocas","Sweet Bocas Trench","AT13-4","AT13-4-3","pre_exp","Gobiidae",1.657252944,1.360365377,4.53948343644951,"omnivore_carnivore","demersal","Cryptobenthic","No","No","Yes",19,37,0.00980621621621622,3.01654054054054,"AT13-4_2",0.940563267014089
"1501","Caribbean","Bocas","Sweet Bocas Trench","AT13-4","AT13-4-3","pre_exp","Gobiidae",1.657684829,1.383311915,4.54074125861261,"omnivore_carnivore","demersal","Cryptobenthic","No","No","Yes",19,37,0.00980621621621622,3.01654054054054,"AT13-4_2",0.941349644938321
"1502","Caribbean","Bocas","Sunset Point","AT12-2","AT12-2-2","pre_exp","Gobiidae",1.660915468,1.411176666,4.550150830747,"omnivore_carnivore","demersal","Cryptobenthic","No","No","Yes",19,37,0.00980621621621622,3.01654054054054,"AT12-2_2",0.94724636282808
"1503","Caribbean","Bocas","Sweet Bocas Trench","AT13-4","AT13-4-3","pre_exp","Gobiidae",1.661369948,1.37291514,4.55147464393777,"omnivore_carnivore","demersal","Cryptobenthic","No","No","Yes",19,37,0.00980621621621622,3.01654054054054,"AT13-4_2",0.948077935896217
"1504","Caribbean","Bocas","Sweet Bocas Trench","AT13-4","AT13-4-2","pre_exp","Gobiidae",1.664623105,1.343550029,4.56095113546726,"omnivore_carnivore","demersal","Cryptobenthic","No","No","Yes",19,37,0.00980621621621622,3.01654054054054,"AT13-4_1",0.954044991067082
"1505","Caribbean","Bocas","Sweet Bocas Trench","AT13-4","AT13-4-3","pre_exp","Gobiidae",1.678904123,1.413140852,4.60256576668829,"omnivore_carnivore","demersal","Cryptobenthic","No","No","Yes",19,37,0.00980621621621622,3.01654054054054,"AT13-4_2",0.980545727966189
"1506","Caribbean","Bocas","Sweet Bocas Trench","AT13-4","AT13-4-2","pre_exp","Gobiidae",1.708523593,1.447965278,4.68894754957125,"omnivore_carnivore","demersal","Cryptobenthic","No","No","Yes",19,37,0.00980621621621622,3.01654054054054,"AT13-4_1",1.03711648741444
"1507","Caribbean","Bocas","Sweet Bocas Trench","AT13-4","AT13-4-3","pre_exp","Gobiidae",1.708772884,1.367674967,4.68967498241392,"omnivore_carnivore","demersal","Cryptobenthic","No","No","Yes",19,37,0.00980621621621622,3.01654054054054,"AT13-4_2",1.03760191244431
"1508","Caribbean","Bocas","Sweet Bocas Trench","AT13-4","AT13-4-3","pre_exp","Gobiidae",1.714626463,1.377593401,4.7067576928387,"omnivore_carnivore","demersal","Cryptobenthic","No","No","Yes",19,37,0.00980621621621622,3.01654054054054,"AT13-4_2",1.04904512743217
"1509","Caribbean","Bocas","Sweet Bocas Trench","AT13-4","AT13-4-3","pre_exp","Gobiidae",1.718472551,1.410405754,4.71798387854158,"omnivore_carnivore","demersal","Cryptobenthic","No","No","Yes",19,37,0.00980621621621622,3.01654054054054,"AT13-4_2",1.05661097727898
"1510","Caribbean","Bocas","Sweet Bocas Trench","AT13-4","AT13-4-2","pre_exp","Gobiidae",1.733246438,1.385062703,4.76112150586468,"omnivore_carnivore","demersal","Cryptobenthic","No","No","Yes",19,37,0.00980621621621622,3.01654054054054,"AT13-4_1",1.08602278587551
"1511","Caribbean","Bocas","Sweet Bocas Trench","AT13-4","AT13-4-3","pre_exp","Gobiidae",1.741682062,1.474445744,4.78576275924912,"omnivore_carnivore","demersal","Cryptobenthic","No","No","Yes",19,37,0.00980621621621622,3.01654054054054,"AT13-4_2",1.10306656827646
"1512","Caribbean","Bocas","Sweet Bocas Trench","AT13-4","AT13-4-3","pre_exp","Gobiidae",1.754056734,1.354703631,4.821923992028,"omnivore_carnivore","demersal","Cryptobenthic","No","No","Yes",19,37,0.00980621621621622,3.01654054054054,"AT13-4_2",1.1284007853219
"1513","Caribbean","Bocas","Sweet Bocas Trench","AT13-4","AT13-4-2","pre_exp","Gobiidae",1.816803776,1.457803929,5.00552938737714,"omnivore_carnivore","demersal","Cryptobenthic","No","No","Yes",19,37,0.00980621621621622,3.01654054054054,"AT13-4_1",1.26305072485414
"1514","Caribbean","Bocas","Sweet Bocas Trench","AT13-4","AT13-4-2","pre_exp","Gobiidae",1.826654928,1.538820853,5.03439184068714,"omnivore_carnivore","demersal","Cryptobenthic","No","No","Yes",19,37,0.00980621621621622,3.01654054054054,"AT13-4_1",1.28514784525569
"1515","Caribbean","Bocas","Sweet Bocas Trench","AT13-4","AT13-4-3","pre_exp","Gobiidae",1.832024652,1.578284594,5.05012850571892,"omnivore_carnivore","demersal","Cryptobenthic","No","No","Yes",19,37,0.00980621621621622,3.01654054054054,"AT13-4_2",1.29730399373842
"1516","Caribbean","Bocas","Sunset Point","AT12-2","AT12-2-3","pre_exp","Gobiidae",1.850353823,1.53483437,5.10386641687711,"omnivore_carnivore","demersal","Cryptobenthic","No","No","Yes",19,37,0.00980621621621622,3.01654054054054,"AT12-2_3",1.33939415412233
"1517","Caribbean","Bocas","Sweet Bocas Trench","AT13-4","AT13-4-2","pre_exp","Gobiidae",1.850845736,1.444141267,5.10530908479804,"omnivore_carnivore","demersal","Cryptobenthic","No","No","Yes",19,37,0.00980621621621622,3.01654054054054,"AT13-4_1",1.34053652838287
"1518","Caribbean","Bocas","Sunset Point","AT12-2","AT12-2-3","pre_exp","Gobiidae",1.904489702,1.474096654,5.26277873517695,"omnivore_carnivore","demersal","Cryptobenthic","No","No","Yes",19,37,0.00980621621621622,3.01654054054054,"AT12-2_3",1.46918364844659
"1519","Caribbean","Bocas","Sweet Bocas Trench","AT13-4","AT13-4-3","pre_exp","Gobiidae",1.954240491,1.628750524,5.40907122712089,"omnivore_carnivore","demersal","Cryptobenthic","No","No","Yes",19,37,0.00980621621621622,3.01654054054054,"AT13-4_2",1.59586375566724
"1520","Caribbean","Bocas","Sweet Bocas Trench","AT13-4","AT13-4-2","pre_exp","Gobiidae",1.974864404,1.695811871,5.46978540027697,"omnivore_carnivore","demersal","Cryptobenthic","No","No","Yes",19,37,0.00980621621621622,3.01654054054054,"AT13-4_1",1.65051226260378
"1521","Caribbean","Bocas","Sweet Bocas Trench","AT13-4","AT13-4-3","pre_exp","Gobiidae",2.00407085,1.556265414,5.55583398395028,"omnivore_carnivore","demersal","Cryptobenthic","No","No","Yes",19,37,0.00980621621621622,3.01654054054054,"AT13-4_2",1.73008643049757
"1522","Caribbean","Bocas","Sweet Bocas Trench","AT13-4","AT13-4-3","pre_exp","Gobiidae",2.012616561,1.624457422,5.58102657114281,"omnivore_carnivore","demersal","Cryptobenthic","No","No","Yes",19,37,0.00980621621621622,3.01654054054054,"AT13-4_2",1.75385946148759
"1523","Caribbean","Bocas","Sweet Bocas Trench","AT13-4","AT13-4-3","pre_exp","Gobiidae",2.115937217,1.713587064,5.88614150433877,"omnivore_carnivore","demersal","Cryptobenthic","No","No","Yes",19,37,0.00980621621621622,3.01654054054054,"AT13-4_2",2.05933488236417
"1524","Caribbean","Bocas","Sweet Bocas Trench","AT13-4","AT13-4-3","pre_exp","Gobiidae",2.378012758,1.733230907,6.66421372524164,"omnivore_carnivore","demersal","Cryptobenthic","No","No","Yes",19,37,0.00980621621621622,3.01654054054054,"AT13-4_2",2.99483891126472
"1525","Caribbean","Bocas","Punta Donato","AT14-2","AT14-2-2","modern","Gobiidae",0.607489825,0.5389617248,1.56169060369341,"omnivore_carnivore","demersal","Cryptobenthic","No","No","Yes",19,37,0.00980621621621622,3.01654054054054,"AT14-2_2",0.0376260494923387
"1526","Caribbean","Bocas","Punta Donato","AT14-2","AT14-2-2","modern","Gobiidae",0.64669726,0.6638111708,1.66907035119804,"omnivore_carnivore","demersal","Cryptobenthic","No","No","Yes",19,37,0.00980621621621622,3.01654054054054,"AT14-2_2",0.0459838408340513
"1527","Caribbean","Bocas","Punta Donato","AT14-2","AT14-2-2","modern","Gobiidae",0.648851015,0.7754351765,1.67498114092185,"omnivore_carnivore","demersal","Cryptobenthic","No","No","Yes",19,37,0.00980621621621622,3.01654054054054,"AT14-2_2",0.0464768273996353
"1528","Caribbean","Bocas","Punta Donato","AT14-2","AT14-2-1","modern","Gobiidae",0.649196822,0.7046639994,1.67593029329489,"omnivore_carnivore","demersal","Cryptobenthic","No","No","Yes",19,37,0.00980621621621622,3.01654054054054,"AT14-2_1",0.0465563187305898
"1529","Caribbean","Bocas","Punta Donato","AT14-2","AT14-2-2","modern","Gobiidae",0.649242366,0.4837612161,1.67605530238883,"omnivore_carnivore","demersal","Cryptobenthic","No","No","Yes",19,37,0.00980621621621622,3.01654054054054,"AT14-2_2",0.0465667949869509
"1530","Caribbean","Bocas","Punta Donato","AT14-2","AT14-2-2","modern","Gobiidae",0.649737337,0.7525487021,1.67741393370502,"omnivore_carnivore","demersal","Cryptobenthic","No","No","Yes",19,37,0.00980621621621622,3.01654054054054,"AT14-2_2",0.0466807553172764
"1531","Caribbean","Bocas","Punta Donato","AT14-2","AT14-2-2","modern","Gobiidae",0.681145316,0.5965879232,1.76375667227787,"omnivore_carnivore","demersal","Cryptobenthic","No","No","Yes",19,37,0.00980621621621622,3.01654054054054,"AT14-2_2",0.0543117382496794
"1532","Caribbean","Bocas","Punta Donato","AT14-2","AT14-2-2","modern","Gobiidae",0.682453717,0.7131480541,1.76735910625638,"omnivore_carnivore","demersal","Cryptobenthic","No","No","Yes",19,37,0.00980621621621622,3.01654054054054,"AT14-2_2",0.0546470542680032
"1533","Caribbean","Bocas","Punta Donato","AT14-2","AT14-2-2","modern","Gobiidae",0.688217376,0.7137303157,1.78323343736975,"omnivore_carnivore","demersal","Cryptobenthic","No","No","Yes",19,37,0.00980621621621622,3.01654054054054,"AT14-2_2",0.0561411340478102
"1534","Caribbean","Bocas","Punta Donato","AT14-2","AT14-2-1","modern","Gobiidae",0.694305124,0.5972566783,1.80000950832711,"omnivore_carnivore","demersal","Cryptobenthic","No","No","Yes",19,37,0.00980621621621622,3.01654054054054,"AT14-2_1",0.0577495022764695
"1535","Caribbean","Bocas","Punta Donato","AT14-2","AT14-2-1","modern","Gobiidae",0.694383826,0.6423245963,1.80022644933905,"omnivore_carnivore","demersal","Cryptobenthic","No","No","Yes",19,37,0.00980621621621622,3.01654054054054,"AT14-2_1",0.0577705002337699
"1536","Caribbean","Bocas","Punta Donato","AT14-2","AT14-2-2","modern","Gobiidae",0.695791644,0.6881980824,1.80410734336965,"omnivore_carnivore","demersal","Cryptobenthic","No","No","Yes",19,37,0.00980621621621622,3.01654054054054,"AT14-2_2",0.0581469990291772
"1537","Caribbean","Bocas","Punta Donato","AT14-2","AT14-2-2","modern","Gobiidae",0.695801597,0.6777707437,1.80413478230606,"omnivore_carnivore","demersal","Cryptobenthic","No","No","Yes",19,37,0.00980621621621622,3.01654054054054,"AT14-2_2",0.0581496667970055
"1538","Caribbean","Bocas","Punta Donato","AT14-2","AT14-2-2","modern","Gobiidae",0.69598116,0.6807557727,1.80462981497633,"omnivore_carnivore","demersal","Cryptobenthic","No","No","Yes",19,37,0.00980621621621622,3.01654054054054,"AT14-2_2",0.058197810714296
"1539","Caribbean","Bocas","Punta Donato","AT14-2","AT14-2-2","modern","Gobiidae",0.698011582,0.8118537593,1.81022799531036,"omnivore_carnivore","demersal","Cryptobenthic","No","No","Yes",19,37,0.00980621621621622,3.01654054054054,"AT14-2_2",0.0587441120339843
"1540","Caribbean","Bocas","Punta Donato","AT14-2","AT14-2-1","modern","Gobiidae",0.698310141,0.6162355251,1.81105125451577,"omnivore_carnivore","demersal","Cryptobenthic","No","No","Yes",19,37,0.00980621621621622,3.01654054054054,"AT14-2_1",0.0588247381902953
"1541","Caribbean","Bocas","Punta Donato","AT14-2","AT14-2-2","modern","Gobiidae",0.699522886,0.5991112224,1.81439555757843,"omnivore_carnivore","demersal","Cryptobenthic","No","No","Yes",19,37,0.00980621621621622,3.01654054054054,"AT14-2_2",0.0591530242279484
"1542","Caribbean","Bocas","Punta Donato","AT14-2","AT14-2-2","modern","Gobiidae",0.700931083,0.646463639,1.81827930513502,"omnivore_carnivore","demersal","Cryptobenthic","No","No","Yes",19,37,0.00980621621621622,3.01654054054054,"AT14-2_2",0.0595357979459005
"1543","Caribbean","Bocas","Punta Donato","AT14-2","AT14-2-1","modern","Gobiidae",0.70693011,0.5216864281,1.83482988431338,"omnivore_carnivore","demersal","Cryptobenthic","No","No","Yes",19,37,0.00980621621621622,3.01654054054054,"AT14-2_1",0.0611855540108142
"1544","Caribbean","Bocas","Punta Donato","AT14-2","AT14-2-1","modern","Gobiidae",0.70783409,0.7249165682,1.83732462612883,"omnivore_carnivore","demersal","Cryptobenthic","No","No","Yes",19,37,0.00980621621621622,3.01654054054054,"AT14-2_1",0.0614368485820169
"1545","Caribbean","Bocas","Punta Donato","AT14-2","AT14-2-2","modern","Gobiidae",0.709988769,0.6540237152,1.84327177302161,"omnivore_carnivore","demersal","Cryptobenthic","No","No","Yes",19,37,0.00980621621621622,3.01654054054054,"AT14-2_2",0.0620386836371878
"1546","Caribbean","Bocas","Punta Donato","AT14-2","AT14-2-2","modern","Gobiidae",0.723699918,0.5594372952,1.88114263321845,"omnivore_carnivore","demersal","Cryptobenthic","No","No","Yes",19,37,0.00980621621621622,3.01654054054054,"AT14-2_2",0.0659638092100245
"1547","Caribbean","Bocas","Punta Donato","AT14-2","AT14-2-2","modern","Gobiidae",0.72385826,0.5920966768,1.88158024825949,"omnivore_carnivore","demersal","Cryptobenthic","No","No","Yes",19,37,0.00980621621621622,3.01654054054054,"AT14-2_2",0.0660101098794564
"1548","Caribbean","Bocas","Punta Donato","AT14-2","AT14-2-1","modern","Gobiidae",0.725826096,0.7097099027,1.887019326629,"omnivore_carnivore","demersal","Cryptobenthic","No","No","Yes",19,37,0.00980621621621622,3.01654054054054,"AT14-2_1",0.0665873910399419
"1549","Caribbean","Bocas","Casa Blanca new","AT14-1","AT14-1-2","modern","Gobiidae",0.726112035,0.581496776,1.88780973672679,"omnivore_carnivore","demersal","Cryptobenthic","No","No","Yes",19,37,0.00980621621621622,3.01654054054054,"AT14-1_2",0.0666715616937402
"1550","Caribbean","Bocas","Punta Donato","AT14-2","AT14-2-2","modern","Gobiidae",0.730790931,0.6381898004,1.90074621856491,"omnivore_carnivore","demersal","Cryptobenthic","No","No","Yes",19,37,0.00980621621621622,3.01654054054054,"AT14-2_2",0.0680592918752013
"1551","Caribbean","Bocas","Punta Donato","AT14-2","AT14-2-2","modern","Gobiidae",0.731078894,0.9227589972,1.90154256674685,"omnivore_carnivore","demersal","Cryptobenthic","No","No","Yes",19,37,0.00980621621621622,3.01654054054054,"AT14-2_2",0.0681453434647467
"1552","Caribbean","Bocas","Punta Donato","AT14-2","AT14-2-1","modern","Gobiidae",0.73348144,0.7540093305,1.90818746755332,"omnivore_carnivore","demersal","Cryptobenthic","No","No","Yes",19,37,0.00980621621621622,3.01654054054054,"AT14-2_1",0.0688662137136931
"1553","Caribbean","Bocas","Punta Donato","AT14-2","AT14-2-2","modern","Gobiidae",0.735147125,0.9026186923,1.9127951851413,"omnivore_carnivore","demersal","Cryptobenthic","No","No","Yes",19,37,0.00980621621621622,3.01654054054054,"AT14-2_2",0.0693690621822294
"1554","Caribbean","Bocas","Casa Blanca new","AT14-1","AT14-1-2","modern","Gobiidae",0.736985637,0.6876987206,1.91788175362467,"omnivore_carnivore","demersal","Cryptobenthic","No","No","Yes",19,37,0.00980621621621622,3.01654054054054,"AT14-1_2",0.069927012263801
"1555","Caribbean","Bocas","Casa Blanca new","AT14-1","AT14-1-2","modern","Gobiidae",0.739903526,0.6242398004,1.92595625613058,"omnivore_carnivore","demersal","Cryptobenthic","No","No","Yes",19,37,0.00980621621621622,3.01654054054054,"AT14-1_2",0.0708188592595889
"1556","Caribbean","Bocas","Punta Donato","AT14-2","AT14-2-2","modern","Gobiidae",0.745022137,0.5982576828,1.94012554762603,"omnivore_carnivore","demersal","Cryptobenthic","No","No","Yes",19,37,0.00980621621621622,3.01654054054054,"AT14-2_2",0.0724022110867935
"1557","Caribbean","Bocas","Cayo Adriana","AT14-3","AT14-3-4","modern","Gobiidae",0.74664661,0.6340014359,1.94462368776481,"omnivore_carnivore","demersal","Cryptobenthic","No","No","Yes",19,37,0.00980621621621622,3.01654054054054,"AT14-3_3",0.0729097612639625
"1558","Caribbean","Bocas","STRI Point","AT12-1","AT12-1-2-2","modern","Gobiidae",0.747731502,0.6941087292,1.94762808138438,"omnivore_carnivore","demersal","Cryptobenthic","No","No","Yes",19,37,0.00980621621621622,3.01654054054054,"AT12-1_3",0.0732500851660031
"1559","Caribbean","Bocas","Punta Donato","AT14-2","AT14-2-2","modern","Gobiidae",0.747920194,0.6637083001,1.94815065467643,"omnivore_carnivore","demersal","Cryptobenthic","No","No","Yes",19,37,0.00980621621621622,3.01654054054054,"AT14-2_2",0.0733093880709371
"1560","Caribbean","Bocas","Cayo Adriana","AT14-3","AT14-3-4","modern","Gobiidae",0.749232407,0.5944638571,1.95178499506775,"omnivore_carnivore","demersal","Cryptobenthic","No","No","Yes",19,37,0.00980621621621622,3.01654054054054,"AT14-3_3",0.0737227100138947
"1561","Caribbean","Bocas","Punta Donato","AT14-2","AT14-2-2","modern","Gobiidae",0.750529589,0.6642634567,1.95537810084714,"omnivore_carnivore","demersal","Cryptobenthic","No","No","Yes",19,37,0.00980621621621622,3.01654054054054,"AT14-2_2",0.074132871010383
"1562","Caribbean","Bocas","Punta Donato","AT14-2","AT14-2-2","modern","Gobiidae",0.750562421,0.8318982274,1.95546904834925,"omnivore_carnivore","demersal","Cryptobenthic","No","No","Yes",19,37,0.00980621621621622,3.01654054054054,"AT14-2_2",0.0741432726159526
"1563","Caribbean","Bocas","Punta Donato","AT14-2","AT14-2-2","modern","Gobiidae",0.753492245,0.6050565907,1.96358592792022,"omnivore_carnivore","demersal","Cryptobenthic","No","No","Yes",19,37,0.00980621621621622,3.01654054054054,"AT14-2_2",0.0750755291407665
"1564","Caribbean","Bocas","Punta Donato","AT14-2","AT14-2-2","modern","Gobiidae",0.75419965,0.6298708958,1.96554604514211,"omnivore_carnivore","demersal","Cryptobenthic","No","No","Yes",19,37,0.00980621621621622,3.01654054054054,"AT14-2_2",0.0753018250702727
"1565","Caribbean","Bocas","STRI Point","AT12-1","AT12-1-2-2","modern","Gobiidae",0.754374853,0.5149550911,1.96603152535191,"omnivore_carnivore","demersal","Cryptobenthic","No","No","Yes",19,37,0.00980621621621622,3.01654054054054,"AT12-1_3",0.0753579442259966
"1566","Caribbean","Bocas","Punta Donato","AT14-2","AT14-2-1","modern","Gobiidae",0.755911833,0.8264114489,1.97029073832678,"omnivore_carnivore","demersal","Cryptobenthic","No","No","Yes",19,37,0.00980621621621622,3.01654054054054,"AT14-2_1",0.0758514876679556
"1567","Caribbean","Bocas","Punta Donato","AT14-2","AT14-2-2","modern","Gobiidae",0.756231718,0.7977658467,1.97117725879111,"omnivore_carnivore","demersal","Cryptobenthic","No","No","Yes",19,37,0.00980621621621622,3.01654054054054,"AT14-2_2",0.0759544856529222
"1568","Caribbean","Bocas","Punta Donato","AT14-2","AT14-2-2","modern","Gobiidae",0.757629054,0.740056134,1.97505007515211,"omnivore_carnivore","demersal","Cryptobenthic","No","No","Yes",19,37,0.00980621621621622,3.01654054054054,"AT14-2_2",0.0764055347972192
"1569","Caribbean","Bocas","Cayo Adriana","AT14-3","AT14-3-6","modern","Gobiidae",0.760182091,0.6451850533,1.98212716530473,"omnivore_carnivore","demersal","Cryptobenthic","No","No","Yes",19,37,0.00980621621621622,3.01654054054054,"AT14-3_5",0.0772343901141895
"1570","Caribbean","Bocas","STRI Point","AT12-1","AT12-1-4-1","modern","Gobiidae",0.760991477,0.6227633778,1.98437112003171,"omnivore_carnivore","demersal","Cryptobenthic","No","No","Yes",19,37,0.00980621621621622,3.01654054054054,"AT12-1_5",0.0774984473668515
"1571","Caribbean","Bocas","Punta Donato","AT14-2","AT14-2-2","modern","Gobiidae",0.761526792,0.8402456067,1.98585531885361,"omnivore_carnivore","demersal","Cryptobenthic","No","No","Yes",19,37,0.00980621621621622,3.01654054054054,"AT14-2_2",0.0776734315630112
"1572","Caribbean","Bocas","Punta Donato","AT14-2","AT14-2-2","modern","Gobiidae",0.761592471,0.8022203295,1.98603742308642,"omnivore_carnivore","demersal","Cryptobenthic","No","No","Yes",19,37,0.00980621621621622,3.01654054054054,"AT14-2_2",0.0776949194765972
"1573","Caribbean","Bocas","STRI Point","AT12-1","AT12-1-4-1","modern","Gobiidae",0.764349797,0.660589603,1.99368339089457,"omnivore_carnivore","demersal","Cryptobenthic","No","No","Yes",19,37,0.00980621621621622,3.01654054054054,"AT12-1_5",0.0786007178845138
"1574","Caribbean","Bocas","Punta Donato","AT14-2","AT14-2-2","modern","Gobiidae",0.781745531,0.5286745958,2.04196112861324,"omnivore_carnivore","demersal","Cryptobenthic","No","No","Yes",19,37,0.00980621621621622,3.01654054054054,"AT14-2_2",0.0844835644452377
"1575","Caribbean","Bocas","Punta Donato","AT14-2","AT14-2-2","modern","Gobiidae",0.789483224,0.7926951058,2.06345719237223,"omnivore_carnivore","demersal","Cryptobenthic","No","No","Yes",19,37,0.00980621621621622,3.01654054054054,"AT14-2_2",0.0871949704012771
"1576","Caribbean","Bocas","Punta Donato","AT14-2","AT14-2-2","modern","Gobiidae",0.789583403,0.7003468601,2.06373558703155,"omnivore_carnivore","demersal","Cryptobenthic","No","No","Yes",19,37,0.00980621621621622,3.01654054054054,"AT14-2_2",0.0872304619633139
"1577","Caribbean","Bocas","Punta Donato","AT14-2","AT14-2-1","modern","Gobiidae",0.791568846,0.8438178591,2.06925353846267,"omnivore_carnivore","demersal","Cryptobenthic","No","No","Yes",19,37,0.00980621621621622,3.01654054054054,"AT14-2_1",0.0879359204267541
"1578","Caribbean","Bocas","Punta Donato","AT14-2","AT14-2-2","modern","Gobiidae",0.793637729,0.5852985859,2.07500431789332,"omnivore_carnivore","demersal","Cryptobenthic","No","No","Yes",19,37,0.00980621621621622,3.01654054054054,"AT14-2_2",0.088675193485475
"1579","Caribbean","Bocas","Punta Donato","AT14-2","AT14-2-1","modern","Gobiidae",0.794171439,0.8170297867,2.07648800109259,"omnivore_carnivore","demersal","Cryptobenthic","No","No","Yes",19,37,0.00980621621621622,3.01654054054054,"AT14-2_1",0.0888665955194188
"1580","Caribbean","Bocas","Casa Blanca new","AT14-1","AT14-1-2","modern","Gobiidae",0.79536403,0.6623648894,2.07980356350016,"omnivore_carnivore","demersal","Cryptobenthic","No","No","Yes",19,37,0.00980621621621622,3.01654054054054,"AT14-1_2",0.0892953162514294
"1581","Caribbean","Bocas","STRI Point","AT12-1","AT12-1-4-1","modern","Gobiidae",0.795709999,0.7323922138,2.080765462421,"omnivore_carnivore","demersal","Cryptobenthic","No","No","Yes",19,37,0.00980621621621622,3.01654054054054,"AT12-1_5",0.0894199533901307
"1582","Caribbean","Bocas","Punta Donato","AT14-2","AT14-2-2","modern","Gobiidae",0.798999792,0.7676790387,2.08991340626831,"omnivore_carnivore","demersal","Cryptobenthic","No","No","Yes",19,37,0.00980621621621622,3.01654054054054,"AT14-2_2",0.0906111068127921
"1583","Caribbean","Bocas","Punta Donato","AT14-2","AT14-2-2","modern","Gobiidae",0.803659405,0.8871295073,2.10287448977703,"omnivore_carnivore","demersal","Cryptobenthic","No","No","Yes",19,37,0.00980621621621622,3.01654054054054,"AT14-2_2",0.0923168611641708
"1584","Caribbean","Bocas","Punta Donato","AT14-2","AT14-2-2","modern","Gobiidae",0.804129774,0.8613476711,2.10418312304091,"omnivore_carnivore","demersal","Cryptobenthic","No","No","Yes",19,37,0.00980621621621622,3.01654054054054,"AT14-2_2",0.0924902684219539
"1585","Caribbean","Bocas","STRI Point","AT12-1","AT12-1-4-1","modern","Gobiidae",0.804775172,0.6764466399,2.10597879057659,"omnivore_carnivore","demersal","Cryptobenthic","No","No","Yes",19,37,0.00980621621621622,3.01654054054054,"AT12-1_5",0.0927285668814564
"1586","Caribbean","Bocas","Punta Donato","AT14-2","AT14-2-2","modern","Gobiidae",0.805336226,0.6996570355,2.10753986484355,"omnivore_carnivore","demersal","Cryptobenthic","No","No","Yes",19,37,0.00980621621621622,3.01654054054054,"AT14-2_2",0.0929360662755662
"1587","Caribbean","Bocas","Punta Donato","AT14-2","AT14-2-2","modern","Gobiidae",0.810844256,0.7212246654,2.12286902896046,"omnivore_carnivore","demersal","Cryptobenthic","No","No","Yes",19,37,0.00980621621621622,3.01654054054054,"AT14-2_2",0.0949901458244168
"1588","Caribbean","Bocas","Punta Donato","AT14-2","AT14-2-2","modern","Gobiidae",0.81235142,0.7494211546,2.12706470245514,"omnivore_carnivore","demersal","Cryptobenthic","No","No","Yes",19,37,0.00980621621621622,3.01654054054054,"AT14-2_2",0.0955576007456349
"1589","Caribbean","Bocas","Punta Donato","AT14-2","AT14-2-2","modern","Gobiidae",0.813800979,0.6332545813,2.13110047841773,"omnivore_carnivore","demersal","Cryptobenthic","No","No","Yes",19,37,0.00980621621621622,3.01654054054054,"AT14-2_2",0.0961055638439656
"1590","Caribbean","Bocas","Punta Donato","AT14-2","AT14-2-2","modern","Gobiidae",0.815845733,0.869824585,2.13679413365442,"omnivore_carnivore","demersal","Cryptobenthic","No","No","Yes",19,37,0.00980621621621622,3.01654054054054,"AT14-2_2",0.0968821941247709
"1591","Caribbean","Bocas","STRI Point","AT12-1","AT12-1-3-1","modern","Gobiidae",0.818051848,0.6691328914,2.14293811360476,"omnivore_carnivore","demersal","Cryptobenthic","No","No","Yes",19,37,0.00980621621621622,3.01654054054054,"AT12-1_4",0.0977249440187874
"1592","Caribbean","Bocas","STRI Point","AT12-1","AT12-1-4-1","modern","Gobiidae",0.81818087,0.696991598,2.14329746939072,"omnivore_carnivore","demersal","Cryptobenthic","No","No","Yes",19,37,0.00980621621621622,3.01654054054054,"AT12-1_5",0.0977743868165578
"1593","Caribbean","Bocas","STRI Point","AT12-1","AT12-1-4-1","modern","Gobiidae",0.821451457,0.6852070185,2.1524079977147,"omnivore_carnivore","demersal","Cryptobenthic","No","No","Yes",19,37,0.00980621621621622,3.01654054054054,"AT12-1_5",0.0990334728217906
"1594","Caribbean","Bocas","Casa Blanca new","AT14-1","AT14-1-2","modern","Gobiidae",0.822313745,0.7253404765,2.15481036470516,"omnivore_carnivore","demersal","Cryptobenthic","No","No","Yes",19,37,0.00980621621621622,3.01654054054054,"AT14-1_2",0.0993672791592119
"1595","Caribbean","Bocas","Punta Donato","AT14-2","AT14-2-2","modern","Gobiidae",0.822313762,0.8227073127,2.15481041206938,"omnivore_carnivore","demersal","Cryptobenthic","No","No","Yes",19,37,0.00980621621621622,3.01654054054054,"AT14-2_2",0.0993672857478227
"1596","Caribbean","Bocas","Punta Donato","AT14-2","AT14-2-2","modern","Gobiidae",0.822479673,0.7775469673,2.15527266467252,"omnivore_carnivore","demersal","Cryptobenthic","No","No","Yes",19,37,0.00980621621621622,3.01654054054054,"AT14-2_2",0.0994316014219589
"1597","Caribbean","Bocas","STRI Point","AT12-1","AT12-1-4-1","modern","Gobiidae",0.822903724,0.6661708693,2.15645416031687,"omnivore_carnivore","demersal","Cryptobenthic","No","No","Yes",19,37,0.00980621621621622,3.01654054054054,"AT12-1_5",0.0995961156738963
"1598","Caribbean","Bocas","STRI Point","AT12-1","AT12-1-1-1","modern","Gobiidae",0.822943901,0.5396268436,2.15656610392116,"omnivore_carnivore","demersal","Cryptobenthic","No","No","Yes",19,37,0.00980621621621622,3.01654054054054,"AT12-1_1",0.099611712396689
"1599","Caribbean","Bocas","Punta Donato","AT14-2","AT14-2-2","modern","Gobiidae",0.823493194,0.9282883824,2.1580966121867,"omnivore_carnivore","demersal","Cryptobenthic","No","No","Yes",19,37,0.00980621621621622,3.01654054054054,"AT14-2_2",0.0998251167167735
"1600","Caribbean","Bocas","STRI Point","AT12-1","AT12-1-2-2","modern","Gobiidae",0.826751231,0.7013600328,2.16717588456774,"omnivore_carnivore","demersal","Cryptobenthic","No","No","Yes",19,37,0.00980621621621622,3.01654054054054,"AT12-1_3",0.101097359786905
"1601","Caribbean","Bocas","Casa Blanca new","AT14-1","AT14-1-8","modern","Gobiidae",0.828364314,0.7457318692,2.17167195085573,"omnivore_carnivore","demersal","Cryptobenthic","No","No","Yes",19,37,0.00980621621621622,3.01654054054054,"AT14-1_6",0.101731369136614
"1602","Caribbean","Bocas","Punta Donato","AT14-2","AT14-2-2","modern","Gobiidae",0.832356688,0.6902224988,2.18280207589524,"omnivore_carnivore","demersal","Cryptobenthic","No","No","Yes",19,37,0.00980621621621622,3.01654054054054,"AT14-2_2",0.103312297548351
"1603","Caribbean","Bocas","STRI Point","AT12-1","AT12-1-4-1","modern","Gobiidae",0.832517867,0.7443546461,2.18325148918183,"omnivore_carnivore","demersal","Cryptobenthic","No","No","Yes",19,37,0.00980621621621622,3.01654054054054,"AT12-1_5",0.103376475062116
"1604","Caribbean","Bocas","Punta Donato","AT14-2","AT14-2-2","modern","Gobiidae",0.832671183,0.7416778748,2.18367898327497,"omnivore_carnivore","demersal","Cryptobenthic","No","No","Yes",19,37,0.00980621621621622,3.01654054054054,"AT14-2_2",0.103437547179467
"1605","Caribbean","Bocas","Punta Donato","AT14-2","AT14-2-2","modern","Gobiidae",0.83617576,0.7290187566,2.19345222156473,"omnivore_carnivore","demersal","Cryptobenthic","No","No","Yes",19,37,0.00980621621621622,3.01654054054054,"AT14-2_2",0.104840346090438
"1606","Caribbean","Bocas","Punta Donato","AT14-2","AT14-2-2","modern","Gobiidae",0.838067033,0.6280903944,2.19872750465882,"omnivore_carnivore","demersal","Cryptobenthic","No","No","Yes",19,37,0.00980621621621622,3.01654054054054,"AT14-2_2",0.105602790014469
"1607","Caribbean","Bocas","Punta Donato","AT14-2","AT14-2-1","modern","Gobiidae",0.839694056,0.58099026,2.20326632396326,"omnivore_carnivore","demersal","Cryptobenthic","No","No","Yes",19,37,0.00980621621621622,3.01654054054054,"AT14-2_1",0.106261750935786
"1608","Caribbean","Bocas","Punta Donato","AT14-2","AT14-2-1","modern","Gobiidae",0.842792363,0.7439587622,2.21191104292573,"omnivore_carnivore","demersal","Cryptobenthic","No","No","Yes",19,37,0.00980621621621622,3.01654054054054,"AT14-2_1",0.107524412583746
"1609","Caribbean","Bocas","Cayo Adriana","AT14-3","AT14-3-4","modern","Gobiidae",0.8433938,0.6946633632,2.2135893712024,"omnivore_carnivore","demersal","Cryptobenthic","No","No","Yes",19,37,0.00980621621621622,3.01654054054054,"AT14-3_3",0.107770708784348
"1610","Caribbean","Bocas","Punta Donato","AT14-2","AT14-2-1","modern","Gobiidae",0.844076154,0.563578855,2.21549359247565,"omnivore_carnivore","demersal","Cryptobenthic","No","No","Yes",19,37,0.00980621621621622,3.01654054054054,"AT14-2_1",0.108050611357896
"1611","Caribbean","Bocas","STRI Point","AT12-1","AT12-1-3-1","modern","Gobiidae",0.84661207,0.7343152523,2.22257133651479,"omnivore_carnivore","demersal","Cryptobenthic","No","No","Yes",19,37,0.00980621621621622,3.01654054054054,"AT12-1_4",0.109095232730597
"1612","Caribbean","Bocas","Cayo Adriana","AT14-3","AT14-3-6","modern","Gobiidae",0.847114707,0.7329083483,2.22397435620574,"omnivore_carnivore","demersal","Cryptobenthic","No","No","Yes",19,37,0.00980621621621622,3.01654054054054,"AT14-3_5",0.109303106354679
"1613","Caribbean","Bocas","Punta Donato","AT14-2","AT14-2-2","modern","Gobiidae",0.847468919,0.6163444273,2.22496310614999,"omnivore_carnivore","demersal","Cryptobenthic","No","No","Yes",19,37,0.00980621621621622,3.01654054054054,"AT14-2_2",0.109449760057188
"1614","Caribbean","Bocas","Punta Donato","AT14-2","AT14-2-1","modern","Gobiidae",0.849452336,0.6438482927,2.23050011332396,"omnivore_carnivore","demersal","Cryptobenthic","No","No","Yes",19,37,0.00980621621621622,3.01654054054054,"AT14-2_1",0.110273453333041
"1615","Caribbean","Bocas","STRI Point","AT12-1","AT12-1-4-1","modern","Gobiidae",0.849958974,0.7399536866,2.23191460074935,"omnivore_carnivore","demersal","Cryptobenthic","No","No","Yes",19,37,0.00980621621621622,3.01654054054054,"AT12-1_5",0.11048453700596
"1616","Caribbean","Bocas","STRI Point","AT12-1","AT12-1-3-1","modern","Gobiidae",0.850750617,0.6768786958,2.23412490306454,"omnivore_carnivore","demersal","Cryptobenthic","No","No","Yes",19,37,0.00980621621621622,3.01654054054054,"AT12-1_4",0.110814920503777
"1617","Caribbean","Bocas","STRI Point","AT12-1","AT12-1-1-1","modern","Gobiidae",0.850877864,0.740371899,2.23448019446023,"omnivore_carnivore","demersal","Cryptobenthic","No","No","Yes",19,37,0.00980621621621622,3.01654054054054,"AT12-1_1",0.110868088988221
"1618","Caribbean","Bocas","Punta Donato","AT14-2","AT14-2-1","modern","Gobiidae",0.853316063,0.718920032,2.24128863504112,"omnivore_carnivore","demersal","Cryptobenthic","No","No","Yes",19,37,0.00980621621621622,3.01654054054054,"AT14-2_1",0.111890252640107
"1619","Caribbean","Bocas","Punta Donato","AT14-2","AT14-2-2","modern","Gobiidae",0.855998867,0.7505092044,2.24878153351419,"omnivore_carnivore","demersal","Cryptobenthic","No","No","Yes",19,37,0.00980621621621622,3.01654054054054,"AT14-2_2",0.113022435504259
"1620","Caribbean","Bocas","Punta Donato","AT14-2","AT14-2-2","modern","Gobiidae",0.858940362,0.6165570179,2.25699864599127,"omnivore_carnivore","demersal","Cryptobenthic","No","No","Yes",19,37,0.00980621621621622,3.01654054054054,"AT14-2_2",0.114272823730898
"1621","Caribbean","Bocas","Punta Donato","AT14-2","AT14-2-2","modern","Gobiidae",0.861573694,0.6906409633,2.26435641022898,"omnivore_carnivore","demersal","Cryptobenthic","No","No","Yes",19,37,0.00980621621621622,3.01654054054054,"AT14-2_2",0.115400263693711
"1622","Caribbean","Bocas","STRI Point","AT12-1","AT12-1-3-1","modern","Gobiidae",0.86196132,0.733038647,2.26543959199248,"omnivore_carnivore","demersal","Cryptobenthic","No","No","Yes",19,37,0.00980621621621622,3.01654054054054,"AT12-1_4",0.115566866369663
"1623","Caribbean","Bocas","Punta Donato","AT14-2","AT14-2-2","modern","Gobiidae",0.862321797,0.617746707,2.26644693625677,"omnivore_carnivore","demersal","Cryptobenthic","No","No","Yes",19,37,0.00980621621621622,3.01654054054054,"AT14-2_2",0.115721948811493
"1624","Caribbean","Bocas","Casa Blanca new","AT14-1","AT14-1-2","modern","Gobiidae",0.863128582,0.7000305016,2.26870157391905,"omnivore_carnivore","demersal","Cryptobenthic","No","No","Yes",19,37,0.00980621621621622,3.01654054054054,"AT14-1_2",0.116069558313861
"1625","Caribbean","Bocas","Punta Donato","AT14-2","AT14-2-1","modern","Gobiidae",0.863633597,1.017736828,2.27011295435158,"omnivore_carnivore","demersal","Cryptobenthic","No","No","Yes",19,37,0.00980621621621622,3.01654054054054,"AT14-2_1",0.116287513196702
"1626","Caribbean","Bocas","Punta Donato","AT14-2","AT14-2-2","modern","Gobiidae",0.864537414,0.7364552826,2.27263900885507,"omnivore_carnivore","demersal","Cryptobenthic","No","No","Yes",19,37,0.00980621621621622,3.01654054054054,"AT14-2_2",0.116678286301182
"1627","Caribbean","Bocas","Punta Donato","AT14-2","AT14-2-2","modern","Gobiidae",0.86473335,0.8068775871,2.27318664729071,"omnivore_carnivore","demersal","Cryptobenthic","No","No","Yes",19,37,0.00980621621621622,3.01654054054054,"AT14-2_2",0.116763119957588
"1628","Caribbean","Bocas","STRI Point","AT12-1","AT12-1-4-1","modern","Gobiidae",0.864970578,0.7078806359,2.27384970680213,"omnivore_carnivore","demersal","Cryptobenthic","No","No","Yes",19,37,0.00980621621621622,3.01654054054054,"AT12-1_5",0.116865888451035
"1629","Caribbean","Bocas","STRI Point","AT12-1","AT12-1-4-1","modern","Gobiidae",0.866783712,0.7401633678,2.27891785136757,"omnivore_carnivore","demersal","Cryptobenthic","No","No","Yes",19,37,0.00980621621621622,3.01654054054054,"AT12-1_5",0.117653405214642
"1630","Caribbean","Bocas","Punta Donato","AT14-2","AT14-2-2","modern","Gobiidae",0.867658326,0.6887051914,2.28136284713662,"omnivore_carnivore","demersal","Cryptobenthic","No","No","Yes",19,37,0.00980621621621622,3.01654054054054,"AT14-2_2",0.118034587600053
"1631","Caribbean","Bocas","Punta Donato","AT14-2","AT14-2-2","modern","Gobiidae",0.869210113,0.9106622679,2.28570127306537,"omnivore_carnivore","demersal","Cryptobenthic","No","No","Yes",19,37,0.00980621621621622,3.01654054054054,"AT14-2_2",0.118712992122168
"1632","Caribbean","Bocas","Punta Donato","AT14-2","AT14-2-1","modern","Gobiidae",0.869368144,0.8606712443,2.28614311750263,"omnivore_carnivore","demersal","Cryptobenthic","No","No","Yes",19,37,0.00980621621621622,3.01654054054054,"AT14-2_1",0.118782229718667
"1633","Caribbean","Bocas","Punta Donato","AT14-2","AT14-2-2","modern","Gobiidae",0.870354838,0.6255983502,2.28890196481957,"omnivore_carnivore","demersal","Cryptobenthic","No","No","Yes",19,37,0.00980621621621622,3.01654054054054,"AT14-2_2",0.119215155264553
"1634","Caribbean","Bocas","Punta Donato","AT14-2","AT14-2-1","modern","Gobiidae",0.872392411,0.6560501965,2.29459974973328,"omnivore_carnivore","demersal","Cryptobenthic","No","No","Yes",19,37,0.00980621621621622,3.01654054054054,"AT14-2_1",0.120112602821879
"1635","Caribbean","Bocas","Punta Donato","AT14-2","AT14-2-1","modern","Gobiidae",0.872637257,0.6832840659,2.29528448364547,"omnivore_carnivore","demersal","Cryptobenthic","No","No","Yes",19,37,0.00980621621621622,3.01654054054054,"AT14-2_1",0.120220757000544
"1636","Caribbean","Bocas","STRI Point","AT12-1","AT12-1-4-1","modern","Gobiidae",0.87322542,0.7899332752,2.29692938413858,"omnivore_carnivore","demersal","Cryptobenthic","No","No","Yes",19,37,0.00980621621621622,3.01654054054054,"AT12-1_5",0.120480836131743
"1637","Caribbean","Bocas","Casa Blanca new","AT14-1","AT14-1-2","modern","Gobiidae",0.874147638,0.7132795693,2.29950866878484,"omnivore_carnivore","demersal","Cryptobenthic","No","No","Yes",19,37,0.00980621621621622,3.01654054054054,"AT14-1_2",0.120889409816747
"1638","Caribbean","Bocas","Punta Donato","AT14-2","AT14-2-2","modern","Gobiidae",0.874942934,0.7084196763,2.30173311268539,"omnivore_carnivore","demersal","Cryptobenthic","No","No","Yes",19,37,0.00980621621621622,3.01654054054054,"AT14-2_2",0.12124251765191
"1639","Caribbean","Bocas","STRI Point","AT12-1","AT12-1-4-1","modern","Gobiidae",0.876215569,0.6982533318,2.30529294033051,"omnivore_carnivore","demersal","Cryptobenthic","No","No","Yes",19,37,0.00980621621621622,3.01654054054054,"AT12-1_5",0.121809037557107
"1640","Caribbean","Bocas","STRI Point","AT12-1","AT12-1-4-1","modern","Gobiidae",0.876732711,0.7395829381,2.30673958867899,"omnivore_carnivore","demersal","Cryptobenthic","No","No","Yes",19,37,0.00980621621621622,3.01654054054054,"AT12-1_5",0.122039765552623
"1641","Caribbean","Bocas","Punta Donato","AT14-2","AT14-2-2","modern","Gobiidae",0.876931159,0.701014875,2.30729473964563,"omnivore_carnivore","demersal","Cryptobenthic","No","No","Yes",19,37,0.00980621621621622,3.01654054054054,"AT14-2_2",0.122128384878457
"1642","Caribbean","Bocas","Punta Donato","AT14-2","AT14-2-1","modern","Gobiidae",0.877183321,0.762119481,2.30800016500849,"omnivore_carnivore","demersal","Cryptobenthic","No","No","Yes",19,37,0.00980621621621622,3.01654054054054,"AT14-2_1",0.122241054710157
"1643","Caribbean","Bocas","Punta Donato","AT14-2","AT14-2-2","modern","Gobiidae",0.879538523,0.6682258258,2.31458948162016,"omnivore_carnivore","demersal","Cryptobenthic","No","No","Yes",19,37,0.00980621621621622,3.01654054054054,"AT14-2_2",0.123296851568673
"1644","Caribbean","Bocas","Punta Donato","AT14-2","AT14-2-1","modern","Gobiidae",0.879564035,0.8840003941,2.31466086447637,"omnivore_carnivore","demersal","Cryptobenthic","No","No","Yes",19,37,0.00980621621621622,3.01654054054054,"AT14-2_1",0.123308322392341
"1645","Caribbean","Bocas","STRI Point","AT12-1","AT12-1-4-1","modern","Gobiidae",0.881535079,0.7627764889,2.32017626278477,"omnivore_carnivore","demersal","Cryptobenthic","No","No","Yes",19,37,0.00980621621621622,3.01654054054054,"AT12-1_5",0.124196774572279
"1646","Caribbean","Bocas","STRI Point","AT12-1","AT12-1-4-1","modern","Gobiidae",0.882007481,0.750451904,2.3214982594898,"omnivore_carnivore","demersal","Cryptobenthic","No","No","Yes",19,37,0.00980621621621622,3.01654054054054,"AT12-1_5",0.124410363312174
"1647","Caribbean","Bocas","Punta Donato","AT14-2","AT14-2-2","modern","Gobiidae",0.882540165,0.6577886887,2.32298900649249,"omnivore_carnivore","demersal","Cryptobenthic","No","No","Yes",19,37,0.00980621621621622,3.01654054054054,"AT14-2_2",0.124651510646383
"1648","Caribbean","Bocas","STRI Point","AT12-1","AT12-1-4-1","modern","Gobiidae",0.882831933,0.7220343068,2.32380556024686,"omnivore_carnivore","demersal","Cryptobenthic","No","No","Yes",19,37,0.00980621621621622,3.01654054054054,"AT12-1_5",0.124783730980503
"1649","Caribbean","Bocas","Punta Donato","AT14-2","AT14-2-2","modern","Gobiidae",0.887522975,0.7333084912,2.33693643985751,"omnivore_carnivore","demersal","Cryptobenthic","No","No","Yes",19,37,0.00980621621621622,3.01654054054054,"AT14-2_2",0.126922841245897
"1650","Caribbean","Bocas","STRI Point","AT12-1","AT12-1-4-1","modern","Gobiidae",0.887737624,0.7089883088,2.33753737747934,"omnivore_carnivore","demersal","Cryptobenthic","No","No","Yes",19,37,0.00980621621621622,3.01654054054054,"AT12-1_5",0.1270213203393
"1651","Caribbean","Bocas","Punta Donato","AT14-2","AT14-2-1","modern","Gobiidae",0.889002327,0.7856072164,2.34107826349885,"omnivore_carnivore","demersal","Cryptobenthic","No","No","Yes",19,37,0.00980621621621622,3.01654054054054,"AT14-2_1",0.127602623003303
"1652","Caribbean","Bocas","Cayo Adriana","AT14-3","AT14-3-6","modern","Gobiidae",0.891548059,0.7275395538,2.3482067102333,"omnivore_carnivore","demersal","Cryptobenthic","No","No","Yes",19,37,0.00980621621621622,3.01654054054054,"AT14-3_5",0.128778279400231
"1653","Caribbean","Bocas","STRI Point","AT12-1","AT12-1-3-1","modern","Gobiidae",0.891813476,0.7351090945,2.34894999339926,"omnivore_carnivore","demersal","Cryptobenthic","No","No","Yes",19,37,0.00980621621621622,3.01654054054054,"AT12-1_4",0.128901280318751
"1654","Caribbean","Bocas","Cayo Adriana","AT14-3","AT14-3-6","modern","Gobiidae",0.891859068,0.6947480704,2.34907767225855,"omnivore_carnivore","demersal","Cryptobenthic","No","No","Yes",19,37,0.00980621621621622,3.01654054054054,"AT14-3_5",0.128922416933004
"1655","Caribbean","Bocas","Punta Donato","AT14-2","AT14-2-1","modern","Gobiidae",0.89464385,0.715048738,2.35687714218047,"omnivore_carnivore","demersal","Cryptobenthic","No","No","Yes",19,37,0.00980621621621622,3.01654054054054,"AT14-2_1",0.130217979523452
"1656","Caribbean","Bocas","Punta Donato","AT14-2","AT14-2-2","modern","Gobiidae",0.895196503,0.9978915796,2.35842516615969,"omnivore_carnivore","demersal","Cryptobenthic","No","No","Yes",19,37,0.00980621621621622,3.01654054054054,"AT14-2_2",0.130476151105193
"1657","Caribbean","Bocas","Casa Blanca new","AT14-1","AT14-1-2","modern","Gobiidae",0.896059096,0.751086918,2.36084147691884,"omnivore_carnivore","demersal","Cryptobenthic","No","No","Yes",19,37,0.00980621621621622,3.01654054054054,"AT14-1_2",0.130879814667424
"1658","Caribbean","Bocas","Punta Donato","AT14-2","AT14-2-2","modern","Gobiidae",0.896783631,0.5816281801,2.36287117084015,"omnivore_carnivore","demersal","Cryptobenthic","No","No","Yes",19,37,0.00980621621621622,3.01654054054054,"AT14-2_2",0.131219535339085
"1659","Caribbean","Bocas","Casa Blanca new","AT14-1","AT14-1-2","modern","Gobiidae",0.896939849,0.7424088156,2.36330880956478,"omnivore_carnivore","demersal","Cryptobenthic","No","No","Yes",19,37,0.00980621621621622,3.01654054054054,"AT14-1_2",0.131292862431169
"1660","Caribbean","Bocas","Punta Donato","AT14-2","AT14-2-2","modern","Gobiidae",0.897845883,0.7534918095,2.36584712402448,"omnivore_carnivore","demersal","Cryptobenthic","No","No","Yes",19,37,0.00980621621621622,3.01654054054054,"AT14-2_2",0.13171870145911
"1661","Caribbean","Bocas","Punta Donato","AT14-2","AT14-2-2","modern","Gobiidae",0.900878299,0.6124743054,2.37434381641785,"omnivore_carnivore","demersal","Cryptobenthic","No","No","Yes",19,37,0.00980621621621622,3.01654054054054,"AT14-2_2",0.13315086137284
"1662","Caribbean","Bocas","STRI Point","AT12-1","AT12-1-4-1","modern","Gobiidae",0.903032833,0.8051613412,2.38038182263339,"omnivore_carnivore","demersal","Cryptobenthic","No","No","Yes",19,37,0.00980621621621622,3.01654054054054,"AT12-1_5",0.134174899628295
"1663","Caribbean","Bocas","Casa Blanca new","AT14-1","AT14-1-8","modern","Gobiidae",0.903049255,0.734171656,2.38042784821541,"omnivore_carnivore","demersal","Cryptobenthic","No","No","Yes",19,37,0.00980621621621622,3.01654054054054,"AT14-1_6",0.134182725659514
"1664","Caribbean","Bocas","Cayo Adriana","AT14-3","AT14-3-4","modern","Gobiidae",0.903539892,0.7979961501,2.38180297026693,"omnivore_carnivore","demersal","Cryptobenthic","No","No","Yes",19,37,0.00980621621621622,3.01654054054054,"AT14-3_3",0.134416687448361
"1665","Caribbean","Bocas","STRI Point","AT12-1","AT12-1-3-1","modern","Gobiidae",0.904127794,0.7839311763,2.38345076184401,"omnivore_carnivore","demersal","Cryptobenthic","No","No","Yes",19,37,0.00980621621621622,3.01654054054054,"AT12-1_4",0.134697399919284
"1666","Caribbean","Bocas","Cayo Adriana","AT14-3","AT14-3-4","modern","Gobiidae",0.904563439,0.7479299894,2.38467184607001,"omnivore_carnivore","demersal","Cryptobenthic","No","No","Yes",19,37,0.00980621621621622,3.01654054054054,"AT14-3_3",0.134905672516733
"1667","Caribbean","Bocas","Cayo Adriana","AT14-3","AT14-3-4","modern","Gobiidae",0.905035337,0.740353033,2.38599458702528,"omnivore_carnivore","demersal","Cryptobenthic","No","No","Yes",19,37,0.00980621621621622,3.01654054054054,"AT14-3_3",0.135131526846333
"1668","Caribbean","Bocas","STRI Point","AT12-1","AT12-1-4-1","modern","Gobiidae",0.905517508,0.7505113788,2.38734616848509,"omnivore_carnivore","demersal","Cryptobenthic","No","No","Yes",19,37,0.00980621621621622,3.01654054054054,"AT12-1_5",0.135362566564285
"1669","Caribbean","Bocas","Punta Donato","AT14-2","AT14-2-2","modern","Gobiidae",0.905916949,1.001538601,2.38846588259064,"omnivore_carnivore","demersal","Cryptobenthic","No","No","Yes",19,37,0.00980621621621622,3.01654054054054,"AT14-2_2",0.135554170691934
"1670","Caribbean","Bocas","STRI Point","AT12-1","AT12-1-4-1","modern","Gobiidae",0.906316213,0.7555856436,2.38958513172948,"omnivore_carnivore","demersal","Cryptobenthic","No","No","Yes",19,37,0.00980621621621622,3.01654054054054,"AT12-1_5",0.135745876361789
"1671","Caribbean","Bocas","Punta Donato","AT14-2","AT14-2-2","modern","Gobiidae",0.907327504,0.8911144043,2.39242020393592,"omnivore_carnivore","demersal","Cryptobenthic","No","No","Yes",19,37,0.00980621621621622,3.01654054054054,"AT14-2_2",0.136232280037137
"1672","Caribbean","Bocas","Cayo Adriana","AT14-3","AT14-3-4","modern","Gobiidae",0.910725147,0.7716136502,2.4019466825015,"omnivore_carnivore","demersal","Cryptobenthic","No","No","Yes",19,37,0.00980621621621622,3.01654054054054,"AT14-3_3",0.137875238617052
"1673","Caribbean","Bocas","Punta Donato","AT14-2","AT14-2-2","modern","Gobiidae",0.911074069,0.7926555321,2.40292513456885,"omnivore_carnivore","demersal","Cryptobenthic","No","No","Yes",19,37,0.00980621621621622,3.01654054054054,"AT14-2_2",0.138044730927623
"1674","Caribbean","Bocas","STRI Point","AT12-1","AT12-1-4-1","modern","Gobiidae",0.911584193,0.7178143957,2.40435567423738,"omnivore_carnivore","demersal","Cryptobenthic","No","No","Yes",19,37,0.00980621621621622,3.01654054054054,"AT12-1_5",0.138292786694586
"1675","Caribbean","Bocas","Punta Donato","AT14-2","AT14-2-1","modern","Gobiidae",0.912554001,0.66197205,2.40707544437074,"omnivore_carnivore","demersal","Cryptobenthic","No","No","Yes",19,37,0.00980621621621622,3.01654054054054,"AT14-2_1",0.138765216641541
"1676","Caribbean","Bocas","Punta Donato","AT14-2","AT14-2-1","modern","Gobiidae",0.912895733,0.7152025208,2.40803385545146,"omnivore_carnivore","demersal","Cryptobenthic","No","No","Yes",19,37,0.00980621621621622,3.01654054054054,"AT14-2_1",0.13893195143935
"1677","Caribbean","Bocas","STRI Point","AT12-1","AT12-1-2-2","modern","Gobiidae",0.914917348,0.4948533701,2.41370407868125,"omnivore_carnivore","demersal","Cryptobenthic","No","No","Yes",19,37,0.00980621621621622,3.01654054054054,"AT12-1_3",0.139921141091575
"1678","Caribbean","Bocas","STRI Point","AT12-1","AT12-1-4-1","modern","Gobiidae",0.916446135,0.7150201558,2.41799254479455,"omnivore_carnivore","demersal","Cryptobenthic","No","No","Yes",19,37,0.00980621621621622,3.01654054054054,"AT12-1_5",0.140672397576476
"1679","Caribbean","Bocas","STRI Point","AT12-1","AT12-1-3-1","modern","Gobiidae",0.916630469,0.8032582394,2.41850965859719,"omnivore_carnivore","demersal","Cryptobenthic","No","No","Yes",19,37,0.00980621621621622,3.01654054054054,"AT12-1_4",0.14076316768856
"1680","Caribbean","Bocas","Punta Donato","AT14-2","AT14-2-2","modern","Gobiidae",0.917807859,0.7757225673,2.42181275628327,"omnivore_carnivore","demersal","Cryptobenthic","No","No","Yes",19,37,0.00980621621621622,3.01654054054054,"AT14-2_2",0.141343891589644
"1681","Caribbean","Bocas","Punta Donato","AT14-2","AT14-2-1","modern","Gobiidae",0.918962705,0.5432132353,2.42505286843553,"omnivore_carnivore","demersal","Cryptobenthic","No","No","Yes",19,37,0.00980621621621622,3.01654054054054,"AT14-2_1",0.141915095805586
"1682","Caribbean","Bocas","Punta Donato","AT14-2","AT14-2-2","modern","Gobiidae",0.92027999,0.6806275043,2.42874904452193,"omnivore_carnivore","demersal","Cryptobenthic","No","No","Yes",19,37,0.00980621621621622,3.01654054054054,"AT14-2_2",0.142568582041672
"1683","Caribbean","Bocas","Punta Donato","AT14-2","AT14-2-1","modern","Gobiidae",0.920730753,0.7113426423,2.43001391936925,"omnivore_carnivore","demersal","Cryptobenthic","No","No","Yes",19,37,0.00980621621621622,3.01654054054054,"AT14-2_1",0.14279267382804
"1684","Caribbean","Bocas","STRI Point","AT12-1","AT12-1-3-1","modern","Gobiidae",0.921241356,0.7831085902,2.43144675705432,"omnivore_carnivore","demersal","Cryptobenthic","No","No","Yes",19,37,0.00980621621621622,3.01654054054054,"AT12-1_4",0.14304680708197
"1685","Caribbean","Bocas","Punta Donato","AT14-2","AT14-2-2","modern","Gobiidae",0.921351231,0.6880146785,2.43175509130579,"omnivore_carnivore","demersal","Cryptobenthic","No","No","Yes",19,37,0.00980621621621622,3.01654054054054,"AT14-2_2",0.143101533858657
"1686","Caribbean","Bocas","Punta Donato","AT14-2","AT14-2-2","modern","Gobiidae",0.923200222,0.650103059,2.436944129375,"omnivore_carnivore","demersal","Cryptobenthic","No","No","Yes",19,37,0.00980621621621622,3.01654054054054,"AT14-2_2",0.144024646161197
"1687","Caribbean","Bocas","STRI Point","AT12-1","AT12-1-3-1","modern","Gobiidae",0.923417487,0.7724355765,2.43755390853937,"omnivore_carnivore","demersal","Cryptobenthic","No","No","Yes",19,37,0.00980621621621622,3.01654054054054,"AT12-1_4",0.144133384465518
"1688","Caribbean","Bocas","STRI Point","AT12-1","AT12-1-4-1","modern","Gobiidae",0.924613956,0.7959014189,2.4409120986411,"omnivore_carnivore","demersal","Cryptobenthic","No","No","Yes",19,37,0.00980621621621622,3.01654054054054,"AT12-1_5",0.144733214119585
"1689","Caribbean","Bocas","Punta Donato","AT14-2","AT14-2-2","modern","Gobiidae",0.925314446,0.8104907812,2.44287832694469,"omnivore_carnivore","demersal","Cryptobenthic","No","No","Yes",19,37,0.00980621621621622,3.01654054054054,"AT14-2_2",0.14508518915396
"1690","Caribbean","Bocas","Punta Donato","AT14-2","AT14-2-2","modern","Gobiidae",0.92631031,0.5798435793,2.44567381221311,"omnivore_carnivore","demersal","Cryptobenthic","No","No","Yes",19,37,0.00980621621621622,3.01654054054054,"AT14-2_2",0.145586594100791
"1691","Caribbean","Bocas","STRI Point","AT12-1","AT12-1-3-1","modern","Gobiidae",0.928299981,0.7622216943,2.45125957755426,"omnivore_carnivore","demersal","Cryptobenthic","No","No","Yes",19,37,0.00980621621621622,3.01654054054054,"AT12-1_4",0.146591937505668
"1692","Caribbean","Bocas","Punta Donato","AT14-2","AT14-2-2","modern","Gobiidae",0.929479527,1.116378997,2.45457137061968,"omnivore_carnivore","demersal","Cryptobenthic","No","No","Yes",19,37,0.00980621621621622,3.01654054054054,"AT14-2_2",0.147190190137182
"1693","Caribbean","Bocas","Casa Blanca new","AT14-1","AT14-1-8","modern","Gobiidae",0.931168049,0.7915127634,2.45931267020319,"omnivore_carnivore","demersal","Cryptobenthic","No","No","Yes",19,37,0.00980621621621622,3.01654054054054,"AT14-1_6",0.148049510940014
"1694","Caribbean","Bocas","Punta Donato","AT14-2","AT14-2-2","modern","Gobiidae",0.933996303,0.7121579407,2.46725550747097,"omnivore_carnivore","demersal","Cryptobenthic","No","No","Yes",19,37,0.00980621621621622,3.01654054054054,"AT14-2_2",0.14949658762501
"1695","Caribbean","Bocas","STRI Point","AT12-1","AT12-1-4-1","modern","Gobiidae",0.934238064,0.8402549656,2.46793453702165,"omnivore_carnivore","demersal","Cryptobenthic","No","No","Yes",19,37,0.00980621621621622,3.01654054054054,"AT12-1_5",0.149620734417018
"1696","Caribbean","Bocas","Punta Donato","AT14-2","AT14-2-1","modern","Gobiidae",0.934605248,0.6034496008,2.46896586103504,"omnivore_carnivore","demersal","Cryptobenthic","No","No","Yes",19,37,0.00980621621621622,3.01654054054054,"AT14-2_1",0.149809422911041
"1697","Caribbean","Bocas","Punta Donato","AT14-2","AT14-2-2","modern","Gobiidae",0.934831714,0.732162681,2.46960195769233,"omnivore_carnivore","demersal","Cryptobenthic","No","No","Yes",19,37,0.00980621621621622,3.01654054054054,"AT14-2_2",0.149925880859892
"1698","Caribbean","Bocas","STRI Point","AT12-1","AT12-1-3-1","modern","Gobiidae",0.935353079,0.7674847994,2.47106640233855,"omnivore_carnivore","demersal","Cryptobenthic","No","No","Yes",19,37,0.00980621621621622,3.01654054054054,"AT12-1_4",0.150194224564597
"1699","Caribbean","Bocas","Punta Donato","AT14-2","AT14-2-2","modern","Gobiidae",0.93580818,0.968128997,2.47234476245612,"omnivore_carnivore","demersal","Cryptobenthic","No","No","Yes",19,37,0.00980621621621622,3.01654054054054,"AT14-2_2",0.150428732589744
"1700","Caribbean","Bocas","Cayo Adriana","AT14-3","AT14-3-6","modern","Gobiidae",0.939297984,0.7507849676,2.48214878460436,"omnivore_carnivore","demersal","Cryptobenthic","No","No","Yes",19,37,0.00980621621621622,3.01654054054054,"AT14-3_5",0.152235367938276
"1701","Caribbean","Bocas","Casa Blanca new","AT14-1","AT14-1-2","modern","Gobiidae",0.939477128,0.8176684737,2.48265212201819,"omnivore_carnivore","demersal","Cryptobenthic","No","No","Yes",19,37,0.00980621621621622,3.01654054054054,"AT14-1_2",0.152328509801945
"1702","Caribbean","Bocas","Punta Donato","AT14-2","AT14-2-2","modern","Gobiidae",0.939479916,0.8224570985,2.48265995545556,"omnivore_carnivore","demersal","Cryptobenthic","No","No","Yes",19,37,0.00980621621621622,3.01654054054054,"AT14-2_2",0.152329959669221
"1703","Caribbean","Bocas","Punta Donato","AT14-2","AT14-2-2","modern","Gobiidae",0.940568847,0.9377953626,2.48571963482347,"omnivore_carnivore","demersal","Cryptobenthic","No","No","Yes",19,37,0.00980621621621622,3.01654054054054,"AT14-2_2",0.152896972285046
"1704","Caribbean","Bocas","Punta Donato","AT14-2","AT14-2-1","modern","Gobiidae",0.942593826,0.8412174003,2.49141001818974,"omnivore_carnivore","demersal","Cryptobenthic","No","No","Yes",19,37,0.00980621621621622,3.01654054054054,"AT14-2_1",0.153955249578668
"1705","Caribbean","Bocas","STRI Point","AT12-1","AT12-1-1-1","modern","Gobiidae",0.94286711,0.8894698224,2.49217803143426,"omnivore_carnivore","demersal","Cryptobenthic","No","No","Yes",19,37,0.00980621621621622,3.01654054054054,"AT12-1_1",0.15409845588704
"1706","Caribbean","Bocas","Punta Donato","AT14-2","AT14-2-1","modern","Gobiidae",0.942994789,0.827189967,2.49253685405696,"omnivore_carnivore","demersal","Cryptobenthic","No","No","Yes",19,37,0.00980621621621622,3.01654054054054,"AT14-2_1",0.154165393658791
"1707","Caribbean","Bocas","STRI Point","AT12-1","AT12-1-4-1","modern","Gobiidae",0.947289094,0.8151224648,2.50460713917704,"omnivore_carnivore","demersal","Cryptobenthic","No","No","Yes",19,37,0.00980621621621622,3.01654054054054,"AT12-1_5",0.156428426208742
"1708","Caribbean","Bocas","STRI Point","AT12-1","AT12-1-3-1","modern","Gobiidae",0.947358563,0.8186865129,2.50480242874223,"omnivore_carnivore","demersal","Cryptobenthic","No","No","Yes",19,37,0.00980621621621622,3.01654054054054,"AT12-1_4",0.156465222022254
"1709","Caribbean","Bocas","Punta Donato","AT14-2","AT14-2-2","modern","Gobiidae",0.950541556,0.7503549874,2.51375135166072,"omnivore_carnivore","demersal","Cryptobenthic","No","No","Yes",19,37,0.00980621621621622,3.01654054054054,"AT14-2_2",0.158157562700413
"1710","Caribbean","Bocas","STRI Point","AT12-1","AT12-1-3-1","modern","Gobiidae",0.95138162,0.7727511274,2.51611349159784,"omnivore_carnivore","demersal","Cryptobenthic","No","No","Yes",19,37,0.00980621621621622,3.01654054054054,"AT12-1_4",0.158606301733046
"1711","Caribbean","Bocas","STRI Point","AT12-1","AT12-1-3-1","modern","Gobiidae",0.9544432,0.8462395051,2.5247233326008,"omnivore_carnivore","demersal","Cryptobenthic","No","No","Yes",19,37,0.00980621621621622,3.01654054054054,"AT12-1_4",0.160249129584682
"1712","Caribbean","Bocas","Punta Donato","AT14-2","AT14-2-2","modern","Gobiidae",0.954543793,0.5845713762,2.52500625206078,"omnivore_carnivore","demersal","Cryptobenthic","No","No","Yes",19,37,0.00980621621621622,3.01654054054054,"AT14-2_2",0.160303305086259
"1713","Caribbean","Bocas","Punta Donato","AT14-2","AT14-2-2","modern","Gobiidae",0.956548679,0.6554897898,2.53064541978637,"omnivore_carnivore","demersal","Cryptobenthic","No","No","Yes",19,37,0.00980621621621622,3.01654054054054,"AT14-2_2",0.161385690122971
"1714","Caribbean","Bocas","STRI Point","AT12-1","AT12-1-4-1","modern","Gobiidae",0.957364971,0.8028214398,2.53294162862725,"omnivore_carnivore","demersal","Cryptobenthic","No","No","Yes",19,37,0.00980621621621622,3.01654054054054,"AT12-1_5",0.161827821704384
"1715","Caribbean","Bocas","Punta Donato","AT14-2","AT14-2-2","modern","Gobiidae",0.957432566,0.7979935616,2.53313177721222,"omnivore_carnivore","demersal","Cryptobenthic","No","No","Yes",19,37,0.00980621621621622,3.01654054054054,"AT14-2_2",0.161864470789927
"1716","Caribbean","Bocas","STRI Point","AT12-1","AT12-1-4-1","modern","Gobiidae",0.960072325,0.7642492377,2.54055823299899,"omnivore_carnivore","demersal","Cryptobenthic","No","No","Yes",19,37,0.00980621621621622,3.01654054054054,"AT12-1_5",0.163300183868066
"1717","Caribbean","Bocas","Punta Donato","AT14-2","AT14-2-2","modern","Gobiidae",0.961239297,0.9131519964,2.54384169678321,"omnivore_carnivore","demersal","Cryptobenthic","No","No","Yes",19,37,0.00980621621621622,3.01654054054054,"AT14-2_2",0.163937661172905
"1718","Caribbean","Bocas","STRI Point","AT12-1","AT12-1-2-1","modern","Gobiidae",0.965037373,0.8730467157,2.55452993954533,"omnivore_carnivore","demersal","Cryptobenthic","No","No","Yes",19,37,0.00980621621621622,3.01654054054054,"AT12-1_2",0.166024277880022
"1719","Caribbean","Bocas","Casa Blanca new","AT14-1","AT14-1-8","modern","Gobiidae",0.96522458,0.7955488866,2.55505683144179,"omnivore_carnivore","demersal","Cryptobenthic","No","No","Yes",19,37,0.00980621621621622,3.01654054054054,"AT14-1_6",0.166127597215173
"1720","Caribbean","Bocas","Casa Blanca new","AT14-1","AT14-1-8","modern","Gobiidae",0.965700991,0.8083450576,2.5563977137353,"omnivore_carnivore","demersal","Cryptobenthic","No","No","Yes",19,37,0.00980621621621622,3.01654054054054,"AT14-1_6",0.166390727491783
"1721","Caribbean","Bocas","STRI Point","AT12-1","AT12-1-4-1","modern","Gobiidae",0.966617104,0.8316475667,2.55897627657269,"omnivore_carnivore","demersal","Cryptobenthic","No","No","Yes",19,37,0.00980621621621622,3.01654054054054,"AT12-1_5",0.166897518843289
"1722","Caribbean","Bocas","Punta Donato","AT14-2","AT14-2-1","modern","Gobiidae",0.966732036,0.7636566278,2.55929978402412,"omnivore_carnivore","demersal","Cryptobenthic","No","No","Yes",19,37,0.00980621621621622,3.01654054054054,"AT14-2_1",0.166961173830035
"1723","Caribbean","Bocas","STRI Point","AT12-1","AT12-1-3-1","modern","Gobiidae",0.966995325,0.7580616913,2.56004089187033,"omnivore_carnivore","demersal","Cryptobenthic","No","No","Yes",19,37,0.00980621621621622,3.01654054054054,"AT12-1_4",0.167107059186716
"1724","Caribbean","Bocas","STRI Point","AT12-1","AT12-1-4-1","modern","Gobiidae",0.968209822,0.7941056811,2.56345963224427,"omnivore_carnivore","demersal","Cryptobenthic","No","No","Yes",19,37,0.00980621621621622,3.01654054054054,"AT12-1_5",0.16778113355896
"1725","Caribbean","Bocas","Punta Donato","AT14-2","AT14-2-2","modern","Gobiidae",0.968988429,0.605622336,2.56565150959892,"omnivore_carnivore","demersal","Cryptobenthic","No","No","Yes",19,37,0.00980621621621622,3.01654054054054,"AT14-2_2",0.168214261716212
"1726","Caribbean","Bocas","Casa Blanca new","AT14-1","AT14-1-8","modern","Gobiidae",0.969283265,0.8489670908,2.56648153937212,"omnivore_carnivore","demersal","Cryptobenthic","No","No","Yes",19,37,0.00980621621621622,3.01654054054054,"AT14-1_6",0.168378475512241
"1727","Caribbean","Bocas","STRI Point","AT12-1","AT12-1-4-1","modern","Gobiidae",0.969407701,0.8695455603,2.56683185954184,"omnivore_carnivore","demersal","Cryptobenthic","No","No","Yes",19,37,0.00980621621621622,3.01654054054054,"AT12-1_5",0.16844781529979
"1728","Caribbean","Bocas","STRI Point","AT12-1","AT12-1-4-1","modern","Gobiidae",0.969510278,0.8215241548,2.56712064299779,"omnivore_carnivore","demersal","Cryptobenthic","No","No","Yes",19,37,0.00980621621621622,3.01654054054054,"AT12-1_5",0.168504989316096
"1729","Caribbean","Bocas","STRI Point","AT12-1","AT12-1-4-1","modern","Gobiidae",0.970254109,0.7740884828,2.56921479680456,"omnivore_carnivore","demersal","Cryptobenthic","No","No","Yes",19,37,0.00980621621621622,3.01654054054054,"AT12-1_5",0.168919982906737
"1730","Caribbean","Bocas","Punta Donato","AT14-2","AT14-2-2","modern","Gobiidae",0.97165537,0.84388465,2.57316013001564,"omnivore_carnivore","demersal","Cryptobenthic","No","No","Yes",19,37,0.00980621621621622,3.01654054054054,"AT14-2_2",0.169703675467636
"1731","Caribbean","Bocas","Punta Donato","AT14-2","AT14-2-1","modern","Gobiidae",0.972395055,0.9436753053,2.57524290200491,"omnivore_carnivore","demersal","Cryptobenthic","No","No","Yes",19,37,0.00980621621621622,3.01654054054054,"AT14-2_1",0.170118371343907
"1732","Caribbean","Bocas","STRI Point","AT12-1","AT12-1-2-2","modern","Gobiidae",0.972399268,0.8932060285,2.57525476506917,"omnivore_carnivore","demersal","Cryptobenthic","No","No","Yes",19,37,0.00980621621621622,3.01654054054054,"AT12-1_3",0.170120735309135
"1733","Caribbean","Bocas","STRI Point","AT12-1","AT12-1-1-1","modern","Gobiidae",0.972491204,0.8894880051,2.57551364142479,"omnivore_carnivore","demersal","Cryptobenthic","No","No","Yes",19,37,0.00980621621621622,3.01654054054054,"AT12-1_1",0.17017232733977
"1734","Caribbean","Bocas","Punta Donato","AT14-2","AT14-2-2","modern","Gobiidae",0.972844496,0.9991352398,2.57650846683856,"omnivore_carnivore","demersal","Cryptobenthic","No","No","Yes",19,37,0.00980621621621622,3.01654054054054,"AT14-2_2",0.170370685581474
"1735","Caribbean","Bocas","Casa Blanca new","AT14-1","AT14-1-8","modern","Gobiidae",0.973935833,0.7595013957,2.57958167751437,"omnivore_carnivore","demersal","Cryptobenthic","No","No","Yes",19,37,0.00980621621621622,3.01654054054054,"AT14-1_6",0.170984429209216
"1736","Caribbean","Bocas","Punta Donato","AT14-2","AT14-2-2","modern","Gobiidae",0.974693969,0.6459701547,2.58171672064189,"omnivore_carnivore","demersal","Cryptobenthic","No","No","Yes",19,37,0.00980621621621622,3.01654054054054,"AT14-2_2",0.17141168255636
"1737","Caribbean","Bocas","Punta Donato","AT14-2","AT14-2-2","modern","Gobiidae",0.974979077,0.7056195504,2.58251966164437,"omnivore_carnivore","demersal","Cryptobenthic","No","No","Yes",19,37,0.00980621621621622,3.01654054054054,"AT14-2_2",0.171572547278398
"1738","Caribbean","Bocas","STRI Point","AT12-1","AT12-1-2-2","modern","Gobiidae",0.975124358,0.8358727008,2.58292881782389,"omnivore_carnivore","demersal","Cryptobenthic","No","No","Yes",19,37,0.00980621621621622,3.01654054054054,"AT12-1_3",0.171654558223612
"1739","Caribbean","Bocas","Punta Donato","AT14-2","AT14-2-2","modern","Gobiidae",0.976670175,0.6454308319,2.58728255467716,"omnivore_carnivore","demersal","Cryptobenthic","No","No","Yes",19,37,0.00980621621621622,3.01654054054054,"AT14-2_2",0.172528841421931
"1740","Caribbean","Bocas","STRI Point","AT12-1","AT12-1-4-1","modern","Gobiidae",0.978488752,0.757030401,2.59240506791049,"omnivore_carnivore","demersal","Cryptobenthic","No","No","Yes",19,37,0.00980621621621622,3.01654054054054,"AT12-1_5",0.173561309850117
"1741","Caribbean","Bocas","Punta Donato","AT14-2","AT14-2-2","modern","Gobiidae",0.979147644,0.7762279211,2.59426116380691,"omnivore_carnivore","demersal","Cryptobenthic","No","No","Yes",19,37,0.00980621621621622,3.01654054054054,"AT14-2_2",0.173936432348696
"1742","Caribbean","Bocas","STRI Point","AT12-1","AT12-1-4-1","modern","Gobiidae",0.980553567,0.8667122753,2.59822190679189,"omnivore_carnivore","demersal","Cryptobenthic","No","No","Yes",19,37,0.00980621621621622,3.01654054054054,"AT12-1_5",0.174738721755775
"1743","Caribbean","Bocas","STRI Point","AT12-1","AT12-1-3-1","modern","Gobiidae",0.98104835,0.877920242,2.59961588672185,"omnivore_carnivore","demersal","Cryptobenthic","No","No","Yes",19,37,0.00980621621621622,3.01654054054054,"AT12-1_4",0.175021674240774
"1744","Caribbean","Bocas","STRI Point","AT12-1","AT12-1-2-2","modern","Gobiidae",0.981464337,0.8771207326,2.60078790465927,"omnivore_carnivore","demersal","Cryptobenthic","No","No","Yes",19,37,0.00980621621621622,3.01654054054054,"AT12-1_3",0.175259809377209
"1745","Caribbean","Bocas","STRI Point","AT12-1","AT12-1-2-2","modern","Gobiidae",0.982460614,0.8642661762,2.60359498187551,"omnivore_carnivore","demersal","Cryptobenthic","No","No","Yes",19,37,0.00980621621621622,3.01654054054054,"AT12-1_3",0.175831042600053
"1746","Caribbean","Bocas","Casa Blanca new","AT14-1","AT14-1-8","modern","Gobiidae",0.982489098,0.7995282756,2.60367524010216,"omnivore_carnivore","demersal","Cryptobenthic","No","No","Yes",19,37,0.00980621621621622,3.01654054054054,"AT14-1_6",0.175847393224727
"1747","Caribbean","Bocas","STRI Point","AT12-1","AT12-1-3-1","modern","Gobiidae",0.983110047,0.8331638188,2.60542489980436,"omnivore_carnivore","demersal","Cryptobenthic","No","No","Yes",19,37,0.00980621621621622,3.01654054054054,"AT12-1_4",0.176204095683047
"1748","Caribbean","Bocas","STRI Point","AT12-1","AT12-1-2-2","modern","Gobiidae",0.983150257,0.8259017125,2.60553820268902,"omnivore_carnivore","demersal","Cryptobenthic","No","No","Yes",19,37,0.00980621621621622,3.01654054054054,"AT12-1_3",0.176227211359938
"1749","Caribbean","Bocas","STRI Point","AT12-1","AT12-1-2-2","modern","Gobiidae",0.983657712,0.8796290124,2.6069681237998,"omnivore_carnivore","demersal","Cryptobenthic","No","No","Yes",19,37,0.00980621621621622,3.01654054054054,"AT12-1_3",0.176519113351785
"1750","Caribbean","Bocas","STRI Point","AT12-1","AT12-1-4-1","modern","Gobiidae",0.983887385,0.8587710323,2.60761531823776,"omnivore_carnivore","demersal","Cryptobenthic","No","No","Yes",19,37,0.00980621621621622,3.01654054054054,"AT12-1_5",0.176651336855851
"1751","Caribbean","Bocas","Punta Donato","AT14-2","AT14-2-2","modern","Gobiidae",0.984753699,0.6218550124,2.61005658623975,"omnivore_carnivore","demersal","Cryptobenthic","No","No","Yes",19,37,0.00980621621621622,3.01654054054054,"AT14-2_2",0.177150690149472
"1752","Caribbean","Bocas","Punta Donato","AT14-2","AT14-2-1","modern","Gobiidae",0.984907368,0.5875015157,2.6104896388068,"omnivore_carnivore","demersal","Cryptobenthic","No","No","Yes",19,37,0.00980621621621622,3.01654054054054,"AT14-2_1",0.177239368041333
"1753","Caribbean","Bocas","STRI Point","AT12-1","AT12-1-4-1","modern","Gobiidae",0.984956946,0.814613111,2.61062935482148,"omnivore_carnivore","demersal","Cryptobenthic","No","No","Yes",19,37,0.00980621621621622,3.01654054054054,"AT12-1_5",0.177267984573955
"1754","Caribbean","Bocas","STRI Point","AT12-1","AT12-1-2-2","modern","Gobiidae",0.985337396,0.9048965856,2.61170151770593,"omnivore_carnivore","demersal","Cryptobenthic","No","No","Yes",19,37,0.00980621621621622,3.01654054054054,"AT12-1_3",0.177487686998285
"1755","Caribbean","Bocas","Punta Donato","AT14-2","AT14-2-1","modern","Gobiidae",0.986079086,0.8692320273,2.61379178218469,"omnivore_carnivore","demersal","Cryptobenthic","No","No","Yes",19,37,0.00980621621621622,3.01654054054054,"AT14-2_1",0.177916537091793
"1756","Caribbean","Bocas","Punta Donato","AT14-2","AT14-2-1","modern","Gobiidae",0.98611173,0.5860274322,2.61388378327443,"omnivore_carnivore","demersal","Cryptobenthic","No","No","Yes",19,37,0.00980621621621622,3.01654054054054,"AT14-2_1",0.177935428436799
"1757","Caribbean","Bocas","Casa Blanca new","AT14-1","AT14-1-8","modern","Gobiidae",0.986457646,0.8239771719,2.61485869551577,"omnivore_carnivore","demersal","Cryptobenthic","No","No","Yes",19,37,0.00980621621621622,3.01654054054054,"AT14-1_6",0.178135697632796
"1758","Caribbean","Bocas","STRI Point","AT12-1","AT12-1-2-2","modern","Gobiidae",0.986623988,0.8684778071,2.61532751313303,"omnivore_carnivore","demersal","Cryptobenthic","No","No","Yes",19,37,0.00980621621621622,3.01654054054054,"AT12-1_3",0.178232057086644
"1759","Caribbean","Bocas","STRI Point","AT12-1","AT12-1-2-1","modern","Gobiidae",0.988040507,0.9333313068,2.61932002696437,"omnivore_carnivore","demersal","Cryptobenthic","No","No","Yes",19,37,0.00980621621621622,3.01654054054054,"AT12-1_2",0.179054079451432
"1760","Caribbean","Bocas","STRI Point","AT12-1","AT12-1-2-2","modern","Gobiidae",0.988746249,0.8686484089,2.62130932333785,"omnivore_carnivore","demersal","Cryptobenthic","No","No","Yes",19,37,0.00980621621621622,3.01654054054054,"AT12-1_3",0.179464601827429
"1761","Caribbean","Bocas","Punta Donato","AT14-2","AT14-2-2","modern","Gobiidae",0.989210083,0.9158758279,2.62261679520071,"omnivore_carnivore","demersal","Cryptobenthic","No","No","Yes",19,37,0.00980621621621622,3.01654054054054,"AT14-2_2",0.179734761448714
"1762","Caribbean","Bocas","Punta Donato","AT14-2","AT14-2-1","modern","Gobiidae",0.99098403,0.6105390796,2.62761761795265,"omnivore_carnivore","demersal","Cryptobenthic","No","No","Yes",19,37,0.00980621621621622,3.01654054054054,"AT14-2_1",0.180770577342747
"1763","Caribbean","Bocas","Casa Blanca new","AT14-1","AT14-1-2","modern","Gobiidae",0.991872607,0.8420734708,2.63012276252126,"omnivore_carnivore","demersal","Cryptobenthic","No","No","Yes",19,37,0.00980621621621622,3.01654054054054,"AT14-1_2",0.181290962559358
"1764","Caribbean","Bocas","Punta Donato","AT14-2","AT14-2-1","modern","Gobiidae",0.992396637,1.071073556,2.63160021470726,"omnivore_carnivore","demersal","Cryptobenthic","No","No","Yes",19,37,0.00980621621621622,3.01654054054054,"AT14-2_1",0.181598337666241
"1765","Caribbean","Bocas","Casa Blanca new","AT14-1","AT14-1-2","modern","Gobiidae",0.998764457,0.8074974551,2.64955760579124,"omnivore_carnivore","demersal","Cryptobenthic","No","No","Yes",19,37,0.00980621621621622,3.01654054054054,"AT14-1_2",0.185362159178673
"1766","Caribbean","Bocas","STRI Point","AT12-1","AT12-1-2-2","modern","Gobiidae",0.999352088,0.8561013793,2.65121510363093,"omnivore_carnivore","demersal","Cryptobenthic","No","No","Yes",19,37,0.00980621621621622,3.01654054054054,"AT12-1_3",0.185712171838818
"1767","Caribbean","Bocas","STRI Point","AT12-1","AT12-1-2-1","modern","Gobiidae",0.999408829,0.8919788285,2.6513751530542,"omnivore_carnivore","demersal","Cryptobenthic","No","No","Yes",19,37,0.00980621621621622,3.01654054054054,"AT12-1_2",0.185745992735509
"1768","Caribbean","Bocas","STRI Point","AT12-1","AT12-1-2-1","modern","Gobiidae",0.999454934,0.8977109467,2.65150520191957,"omnivore_carnivore","demersal","Cryptobenthic","No","No","Yes",19,37,0.00980621621621622,3.01654054054054,"AT12-1_2",0.185773477086295
"1769","Caribbean","Bocas","STRI Point","AT12-1","AT12-1-2-2","modern","Gobiidae",0.999579428,0.8406041064,2.65185636536869,"omnivore_carnivore","demersal","Cryptobenthic","No","No","Yes",19,37,0.00980621621621622,3.01654054054054,"AT12-1_3",0.185847705074612
"1770","Caribbean","Bocas","STRI Point","AT12-1","AT12-1-4-1","modern","Gobiidae",0.999580331,0.9153296355,2.65185891249427,"omnivore_carnivore","demersal","Cryptobenthic","No","No","Yes",19,37,0.00980621621621622,3.01654054054054,"AT12-1_5",0.185848243551603
"1771","Caribbean","Bocas","Punta Donato","AT14-2","AT14-2-2","modern","Gobiidae",1.00025748,0.6834531528,2.65376901274546,"omnivore_carnivore","demersal","Cryptobenthic","No","No","Yes",19,37,0.00980621621621622,3.01654054054054,"AT14-2_2",0.186252343449622
"1772","Caribbean","Bocas","STRI Point","AT12-1","AT12-1-2-2","modern","Gobiidae",1.001191568,0.8648287189,2.65640402009252,"omnivore_carnivore","demersal","Cryptobenthic","No","No","Yes",19,37,0.00980621621621622,3.01654054054054,"AT12-1_3",0.186810767794074
"1773","Caribbean","Bocas","Cayo Adriana","AT14-3","AT14-3-6","modern","Gobiidae",1.001335632,0.8883431598,2.65681043001027,"omnivore_carnivore","demersal","Cryptobenthic","No","No","Yes",19,37,0.00980621621621622,3.01654054054054,"AT14-3_5",0.186896995778019
"1774","Caribbean","Bocas","Punta Donato","AT14-2","AT14-2-2","modern","Gobiidae",1.001841984,0.9054338455,2.65823889722329,"omnivore_carnivore","demersal","Cryptobenthic","No","No","Yes",19,37,0.00980621621621622,3.01654054054054,"AT14-2_2",0.187200284743715
"1775","Caribbean","Bocas","Casa Blanca new","AT14-1","AT14-1-2","modern","Gobiidae",1.002148863,0.9001522709,2.65910465432847,"omnivore_carnivore","demersal","Cryptobenthic","No","No","Yes",19,37,0.00980621621621622,3.01654054054054,"AT14-1_2",0.187384260388586
"1776","Caribbean","Bocas","Punta Donato","AT14-2","AT14-2-2","modern","Gobiidae",1.002780403,1.202705826,2.6608863872883,"omnivore_carnivore","demersal","Cryptobenthic","No","No","Yes",19,37,0.00980621621621622,3.01654054054054,"AT14-2_2",0.187763263549628
"1777","Caribbean","Bocas","STRI Point","AT12-1","AT12-1-1-1","modern","Gobiidae",1.004068399,0.909324138,2.66452036739167,"omnivore_carnivore","demersal","Cryptobenthic","No","No","Yes",19,37,0.00980621621621622,3.01654054054054,"AT12-1_1",0.188537857128364
"1778","Caribbean","Bocas","STRI Point","AT12-1","AT12-1-3-1","modern","Gobiidae",1.00431498,0.8682059775,2.6652161100535,"omnivore_carnivore","demersal","Cryptobenthic","No","No","Yes",19,37,0.00980621621621622,3.01654054054054,"AT12-1_4",0.188686399945563
"1779","Caribbean","Bocas","STRI Point","AT12-1","AT12-1-3-1","modern","Gobiidae",1.004507708,0.8475248361,2.66575991085848,"omnivore_carnivore","demersal","Cryptobenthic","No","No","Yes",19,37,0.00980621621621622,3.01654054054054,"AT12-1_4",0.188802557249377
"1780","Caribbean","Bocas","STRI Point","AT12-1","AT12-1-4-1","modern","Gobiidae",1.005844514,0.8080827707,2.66953202059567,"omnivore_carnivore","demersal","Cryptobenthic","No","No","Yes",19,37,0.00980621621621622,3.01654054054054,"AT12-1_5",0.189609606054094
"1781","Caribbean","Bocas","Punta Donato","AT14-2","AT14-2-1","modern","Gobiidae",1.006298203,0.755596452,2.67081228193988,"omnivore_carnivore","demersal","Cryptobenthic","No","No","Yes",19,37,0.00980621621621622,3.01654054054054,"AT14-2_1",0.189884043258386
"1782","Caribbean","Bocas","STRI Point","AT12-1","AT12-1-4-1","modern","Gobiidae",1.00701751,0.8098202428,2.67284216338981,"omnivore_carnivore","demersal","Cryptobenthic","No","No","Yes",19,37,0.00980621621621622,3.01654054054054,"AT12-1_5",0.190319713312247
"1783","Caribbean","Bocas","STRI Point","AT12-1","AT12-1-3-1","modern","Gobiidae",1.007445062,0.8583417716,2.67404875685924,"omnivore_carnivore","demersal","Cryptobenthic","No","No","Yes",19,37,0.00980621621621622,3.01654054054054,"AT12-1_4",0.190578998828106
"1784","Caribbean","Bocas","Punta Donato","AT14-2","AT14-2-1","modern","Gobiidae",1.008119013,0.6100172107,2.67595077810009,"omnivore_carnivore","demersal","Cryptobenthic","No","No","Yes",19,37,0.00980621621621622,3.01654054054054,"AT14-2_1",0.190988204528956
"1785","Caribbean","Bocas","STRI Point","AT12-1","AT12-1-1-1","modern","Gobiidae",1.00817163,0.8464974869,2.67609927692669,"omnivore_carnivore","demersal","Cryptobenthic","No","No","Yes",19,37,0.00980621621621622,3.01654054054054,"AT12-1_1",0.191020177641281
"1786","Caribbean","Bocas","Cayo Adriana","AT14-3","AT14-3-4","modern","Gobiidae",1.008746132,0.8735312336,2.67772070252155,"omnivore_carnivore","demersal","Cryptobenthic","No","No","Yes",19,37,0.00980621621621622,3.01654054054054,"AT14-3_3",0.191369517788918
"1787","Caribbean","Bocas","Cayo Adriana","AT14-3","AT14-3-6","modern","Gobiidae",1.008821079,0.7829760796,2.67793223086821,"omnivore_carnivore","demersal","Cryptobenthic","No","No","Yes",19,37,0.00980621621621622,3.01654054054054,"AT14-3_5",0.191415123561595
"1788","Caribbean","Bocas","Punta Donato","AT14-2","AT14-2-2","modern","Gobiidae",1.0093281,0.767282525,2.67936325905906,"omnivore_carnivore","demersal","Cryptobenthic","No","No","Yes",19,37,0.00980621621621622,3.01654054054054,"AT14-2_2",0.191723845859054
"1789","Caribbean","Bocas","Punta Donato","AT14-2","AT14-2-2","modern","Gobiidae",1.009890196,0.6517671411,2.68094978537938,"omnivore_carnivore","demersal","Cryptobenthic","No","No","Yes",19,37,0.00980621621621622,3.01654054054054,"AT14-2_2",0.192066503358604
"1790","Caribbean","Bocas","Punta Donato","AT14-2","AT14-2-2","modern","Gobiidae",1.010162367,0.724800951,2.68171801311098,"omnivore_carnivore","demersal","Cryptobenthic","No","No","Yes",19,37,0.00980621621621622,3.01654054054054,"AT14-2_2",0.192232571975099
"1791","Caribbean","Bocas","Casa Blanca new","AT14-1","AT14-1-2","modern","Gobiidae",1.011330843,0.7743034356,2.68501629299246,"omnivore_carnivore","demersal","Cryptobenthic","No","No","Yes",19,37,0.00980621621621622,3.01654054054054,"AT14-1_2",0.192946655464983
"1792","Caribbean","Bocas","Punta Donato","AT14-2","AT14-2-2","modern","Gobiidae",1.011441006,0.8642037244,2.6853272646657,"omnivore_carnivore","demersal","Cryptobenthic","No","No","Yes",19,37,0.00980621621621622,3.01654054054054,"AT14-2_2",0.19301407271605
"1793","Caribbean","Bocas","Casa Blanca new","AT14-1","AT14-1-2","modern","Gobiidae",1.011736837,0.8289214639,2.68616235656201,"omnivore_carnivore","demersal","Cryptobenthic","No","No","Yes",19,37,0.00980621621621622,3.01654054054054,"AT14-1_2",0.193195194779526
"1794","Caribbean","Bocas","Punta Donato","AT14-2","AT14-2-2","modern","Gobiidae",1.012328124,0.6739252661,2.68783152804971,"omnivore_carnivore","demersal","Cryptobenthic","No","No","Yes",19,37,0.00980621621621622,3.01654054054054,"AT14-2_2",0.193557559792038
"1795","Caribbean","Bocas","Casa Blanca new","AT14-1","AT14-1-8","modern","Gobiidae",1.012434841,0.8315976508,2.68813279098579,"omnivore_carnivore","demersal","Cryptobenthic","No","No","Yes",19,37,0.00980621621621622,3.01654054054054,"AT14-1_6",0.193623010152727
"1796","Caribbean","Bocas","Punta Donato","AT14-2","AT14-2-2","modern","Gobiidae",1.012723253,0.7617580492,2.68894699039213,"omnivore_carnivore","demersal","Cryptobenthic","No","No","Yes",19,37,0.00980621621621622,3.01654054054054,"AT14-2_2",0.193799971664559
"1797","Caribbean","Bocas","Punta Donato","AT14-2","AT14-2-2","modern","Gobiidae",1.014365886,0.8339909347,2.69358449303844,"omnivore_carnivore","demersal","Cryptobenthic","No","No","Yes",19,37,0.00980621621621622,3.01654054054054,"AT14-2_2",0.194809967986383
"1798","Caribbean","Bocas","Casa Blanca new","AT14-1","AT14-1-2","modern","Gobiidae",1.014596565,0.8717020903,2.69423578700956,"omnivore_carnivore","demersal","Cryptobenthic","No","No","Yes",19,37,0.00980621621621622,3.01654054054054,"AT14-1_2",0.194952093703979
"1799","Caribbean","Bocas","Punta Donato","AT14-2","AT14-2-1","modern","Gobiidae",1.015018108,0.8751585511,2.69542598635369,"omnivore_carnivore","demersal","Cryptobenthic","No","No","Yes",19,37,0.00980621621621622,3.01654054054054,"AT14-2_1",0.195211998684341
"1800","Caribbean","Bocas","STRI Point","AT12-1","AT12-1-2-2","modern","Gobiidae",1.015876537,0.8787733247,2.69784980163432,"omnivore_carnivore","demersal","Cryptobenthic","No","No","Yes",19,37,0.00980621621621622,3.01654054054054,"AT12-1_3",0.195742005537882
"1801","Caribbean","Bocas","STRI Point","AT12-1","AT12-1-4-1","modern","Gobiidae",1.015891295,0.8342270492,2.69789147268497,"omnivore_carnivore","demersal","Cryptobenthic","No","No","Yes",19,37,0.00980621621621622,3.01654054054054,"AT12-1_5",0.19575112599586
"1802","Caribbean","Bocas","Casa Blanca new","AT14-1","AT14-1-2","modern","Gobiidae",1.016295545,0.8502387125,2.69903293778063,"omnivore_carnivore","demersal","Cryptobenthic","No","No","Yes",19,37,0.00980621621621622,3.01654054054054,"AT14-1_2",0.196001066620208
"1803","Caribbean","Bocas","STRI Point","AT12-1","AT12-1-4-1","modern","Gobiidae",1.016625969,0.9524787648,2.69996596458055,"omnivore_carnivore","demersal","Cryptobenthic","No","No","Yes",19,37,0.00980621621621622,3.01654054054054,"AT12-1_5",0.196205524992469
"1804","Caribbean","Bocas","STRI Point","AT12-1","AT12-1-2-2","modern","Gobiidae",1.016696855,0.8241036312,2.70016612971172,"omnivore_carnivore","demersal","Cryptobenthic","No","No","Yes",19,37,0.00980621621621622,3.01654054054054,"AT12-1_3",0.196249406647375
"1805","Caribbean","Bocas","STRI Point","AT12-1","AT12-1-1-1","modern","Gobiidae",1.016847494,0.8842369598,2.70059150119436,"omnivore_carnivore","demersal","Cryptobenthic","No","No","Yes",19,37,0.00980621621621622,3.01654054054054,"AT12-1_1",0.196342681459972
"1806","Caribbean","Bocas","Punta Donato","AT14-2","AT14-2-2","modern","Gobiidae",1.01715041,0.7902178869,2.70144688157501,"omnivore_carnivore","demersal","Cryptobenthic","No","No","Yes",19,37,0.00980621621621622,3.01654054054054,"AT14-2_2",0.196530337678478
"1807","Caribbean","Bocas","STRI Point","AT12-1","AT12-1-2-2","modern","Gobiidae",1.017270583,0.905016854,2.7017862330074,"omnivore_carnivore","demersal","Cryptobenthic","No","No","Yes",19,37,0.00980621621621622,3.01654054054054,"AT12-1_3",0.196604818940426
"1808","Caribbean","Bocas","Punta Donato","AT14-2","AT14-2-2","modern","Gobiidae",1.018953762,0.8465498309,2.70653955700725,"omnivore_carnivore","demersal","Cryptobenthic","No","No","Yes",19,37,0.00980621621621622,3.01654054054054,"AT14-2_2",0.19765006832205
"1809","Caribbean","Bocas","STRI Point","AT12-1","AT12-1-2-2","modern","Gobiidae",1.01898716,0.9008087331,2.70663387851178,"omnivore_carnivore","demersal","Cryptobenthic","No","No","Yes",19,37,0.00980621621621622,3.01654054054054,"AT12-1_3",0.197670846991577
"1810","Caribbean","Bocas","STRI Point","AT12-1","AT12-1-2-2","modern","Gobiidae",1.019201078,0.8565375898,2.70723802314427,"omnivore_carnivore","demersal","Cryptobenthic","No","No","Yes",19,37,0.00980621621621622,3.01654054054054,"AT12-1_3",0.19780397239407
"1811","Caribbean","Bocas","STRI Point","AT12-1","AT12-1-4-1","modern","Gobiidae",1.019798582,0.8252655674,2.70892552919893,"omnivore_carnivore","demersal","Cryptobenthic","No","No","Yes",19,37,0.00980621621621622,3.01654054054054,"AT12-1_5",0.198176137793681
"1812","Caribbean","Bocas","Cayo Adriana","AT14-3","AT14-3-4","modern","Gobiidae",1.020325402,0.8137357258,2.71041345719785,"omnivore_carnivore","demersal","Cryptobenthic","No","No","Yes",19,37,0.00980621621621622,3.01654054054054,"AT14-3_3",0.198504675992699
"1813","Caribbean","Bocas","Punta Donato","AT14-2","AT14-2-1","modern","Gobiidae",1.02037636,0.6458190586,2.71055738338276,"omnivore_carnivore","demersal","Cryptobenthic","No","No","Yes",19,37,0.00980621621621622,3.01654054054054,"AT14-2_1",0.198536474550885
"1814","Caribbean","Bocas","STRI Point","AT12-1","AT12-1-3-1","modern","Gobiidae",1.022157784,0.8927217415,2.71558913718651,"omnivore_carnivore","demersal","Cryptobenthic","No","No","Yes",19,37,0.00980621621621622,3.01654054054054,"AT12-1_4",0.199650314710049
"1815","Caribbean","Bocas","Punta Donato","AT14-2","AT14-2-2","modern","Gobiidae",1.022205051,0.9514598868,2.7157226536141,"omnivore_carnivore","demersal","Cryptobenthic","No","No","Yes",19,37,0.00980621621621622,3.01654054054054,"AT14-2_2",0.199679926955167
"1816","Caribbean","Bocas","Cayo Adriana","AT14-3","AT14-3-6","modern","Gobiidae",1.023116233,0.8852226796,2.71829657138491,"omnivore_carnivore","demersal","Cryptobenthic","No","No","Yes",19,37,0.00980621621621622,3.01654054054054,"AT14-3_5",0.200251363202675
"1817","Caribbean","Bocas","STRI Point","AT12-1","AT12-1-2-2","modern","Gobiidae",1.024399699,0.8329150211,2.72192236731028,"omnivore_carnivore","demersal","Cryptobenthic","No","No","Yes",19,37,0.00980621621621622,3.01654054054054,"AT12-1_3",0.201058180335496
"1818","Caribbean","Bocas","STRI Point","AT12-1","AT12-1-3-1","modern","Gobiidae",1.024899299,0.8270581993,2.72333381674838,"omnivore_carnivore","demersal","Cryptobenthic","No","No","Yes",19,37,0.00980621621621622,3.01654054054054,"AT12-1_4",0.201372844691665
"1819","Caribbean","Bocas","Cayo Adriana","AT14-3","AT14-3-6","modern","Gobiidae",1.025143418,0.8332888885,2.72402350756439,"omnivore_carnivore","demersal","Cryptobenthic","No","No","Yes",19,37,0.00980621621621622,3.01654054054054,"AT14-3_5",0.201526721980773
"1820","Caribbean","Bocas","STRI Point","AT12-1","AT12-1-4-1","modern","Gobiidae",1.028259396,0.7344158488,2.73282775440365,"omnivore_carnivore","demersal","Cryptobenthic","No","No","Yes",19,37,0.00980621621621622,3.01654054054054,"AT12-1_5",0.203497953754743
"1821","Caribbean","Bocas","Punta Donato","AT14-2","AT14-2-1","modern","Gobiidae",1.028383515,0.9509241296,2.73317848964534,"omnivore_carnivore","demersal","Cryptobenthic","No","No","Yes",19,37,0.00980621621621622,3.01654054054054,"AT14-2_1",0.203576747647459
"1822","Caribbean","Bocas","Casa Blanca new","AT14-1","AT14-1-8","modern","Gobiidae",1.028435928,0.8437975599,2.73332659900814,"omnivore_carnivore","demersal","Cryptobenthic","No","No","Yes",19,37,0.00980621621621622,3.01654054054054,"AT14-1_6",0.203610027054997
"1823","Caribbean","Bocas","STRI Point","AT12-1","AT12-1-4-1","modern","Gobiidae",1.031073976,0.7995610529,2.7407818467837,"omnivore_carnivore","demersal","Cryptobenthic","No","No","Yes",19,37,0.00980621621621622,3.01654054054054,"AT12-1_5",0.205289885528141
"1824","Caribbean","Bocas","Punta Donato","AT14-2","AT14-2-2","modern","Gobiidae",1.034981327,0.9292299595,2.75182642028407,"omnivore_carnivore","demersal","Cryptobenthic","No","No","Yes",19,37,0.00980621621621622,3.01654054054054,"AT14-2_2",0.207795501919033
"1825","Caribbean","Bocas","STRI Point","AT12-1","AT12-1-3-1","modern","Gobiidae",1.035608814,0.9308754807,2.75360032988917,"omnivore_carnivore","demersal","Cryptobenthic","No","No","Yes",19,37,0.00980621621621622,3.01654054054054,"AT12-1_4",0.208199833815122
"1826","Caribbean","Bocas","Punta Donato","AT14-2","AT14-2-2","modern","Gobiidae",1.037192363,0.9305322577,2.75807733476385,"omnivore_carnivore","demersal","Cryptobenthic","No","No","Yes",19,37,0.00980621621621622,3.01654054054054,"AT14-2_2",0.209222627324246
"1827","Caribbean","Bocas","STRI Point","AT12-1","AT12-1-2-1","modern","Gobiidae",1.037598617,0.942450797,2.75922596452392,"omnivore_carnivore","demersal","Cryptobenthic","No","No","Yes",19,37,0.00980621621621622,3.01654054054054,"AT12-1_2",0.209485577698004
"1828","Caribbean","Bocas","Punta Donato","AT14-2","AT14-2-2","modern","Gobiidae",1.037888834,0.6098970761,2.76004653234165,"omnivore_carnivore","demersal","Cryptobenthic","No","No","Yes",19,37,0.00980621621621622,3.01654054054054,"AT14-2_2",0.20967356162768
"1829","Caribbean","Bocas","STRI Point","AT12-1","AT12-1-3-1","modern","Gobiidae",1.042762968,0.8538945854,2.77382996293951,"omnivore_carnivore","demersal","Cryptobenthic","No","No","Yes",19,37,0.00980621621621622,3.01654054054054,"AT12-1_4",0.21284808638875
"1830","Caribbean","Bocas","STRI Point","AT12-1","AT12-1-4-1","modern","Gobiidae",1.04392884,0.88243226,2.77712750514181,"omnivore_carnivore","demersal","Cryptobenthic","No","No","Yes",19,37,0.00980621621621622,3.01654054054054,"AT12-1_5",0.213612291437561
"1831","Caribbean","Bocas","STRI Point","AT12-1","AT12-1-4-1","modern","Gobiidae",1.044000303,0.9142344867,2.77732963804572,"omnivore_carnivore","demersal","Cryptobenthic","No","No","Yes",19,37,0.00980621621621622,3.01654054054054,"AT12-1_5",0.213659195285336
"1832","Caribbean","Bocas","Punta Donato","AT14-2","AT14-2-2","modern","Gobiidae",1.044167757,0.6914449143,2.77780328466285,"omnivore_carnivore","demersal","Cryptobenthic","No","No","Yes",19,37,0.00980621621621622,3.01654054054054,"AT14-2_2",0.213769129389301
"1833","Caribbean","Bocas","STRI Point","AT12-1","AT12-1-2-1","modern","Gobiidae",1.044970523,0.9441895513,2.78007398926781,"omnivore_carnivore","demersal","Cryptobenthic","No","No","Yes",19,37,0.00980621621621622,3.01654054054054,"AT12-1_2",0.214296688598377
"1834","Caribbean","Bocas","STRI Point","AT12-1","AT12-1-4-1","modern","Gobiidae",1.045587504,0.9017521566,2.78181925723658,"omnivore_carnivore","demersal","Cryptobenthic","No","No","Yes",19,37,0.00980621621621622,3.01654054054054,"AT12-1_5",0.214702762666904
"1835","Caribbean","Bocas","Punta Donato","AT14-2","AT14-2-2","modern","Gobiidae",1.045738256,0.7189668734,2.78224570269599,"omnivore_carnivore","demersal","Cryptobenthic","No","No","Yes",19,37,0.00980621621621622,3.01654054054054,"AT14-2_2",0.214802062497946
"1836","Caribbean","Bocas","STRI Point","AT12-1","AT12-1-4-1","modern","Gobiidae",1.04581099,0.9197850426,2.78245145315793,"omnivore_carnivore","demersal","Cryptobenthic","No","No","Yes",19,37,0.00980621621621622,3.01654054054054,"AT12-1_5",0.214849983438551
"1837","Caribbean","Bocas","STRI Point","AT12-1","AT12-1-3-1","modern","Gobiidae",1.047776162,0.9817343374,2.78801088815268,"omnivore_carnivore","demersal","Cryptobenthic","No","No","Yes",19,37,0.00980621621621622,3.01654054054054,"AT12-1_4",0.216147527680113
"1838","Caribbean","Bocas","STRI Point","AT12-1","AT12-1-1-1","modern","Gobiidae",1.048998382,0.9090531793,2.79146885843867,"omnivore_carnivore","demersal","Cryptobenthic","No","No","Yes",19,37,0.00980621621621622,3.01654054054054,"AT12-1_1",0.216957237170092
"1839","Caribbean","Bocas","Cayo Adriana","AT14-3","AT14-3-6","modern","Gobiidae",1.049747283,0.8837490066,2.79358781516608,"omnivore_carnivore","demersal","Cryptobenthic","No","No","Yes",19,37,0.00980621621621622,3.01654054054054,"AT14-3_5",0.217454407220661
"1840","Caribbean","Bocas","STRI Point","AT12-1","AT12-1-1-1","modern","Gobiidae",1.052080401,0.8654354496,2.80018980235475,"omnivore_carnivore","demersal","Cryptobenthic","No","No","Yes",19,37,0.00980621621621622,3.01654054054054,"AT12-1_1",0.219008311156365
"1841","Caribbean","Bocas","Punta Donato","AT14-2","AT14-2-2","modern","Gobiidae",1.052228054,0.8693830232,2.80060764489122,"omnivore_carnivore","demersal","Cryptobenthic","No","No","Yes",19,37,0.00980621621621622,3.01654054054054,"AT14-2_2",0.219106907380081
"1842","Caribbean","Bocas","Punta Donato","AT14-2","AT14-2-2","modern","Gobiidae",1.054109596,0.7097407898,2.80593253632722,"omnivore_carnivore","demersal","Cryptobenthic","No","No","Yes",19,37,0.00980621621621622,3.01654054054054,"AT14-2_2",0.220365995219949
"1843","Caribbean","Bocas","Punta Donato","AT14-2","AT14-2-2","modern","Gobiidae",1.054597864,0.8169937636,2.80731446614466,"omnivore_carnivore","demersal","Cryptobenthic","No","No","Yes",19,37,0.00980621621621622,3.01654054054054,"AT14-2_2",0.2206935456325
"1844","Caribbean","Bocas","Punta Donato","AT14-2","AT14-2-2","modern","Gobiidae",1.056561623,0.6849633645,2.81287284092221,"omnivore_carnivore","demersal","Cryptobenthic","No","No","Yes",19,37,0.00980621621621622,3.01654054054054,"AT14-2_2",0.222014300667516
"1845","Caribbean","Bocas","STRI Point","AT12-1","AT12-1-4-1","modern","Gobiidae",1.05672895,0.7446639147,2.81334648637746,"omnivore_carnivore","demersal","Cryptobenthic","No","No","Yes",19,37,0.00980621621621622,3.01654054054054,"AT12-1_5",0.222127089765145
"1846","Caribbean","Bocas","Punta Donato","AT14-2","AT14-2-2","modern","Gobiidae",1.057521484,1.02599309,2.81558994323846,"omnivore_carnivore","demersal","Cryptobenthic","No","No","Yes",19,37,0.00980621621621622,3.01654054054054,"AT14-2_2",0.22266184412344
"1847","Caribbean","Bocas","STRI Point","AT12-1","AT12-1-3-1","modern","Gobiidae",1.059753605,0.8169469931,2.82190906626263,"omnivore_carnivore","demersal","Cryptobenthic","No","No","Yes",19,37,0.00980621621621622,3.01654054054054,"AT12-1_4",0.22417270602975
"1848","Caribbean","Bocas","STRI Point","AT12-1","AT12-1-2-1","modern","Gobiidae",1.060037466,0.8849551606,2.82271273564983,"omnivore_carnivore","demersal","Cryptobenthic","No","No","Yes",19,37,0.00980621621621622,3.01654054054054,"AT12-1_2",0.224365348045587
"1849","Caribbean","Bocas","Cayo Adriana","AT14-3","AT14-3-6","modern","Gobiidae",1.060219944,0.9024754773,2.82322937591533,"omnivore_carnivore","demersal","Cryptobenthic","No","No","Yes",19,37,0.00980621621621622,3.01654054054054,"AT14-3_5",0.224489246720511
"1850","Caribbean","Bocas","STRI Point","AT12-1","AT12-1-2-2","modern","Gobiidae",1.061132925,0.8902255491,2.82581433493784,"omnivore_carnivore","demersal","Cryptobenthic","No","No","Yes",19,37,0.00980621621621622,3.01654054054054,"AT12-1_3",0.225109848586731
"1851","Caribbean","Bocas","STRI Point","AT12-1","AT12-1-2-1","modern","Gobiidae",1.061961253,0.9572371747,2.82815973428295,"omnivore_carnivore","demersal","Cryptobenthic","No","No","Yes",19,37,0.00980621621621622,3.01654054054054,"AT12-1_2",0.225673927973379
"1852","Caribbean","Bocas","Punta Donato","AT14-2","AT14-2-2","modern","Gobiidae",1.062723021,0.8161069411,2.83031677202273,"omnivore_carnivore","demersal","Cryptobenthic","No","No","Yes",19,37,0.00980621621621622,3.01654054054054,"AT14-2_2",0.226193538926391
"1853","Caribbean","Bocas","Cayo Adriana","AT14-3","AT14-3-4","modern","Gobiidae",1.063605883,0.9019439406,2.83281682431541,"omnivore_carnivore","demersal","Cryptobenthic","No","No","Yes",19,37,0.00980621621621622,3.01654054054054,"AT14-3_3",0.226796778942939
"1854","Caribbean","Bocas","STRI Point","AT12-1","AT12-1-2-2","modern","Gobiidae",1.063713884,0.8796068294,2.83312266611515,"omnivore_carnivore","demersal","Cryptobenthic","No","No","Yes",19,37,0.00980621621621622,3.01654054054054,"AT12-1_3",0.226870649550541
"1855","Caribbean","Bocas","STRI Point","AT12-1","AT12-1-3-1","modern","Gobiidae",1.066493207,0.9376864319,2.84099394549909,"omnivore_carnivore","demersal","Cryptobenthic","No","No","Yes",19,37,0.00980621621621622,3.01654054054054,"AT12-1_4",0.228777354318579
"1856","Caribbean","Bocas","STRI Point","AT12-1","AT12-1-1-1","modern","Gobiidae",1.067191492,0.8992749212,2.84297175210828,"omnivore_carnivore","demersal","Cryptobenthic","No","No","Yes",19,37,0.00980621621621622,3.01654054054054,"AT12-1_1",0.229258127819318
"1857","Caribbean","Bocas","STRI Point","AT12-1","AT12-1-2-1","modern","Gobiidae",1.067432574,0.9891930546,2.84365460630862,"omnivore_carnivore","demersal","Cryptobenthic","No","No","Yes",19,37,0.00980621621621622,3.01654054054054,"AT12-1_2",0.229424275590731
"1858","Caribbean","Bocas","Punta Donato","AT14-2","AT14-2-2","modern","Gobiidae",1.068413297,0.8607779848,2.84643256174114,"omnivore_carnivore","demersal","Cryptobenthic","No","No","Yes",19,37,0.00980621621621622,3.01654054054054,"AT14-2_2",0.230101019980872
"1859","Caribbean","Bocas","STRI Point","AT12-1","AT12-1-4-1","modern","Gobiidae",1.070613353,0.9231513622,2.85266493584196,"omnivore_carnivore","demersal","Cryptobenthic","No","No","Yes",19,37,0.00980621621621622,3.01654054054054,"AT12-1_5",0.231624156206154
"1860","Caribbean","Bocas","Punta Donato","AT14-2","AT14-2-1","modern","Gobiidae",1.070672634,1.036050086,2.85283287976624,"omnivore_carnivore","demersal","Cryptobenthic","No","No","Yes",19,37,0.00980621621621622,3.01654054054054,"AT14-2_1",0.231665293178892
"1861","Caribbean","Bocas","STRI Point","AT12-1","AT12-1-4-1","modern","Gobiidae",1.071752792,0.8774037905,2.85589308583056,"omnivore_carnivore","demersal","Cryptobenthic","No","No","Yes",19,37,0.00980621621621622,3.01654054054054,"AT12-1_5",0.232415729964616
"1862","Caribbean","Bocas","Punta Donato","AT14-2","AT14-2-2","modern","Gobiidae",1.072169839,0.8010045308,2.85707467791508,"omnivore_carnivore","demersal","Cryptobenthic","No","No","Yes",19,37,0.00980621621621622,3.01654054054054,"AT14-2_2",0.232705919314861
"1863","Caribbean","Bocas","Casa Blanca new","AT14-1","AT14-1-2","modern","Gobiidae",1.072983845,0.8590663813,2.85938103178056,"omnivore_carnivore","demersal","Cryptobenthic","No","No","Yes",19,37,0.00980621621621622,3.01654054054054,"AT14-1_2",0.233273038553698
"1864","Caribbean","Bocas","Cayo Adriana","AT14-3","AT14-3-6","modern","Gobiidae",1.073163799,0.9245942531,2.85989091716512,"omnivore_carnivore","demersal","Cryptobenthic","No","No","Yes",19,37,0.00980621621621622,3.01654054054054,"AT14-3_5",0.233398541038954
"1865","Caribbean","Bocas","STRI Point","AT12-1","AT12-1-3-1","modern","Gobiidae",1.074378552,0.8521952473,2.86333296482549,"omnivore_carnivore","demersal","Cryptobenthic","No","No","Yes",19,37,0.00980621621621622,3.01654054054054,"AT12-1_4",0.234246942937006
"1866","Caribbean","Bocas","Casa Blanca new","AT14-1","AT14-1-2","modern","Gobiidae",1.074814502,0.8983775502,2.86456830533721,"omnivore_carnivore","demersal","Cryptobenthic","No","No","Yes",19,37,0.00980621621621622,3.01654054054054,"AT14-1_2",0.234551933804026
"1867","Caribbean","Bocas","Punta Donato","AT14-2","AT14-2-1","modern","Gobiidae",1.077576803,0.9495549665,2.87239650391505,"omnivore_carnivore","demersal","Cryptobenthic","No","No","Yes",19,37,0.00980621621621622,3.01654054054054,"AT14-2_1",0.236490795970939
"1868","Caribbean","Bocas","Casa Blanca new","AT14-1","AT14-1-8","modern","Gobiidae",1.077659547,0.9907945596,2.87263101513674,"omnivore_carnivore","demersal","Cryptobenthic","No","No","Yes",19,37,0.00980621621621622,3.01654054054054,"AT14-1_6",0.236549043619664
"1869","Caribbean","Bocas","Cayo Adriana","AT14-3","AT14-3-6","modern","Gobiidae",1.079411178,0.8804664046,2.8775957161812,"omnivore_carnivore","demersal","Cryptobenthic","No","No","Yes",19,37,0.00980621621621622,3.01654054054054,"AT14-3_5",0.237784422555737
"1870","Caribbean","Bocas","STRI Point","AT12-1","AT12-1-2-2","modern","Gobiidae",1.081087149,0.9765659183,2.88234644875503,"omnivore_carnivore","demersal","Cryptobenthic","No","No","Yes",19,37,0.00980621621621622,3.01654054054054,"AT12-1_3",0.238970590267508
"1871","Caribbean","Bocas","Punta Donato","AT14-2","AT14-2-2","modern","Gobiidae",1.082294999,0.8856442688,2.88577052733385,"omnivore_carnivore","demersal","Cryptobenthic","No","No","Yes",19,37,0.00980621621621622,3.01654054054054,"AT14-2_2",0.239827966122566
"1872","Caribbean","Bocas","Punta Donato","AT14-2","AT14-2-2","modern","Gobiidae",1.082973544,0.8847531916,2.88769420946653,"omnivore_carnivore","demersal","Cryptobenthic","No","No","Yes",19,37,0.00980621621621622,3.01654054054054,"AT14-2_2",0.240310549518648
"1873","Caribbean","Bocas","STRI Point","AT12-1","AT12-1-2-1","modern","Gobiidae",1.085113916,0.8964621183,2.89376268554647,"omnivore_carnivore","demersal","Cryptobenthic","No","No","Yes",19,37,0.00980621621621622,3.01654054054054,"AT12-1_2",0.241837167387902
"1874","Caribbean","Bocas","STRI Point","AT12-1","AT12-1-4-1","modern","Gobiidae",1.085155795,0.8929503375,2.89388143026964,"omnivore_carnivore","demersal","Cryptobenthic","No","No","Yes",19,37,0.00980621621621622,3.01654054054054,"AT12-1_5",0.241867103926879
"1875","Caribbean","Bocas","Punta Donato","AT14-2","AT14-2-2","modern","Gobiidae",1.08539807,0.7812165538,2.89456838831499,"omnivore_carnivore","demersal","Cryptobenthic","No","No","Yes",19,37,0.00980621621621622,3.01654054054054,"AT14-2_2",0.242040340424407
"1876","Caribbean","Bocas","Punta Donato","AT14-2","AT14-2-2","modern","Gobiidae",1.086881692,0.8758826843,2.89877533204526,"omnivore_carnivore","demersal","Cryptobenthic","No","No","Yes",19,37,0.00980621621621622,3.01654054054054,"AT14-2_2",0.243103053630225
"1877","Caribbean","Bocas","Punta Donato","AT14-2","AT14-2-1","modern","Gobiidae",1.087957711,0.7198304004,2.90182670800968,"omnivore_carnivore","demersal","Cryptobenthic","No","No","Yes",19,37,0.00980621621621622,3.01654054054054,"AT14-2_1",0.243875808236001
"1878","Caribbean","Bocas","STRI Point","AT12-1","AT12-1-4-1","modern","Gobiidae",1.088756031,0.9108102807,2.90409070815039,"omnivore_carnivore","demersal","Cryptobenthic","No","No","Yes",19,37,0.00980621621621622,3.01654054054054,"AT12-1_5",0.244450221497615
"1879","Caribbean","Bocas","Casa Blanca new","AT14-1","AT14-1-2","modern","Gobiidae",1.089561963,0.8272385971,2.9063764020705,"omnivore_carnivore","demersal","Cryptobenthic","No","No","Yes",19,37,0.00980621621621622,3.01654054054054,"AT14-1_2",0.245031055584148
"1880","Caribbean","Bocas","Casa Blanca new","AT14-1","AT14-1-2","modern","Gobiidae",1.090875912,0.9279996586,2.9101031060261,"omnivore_carnivore","demersal","Cryptobenthic","No","No","Yes",19,37,0.00980621621621622,3.01654054054054,"AT14-1_2",0.245980052266166
"1881","Caribbean","Bocas","Punta Donato","AT14-2","AT14-2-1","modern","Gobiidae",1.090972607,0.8351022914,2.91037736962256,"omnivore_carnivore","demersal","Cryptobenthic","No","No","Yes",19,37,0.00980621621621622,3.01654054054054,"AT14-2_1",0.246049989767813
"1882","Caribbean","Bocas","STRI Point","AT12-1","AT12-1-2-2","modern","Gobiidae",1.091164032,0.9489577971,2.91092032786585,"omnivore_carnivore","demersal","Cryptobenthic","No","No","Yes",19,37,0.00980621621621622,3.01654054054054,"AT12-1_3",0.246188483887216
"1883","Caribbean","Bocas","Punta Donato","AT14-2","AT14-2-1","modern","Gobiidae",1.091260734,0.6105224406,2.9111946158973,"omnivore_carnivore","demersal","Cryptobenthic","No","No","Yes",19,37,0.00980621621621622,3.01654054054054,"AT14-2_1",0.246258467232594
"1884","Caribbean","Bocas","Punta Donato","AT14-2","AT14-2-2","modern","Gobiidae",1.09190811,0.8035880648,2.91303088935835,"omnivore_carnivore","demersal","Cryptobenthic","No","No","Yes",19,37,0.00980621621621622,3.01654054054054,"AT14-2_2",0.246727326635477
"1885","Caribbean","Bocas","Casa Blanca new","AT14-1","AT14-1-2","modern","Gobiidae",1.091921302,0.884399597,2.91306830900775,"omnivore_carnivore","demersal","Cryptobenthic","No","No","Yes",19,37,0.00980621621621622,3.01654054054054,"AT14-1_2",0.246736887268943
"1886","Caribbean","Bocas","STRI Point","AT12-1","AT12-1-3-1","modern","Gobiidae",1.092508439,0.9391402757,2.91473377615072,"omnivore_carnivore","demersal","Cryptobenthic","No","No","Yes",19,37,0.00980621621621622,3.01654054054054,"AT12-1_4",0.247162661108839
"1887","Caribbean","Bocas","STRI Point","AT12-1","AT12-1-6-1","modern","Gobiidae",1.092754521,0.8706697159,2.91543182680943,"omnivore_carnivore","demersal","Cryptobenthic","No","No","Yes",19,37,0.00980621621621622,3.01654054054054,"AT12-1_7",0.24734126254295
"1888","Caribbean","Bocas","STRI Point","AT12-1","AT12-1-2-1","modern","Gobiidae",1.092991957,0.9638636912,2.91610536113952,"omnivore_carnivore","demersal","Cryptobenthic","No","No","Yes",19,37,0.00980621621621622,3.01654054054054,"AT12-1_2",0.247513673055947
"1889","Caribbean","Bocas","STRI Point","AT12-1","AT12-1-4-1","modern","Gobiidae",1.095045281,0.9391983959,2.92193040790963,"omnivore_carnivore","demersal","Cryptobenthic","No","No","Yes",19,37,0.00980621621621622,3.01654054054054,"AT12-1_5",0.249008114746817
"1890","Caribbean","Bocas","STRI Point","AT12-1","AT12-1-3-1","modern","Gobiidae",1.096468385,0.8530975647,2.92596799752435,"omnivore_carnivore","demersal","Cryptobenthic","No","No","Yes",19,37,0.00980621621621622,3.01654054054054,"AT12-1_4",0.250047508054174
"1891","Caribbean","Bocas","Casa Blanca new","AT14-1","AT14-1-8","modern","Gobiidae",1.099396253,0.8860999438,2.93427590198174,"omnivore_carnivore","demersal","Cryptobenthic","No","No","Yes",19,37,0.00980621621621622,3.01654054054054,"AT14-1_6",0.252195320506989
"1892","Caribbean","Bocas","Punta Donato","AT14-2","AT14-2-2","modern","Gobiidae",1.10073118,0.6502183561,2.93806425799909,"omnivore_carnivore","demersal","Cryptobenthic","No","No","Yes",19,37,0.00980621621621622,3.01654054054054,"AT14-2_2",0.25317879080982
"1893","Caribbean","Bocas","STRI Point","AT12-1","AT12-1-2-2","modern","Gobiidae",1.10329887,0.9428009682,2.94535185797638,"omnivore_carnivore","demersal","Cryptobenthic","No","No","Yes",19,37,0.00980621621621622,3.01654054054054,"AT12-1_3",0.255077880232905
"1894","Caribbean","Bocas","STRI Point","AT12-1","AT12-1-4-1","modern","Gobiidae",1.104047636,0.8810703825,2.9474772025511,"omnivore_carnivore","demersal","Cryptobenthic","No","No","Yes",19,37,0.00980621621621622,3.01654054054054,"AT12-1_5",0.255633515841429
"1895","Caribbean","Bocas","STRI Point","AT12-1","AT12-1-2-2","modern","Gobiidae",1.104114738,0.9552522654,2.94766767354551,"omnivore_carnivore","demersal","Cryptobenthic","No","No","Yes",19,37,0.00980621621621622,3.01654054054054,"AT12-1_3",0.25568335074825
"1896","Caribbean","Bocas","STRI Point","AT12-1","AT12-1-3-1","modern","Gobiidae",1.104678257,1.001730257,2.94926726763167,"omnivore_carnivore","demersal","Cryptobenthic","No","No","Yes",19,37,0.00980621621621622,3.01654054054054,"AT12-1_4",0.256102125500719
"1897","Caribbean","Bocas","STRI Point","AT12-1","AT12-1-2-2","modern","Gobiidae",1.10543358,0.8751987301,2.95141139375673,"omnivore_carnivore","demersal","Cryptobenthic","No","No","Yes",19,37,0.00980621621621622,3.01654054054054,"AT12-1_3",0.256664177961043
"1898","Caribbean","Bocas","STRI Point","AT12-1","AT12-1-3-1","modern","Gobiidae",1.105535711,0.9760392982,2.95170131888414,"omnivore_carnivore","demersal","Cryptobenthic","No","No","Yes",19,37,0.00980621621621622,3.01654054054054,"AT12-1_4",0.256740240977954
"1899","Caribbean","Bocas","Punta Donato","AT14-2","AT14-2-1","modern","Gobiidae",1.105597722,1.006652016,2.95187735389286,"omnivore_carnivore","demersal","Cryptobenthic","No","No","Yes",19,37,0.00980621621621622,3.01654054054054,"AT14-2_1",0.256786431818179
"1900","Caribbean","Bocas","Punta Donato","AT14-2","AT14-2-2","modern","Gobiidae",1.105655429,0.7007485751,2.95204117139344,"omnivore_carnivore","demersal","Cryptobenthic","No","No","Yes",19,37,0.00980621621621622,3.01654054054054,"AT14-2_2",0.256829421826175
"1901","Caribbean","Bocas","STRI Point","AT12-1","AT12-1-3-1","modern","Gobiidae",1.107484524,0.8835678249,2.95723385045519,"omnivore_carnivore","demersal","Cryptobenthic","No","No","Yes",19,37,0.00980621621621622,3.01654054054054,"AT12-1_4",0.258194611627916
"1902","Caribbean","Bocas","Punta Donato","AT14-2","AT14-2-2","modern","Gobiidae",1.108795861,0.8865407515,2.96095698283396,"omnivore_carnivore","demersal","Cryptobenthic","No","No","Yes",19,37,0.00980621621621622,3.01654054054054,"AT14-2_2",0.259176428137422
"1903","Caribbean","Bocas","Punta Donato","AT14-2","AT14-2-2","modern","Gobiidae",1.109203671,0.8045559079,2.96211488890252,"omnivore_carnivore","demersal","Cryptobenthic","No","No","Yes",19,37,0.00980621621621622,3.01654054054054,"AT14-2_2",0.259482284223433
"1904","Caribbean","Bocas","Punta Donato","AT14-2","AT14-2-2","modern","Gobiidae",1.111416759,0.7001010047,2.96839903931017,"omnivore_carnivore","demersal","Cryptobenthic","No","No","Yes",19,37,0.00980621621621622,3.01654054054054,"AT14-2_2",0.261146425543257
"1905","Caribbean","Bocas","Casa Blanca new","AT14-1","AT14-1-8","modern","Gobiidae",1.111644132,0.8257091876,2.96904471873815,"omnivore_carnivore","demersal","Cryptobenthic","No","No","Yes",19,37,0.00980621621621622,3.01654054054054,"AT14-1_6",0.261317814629722
"1906","Caribbean","Bocas","Punta Donato","AT14-2","AT14-2-2","modern","Gobiidae",1.111664568,0.8422007748,2.96910275200419,"omnivore_carnivore","demersal","Cryptobenthic","No","No","Yes",19,37,0.00980621621621622,3.01654054054054,"AT14-2_2",0.261333222656227
"1907","Caribbean","Bocas","STRI Point","AT12-1","AT12-1-1-1","modern","Gobiidae",1.111930866,0.9654291511,2.96985897967628,"omnivore_carnivore","demersal","Cryptobenthic","No","No","Yes",19,37,0.00980621621621622,3.01654054054054,"AT12-1_1",0.261534059160041
"1908","Caribbean","Bocas","STRI Point","AT12-1","AT12-1-4-1","modern","Gobiidae",1.112164415,0.9229233102,2.97052221682768,"omnivore_carnivore","demersal","Cryptobenthic","No","No","Yes",19,37,0.00980621621621622,3.01654054054054,"AT12-1_5",0.261710284446249
"1909","Caribbean","Bocas","STRI Point","AT12-1","AT12-1-2-2","modern","Gobiidae",1.112335134,0.9149653484,2.9710070336525,"omnivore_carnivore","demersal","Cryptobenthic","No","No","Yes",19,37,0.00980621621621622,3.01654054054054,"AT12-1_3",0.261839152805486
"1910","Caribbean","Bocas","STRI Point","AT12-1","AT12-1-4-1","modern","Gobiidae",1.11276995,0.9877323847,2.97224186832661,"omnivore_carnivore","demersal","Cryptobenthic","No","No","Yes",19,37,0.00980621621621622,3.01654054054054,"AT12-1_5",0.262167573772018
"1911","Caribbean","Bocas","STRI Point","AT12-1","AT12-1-2-2","modern","Gobiidae",1.113561365,0.9488824936,2.97448948739014,"omnivore_carnivore","demersal","Cryptobenthic","No","No","Yes",19,37,0.00980621621621622,3.01654054054054,"AT12-1_3",0.26276606500125
"1912","Caribbean","Bocas","Punta Donato","AT14-2","AT14-2-2","modern","Gobiidae",1.114648401,0.7836259901,2.97757683491623,"omnivore_carnivore","demersal","Cryptobenthic","No","No","Yes",19,37,0.00980621621621622,3.01654054054054,"AT14-2_2",0.263589645294792
"1913","Caribbean","Bocas","STRI Point","AT12-1","AT12-1-2-2","modern","Gobiidae",1.114715953,0.9503353,2.97776869915323,"omnivore_carnivore","demersal","Cryptobenthic","No","No","Yes",19,37,0.00980621621621622,3.01654054054054,"AT12-1_3",0.263640883838919
"1914","Caribbean","Bocas","STRI Point","AT12-1","AT12-1-1-1","modern","Gobiidae",1.115413233,0.9501921905,2.9797491882129,"omnivore_carnivore","demersal","Cryptobenthic","No","No","Yes",19,37,0.00980621621621622,3.01654054054054,"AT12-1_1",0.264170174967516
"1915","Caribbean","Bocas","STRI Point","AT12-1","AT12-1-1-1","modern","Gobiidae",1.115878464,1.023547485,2.98107063049005,"omnivore_carnivore","demersal","Cryptobenthic","No","No","Yes",19,37,0.00980621621621622,3.01654054054054,"AT12-1_1",0.264523728852898
"1916","Caribbean","Bocas","STRI Point","AT12-1","AT12-1-1-1","modern","Gobiidae",1.119466217,0.9685849609,2.99126245452532,"omnivore_carnivore","demersal","Cryptobenthic","No","No","Yes",19,37,0.00980621621621622,3.01654054054054,"AT12-1_1",0.267261200774653
"1917","Caribbean","Bocas","Cayo Adriana","AT14-3","AT14-3-6","modern","Gobiidae",1.120454013,0.961491994,2.99406887546043,"omnivore_carnivore","demersal","Cryptobenthic","No","No","Yes",19,37,0.00980621621621622,3.01654054054054,"AT14-3_5",0.268018302327703
"1918","Caribbean","Bocas","STRI Point","AT12-1","AT12-1-1-1","modern","Gobiidae",1.121436566,0.9618009235,2.99686055575948,"omnivore_carnivore","demersal","Cryptobenthic","No","No","Yes",19,37,0.00980621621621622,3.01654054054054,"AT12-1_1",0.268772848355514
"1919","Caribbean","Bocas","Punta Donato","AT14-2","AT14-2-2","modern","Gobiidae",1.121985181,0.6197960208,2.99841937631685,"omnivore_carnivore","demersal","Cryptobenthic","No","No","Yes",19,37,0.00980621621621622,3.01654054054054,"AT14-2_2",0.269194789519416
"1920","Caribbean","Bocas","STRI Point","AT12-1","AT12-1-4-1","modern","Gobiidae",1.122677705,0.8687777051,3.00038716502877,"omnivore_carnivore","demersal","Cryptobenthic","No","No","Yes",19,37,0.00980621621621622,3.01654054054054,"AT12-1_5",0.269728062092436
"1921","Caribbean","Bocas","STRI Point","AT12-1","AT12-1-2-2","modern","Gobiidae",1.122916093,0.9806988793,3.00106455601569,"omnivore_carnivore","demersal","Cryptobenthic","No","No","Yes",19,37,0.00980621621621622,3.01654054054054,"AT12-1_3",0.269911798944015
"1922","Caribbean","Bocas","STRI Point","AT12-1","AT12-1-2-1","modern","Gobiidae",1.124938616,0.9153656953,3.00681201824801,"omnivore_carnivore","demersal","Cryptobenthic","No","No","Yes",19,37,0.00980621621621622,3.01654054054054,"AT12-1_2",0.271474119593729
"1923","Caribbean","Bocas","STRI Point","AT12-1","AT12-1-2-1","modern","Gobiidae",1.127292345,1.019157145,3.01350150086015,"omnivore_carnivore","demersal","Cryptobenthic","No","No","Yes",19,37,0.00980621621621622,3.01654054054054,"AT12-1_2",0.273300106638333
"1924","Caribbean","Bocas","STRI Point","AT12-1","AT12-1-1-1","modern","Gobiidae",1.128336433,0.9724959235,3.01646916384729,"omnivore_carnivore","demersal","Cryptobenthic","No","No","Yes",19,37,0.00980621621621622,3.01654054054054,"AT12-1_1",0.274112793597551
"1925","Caribbean","Bocas","STRI Point","AT12-1","AT12-1-2-1","modern","Gobiidae",1.128657054,1.008431742,3.01738051563943,"omnivore_carnivore","demersal","Cryptobenthic","No","No","Yes",19,37,0.00980621621621622,3.01654054054054,"AT12-1_2",0.274362688803094
"1926","Caribbean","Bocas","Punta Donato","AT14-2","AT14-2-2","modern","Gobiidae",1.129572536,0.7208383071,3.01998282505825,"omnivore_carnivore","demersal","Cryptobenthic","No","No","Yes",19,37,0.00980621621621622,3.01654054054054,"AT14-2_2",0.275077087519309
"1927","Caribbean","Bocas","STRI Point","AT12-1","AT12-1-3-1","modern","Gobiidae",1.12994629,0.9357532881,3.02104528031157,"omnivore_carnivore","demersal","Cryptobenthic","No","No","Yes",19,37,0.00980621621621622,3.01654054054054,"AT12-1_4",0.275369115053922
"1928","Caribbean","Bocas","Casa Blanca new","AT14-1","AT14-1-8","modern","Gobiidae",1.13106605,0.9274470653,3.02422850939829,"omnivore_carnivore","demersal","Cryptobenthic","No","No","Yes",19,37,0.00980621621621622,3.01654054054054,"AT14-1_6",0.276245301173272
"1929","Caribbean","Bocas","STRI Point","AT12-1","AT12-1-6-1","modern","Gobiidae",1.131172046,0.969496584,3.02452984282269,"omnivore_carnivore","demersal","Cryptobenthic","No","No","Yes",19,37,0.00980621621621622,3.01654054054054,"AT12-1_7",0.276328339846199
"1930","Caribbean","Bocas","STRI Point","AT12-1","AT12-1-2-1","modern","Gobiidae",1.131431517,1.02268753,3.02526749408926,"omnivore_carnivore","demersal","Cryptobenthic","No","No","Yes",19,37,0.00980621621621622,3.01654054054054,"AT12-1_2",0.276531685364086
"1931","Caribbean","Bocas","STRI Point","AT12-1","AT12-1-2-1","modern","Gobiidae",1.131442729,1.080574754,3.02529936897535,"omnivore_carnivore","demersal","Cryptobenthic","No","No","Yes",19,37,0.00980621621621622,3.01654054054054,"AT12-1_2",0.276540474446582
"1932","Caribbean","Bocas","STRI Point","AT12-1","AT12-1-4-1","modern","Gobiidae",1.131739678,0.9637364455,3.02614358027141,"omnivore_carnivore","demersal","Cryptobenthic","No","No","Yes",19,37,0.00980621621621622,3.01654054054054,"AT12-1_5",0.276773322632564
"1933","Caribbean","Bocas","STRI Point","AT12-1","AT12-1-2-1","modern","Gobiidae",1.132602176,1.004280563,3.02859569877265,"omnivore_carnivore","demersal","Cryptobenthic","No","No","Yes",19,37,0.00980621621621622,3.01654054054054,"AT12-1_2",0.277450402802531
"1934","Caribbean","Bocas","STRI Point","AT12-1","AT12-1-3-1","modern","Gobiidae",1.132947082,0.9556834104,3.0295763142591,"omnivore_carnivore","demersal","Cryptobenthic","No","No","Yes",19,37,0.00980621621621622,3.01654054054054,"AT12-1_4",0.277721480473738
"1935","Caribbean","Bocas","Punta Donato","AT14-2","AT14-2-2","modern","Gobiidae",1.1336629,0.9665699512,3.03161154412962,"omnivore_carnivore","demersal","Cryptobenthic","No","No","Yes",19,37,0.00980621621621622,3.01654054054054,"AT14-2_2",0.278284656738397
"1936","Caribbean","Bocas","Punta Donato","AT14-2","AT14-2-2","modern","Gobiidae",1.133707441,0.8341155572,3.03173818679084,"omnivore_carnivore","demersal","Cryptobenthic","No","No","Yes",19,37,0.00980621621621622,3.01654054054054,"AT14-2_2",0.278319725723414
"1937","Caribbean","Bocas","STRI Point","AT12-1","AT12-1-2-1","modern","Gobiidae",1.13400875,0.9425977494,3.03259490176453,"omnivore_carnivore","demersal","Cryptobenthic","No","No","Yes",19,37,0.00980621621621622,3.01654054054054,"AT12-1_2",0.278557038734996
"1938","Caribbean","Bocas","STRI Point","AT12-1","AT12-1-2-2","modern","Gobiidae",1.134090115,0.9461390339,3.03282625017308,"omnivore_carnivore","demersal","Cryptobenthic","No","No","Yes",19,37,0.00980621621621622,3.01654054054054,"AT12-1_3",0.278621146232454
"1939","Caribbean","Bocas","STRI Point","AT12-1","AT12-1-3-1","modern","Gobiidae",1.137894283,0.9443264813,3.04364396606619,"omnivore_carnivore","demersal","Cryptobenthic","No","No","Yes",19,37,0.00980621621621622,3.01654054054054,"AT12-1_4",0.281629800238425
"1940","Caribbean","Bocas","STRI Point","AT12-1","AT12-1-1-1","modern","Gobiidae",1.138469591,0.9435284421,3.04528013896755,"omnivore_carnivore","demersal","Cryptobenthic","No","No","Yes",19,37,0.00980621621621622,3.01654054054054,"AT12-1_1",0.282086739519218
"1941","Caribbean","Bocas","STRI Point","AT12-1","AT12-1-2-2","modern","Gobiidae",1.139155428,1.039162316,3.04723072407528,"omnivore_carnivore","demersal","Cryptobenthic","No","No","Yes",19,37,0.00980621621621622,3.01654054054054,"AT12-1_3",0.282632132996862
"1942","Caribbean","Bocas","STRI Point","AT12-1","AT12-1-2-1","modern","Gobiidae",1.146020546,0.934206015,3.0667598523961,"omnivore_carnivore","demersal","Cryptobenthic","No","No","Yes",19,37,0.00980621621621622,3.01654054054054,"AT12-1_2",0.288131485779327
"1943","Caribbean","Bocas","STRI Point","AT12-1","AT12-1-1-1","modern","Gobiidae",1.148811556,1.048694964,3.07470152685263,"omnivore_carnivore","demersal","Cryptobenthic","No","No","Yes",19,37,0.00980621621621622,3.01654054054054,"AT12-1_1",0.290388143333509
"1944","Caribbean","Bocas","Punta Donato","AT14-2","AT14-2-2","modern","Gobiidae",1.149613301,0.8901785071,3.07698307646283,"omnivore_carnivore","demersal","Cryptobenthic","No","No","Yes",19,37,0.00980621621621622,3.01654054054054,"AT14-2_2",0.291038632230805
"1945","Caribbean","Bocas","STRI Point","AT12-1","AT12-1-4-1","modern","Gobiidae",1.150559057,0.9141283151,3.07967457181305,"omnivore_carnivore","demersal","Cryptobenthic","No","No","Yes",19,37,0.00980621621621622,3.01654054054054,"AT12-1_5",0.291807251566062
"1946","Caribbean","Bocas","STRI Point","AT12-1","AT12-1-3-1","modern","Gobiidae",1.151687691,0.8489520412,3.08288669663871,"omnivore_carnivore","demersal","Cryptobenthic","No","No","Yes",19,37,0.00980621621621622,3.01654054054054,"AT12-1_4",0.292726323434877
"1947","Caribbean","Bocas","STRI Point","AT12-1","AT12-1-2-2","modern","Gobiidae",1.154490202,1.012301359,3.09086358400076,"omnivore_carnivore","demersal","Cryptobenthic","No","No","Yes",19,37,0.00980621621621622,3.01654054054054,"AT12-1_3",0.295017082294081
"1948","Caribbean","Bocas","Punta Donato","AT14-2","AT14-2-2","modern","Gobiidae",1.155058113,0.7167264198,3.09248019871783,"omnivore_carnivore","demersal","Cryptobenthic","No","No","Yes",19,37,0.00980621621621622,3.01654054054054,"AT14-2_2",0.295482788503015
"1949","Caribbean","Bocas","Punta Donato","AT14-2","AT14-2-2","modern","Gobiidae",1.155279337,0.9859058362,3.0931099482745,"omnivore_carnivore","demersal","Cryptobenthic","No","No","Yes",19,37,0.00980621621621622,3.01654054054054,"AT14-2_2",0.295664336501727
"1950","Caribbean","Bocas","STRI Point","AT12-1","AT12-1-2-2","modern","Gobiidae",1.155861825,1.032528935,3.09476813015252,"omnivore_carnivore","demersal","Cryptobenthic","No","No","Yes",19,37,0.00980621621621622,3.01654054054054,"AT12-1_3",0.296142723800532
"1951","Caribbean","Bocas","Punta Donato","AT14-2","AT14-2-2","modern","Gobiidae",1.157670196,0.949772016,3.0999163977083,"omnivore_carnivore","demersal","Cryptobenthic","No","No","Yes",19,37,0.00980621621621622,3.01654054054054,"AT14-2_2",0.297631301356649
"1952","Caribbean","Bocas","STRI Point","AT12-1","AT12-1-2-1","modern","Gobiidae",1.162604911,0.9934868343,3.11396766718592,"omnivore_carnivore","demersal","Cryptobenthic","No","No","Yes",19,37,0.00980621621621622,3.01654054054054,"AT12-1_2",0.301719544434455
"1953","Caribbean","Bocas","STRI Point","AT12-1","AT12-1-2-1","modern","Gobiidae",1.165140617,0.9135320785,3.1211893877433,"omnivore_carnivore","demersal","Cryptobenthic","No","No","Yes",19,37,0.00980621621621622,3.01654054054054,"AT12-1_2",0.30383524557172
"1954","Caribbean","Bocas","STRI Point","AT12-1","AT12-1-2-1","modern","Gobiidae",1.166496616,0.9756232897,3.12505169687612,"omnivore_carnivore","demersal","Cryptobenthic","No","No","Yes",19,37,0.00980621621621622,3.01654054054054,"AT12-1_2",0.30497082097715
"1955","Caribbean","Bocas","STRI Point","AT12-1","AT12-1-3-1","modern","Gobiidae",1.167216337,0.9473122496,3.12710180268232,"omnivore_carnivore","demersal","Cryptobenthic","No","No","Yes",19,37,0.00980621621621622,3.01654054054054,"AT12-1_4",0.305574733112951
"1956","Caribbean","Bocas","STRI Point","AT12-1","AT12-1-2-2","modern","Gobiidae",1.167322329,0.9822823869,3.12740372478245,"omnivore_carnivore","demersal","Cryptobenthic","No","No","Yes",19,37,0.00980621621621622,3.01654054054054,"AT12-1_3",0.305663739622168
"1957","Caribbean","Bocas","STRI Point","AT12-1","AT12-1-2-1","modern","Gobiidae",1.168378704,1.068114127,3.13041294243688,"omnivore_carnivore","demersal","Cryptobenthic","No","No","Yes",19,37,0.00980621621621622,3.01654054054054,"AT12-1_2",0.30655180310404
"1958","Caribbean","Bocas","STRI Point","AT12-1","AT12-1-2-2","modern","Gobiidae",1.171231142,0.9205909189,3.13853933159237,"omnivore_carnivore","demersal","Cryptobenthic","No","No","Yes",19,37,0.00980621621621622,3.01654054054054,"AT12-1_3",0.308958632287839
"1959","Caribbean","Bocas","Punta Donato","AT14-2","AT14-2-2","modern","Gobiidae",1.171803307,0.8024978493,3.14016953901627,"omnivore_carnivore","demersal","Cryptobenthic","No","No","Yes",19,37,0.00980621621621622,3.01654054054054,"AT14-2_2",0.309442974383826
"1960","Caribbean","Bocas","STRI Point","AT12-1","AT12-1-2-2","modern","Gobiidae",1.172777892,0.9866339992,3.14294643380046,"omnivore_carnivore","demersal","Cryptobenthic","No","No","Yes",19,37,0.00980621621621622,3.01654054054054,"AT12-1_3",0.310269170775135
"1961","Caribbean","Bocas","Casa Blanca new","AT14-1","AT14-1-2","modern","Gobiidae",1.173212761,0.8592379843,3.14418555748171,"omnivore_carnivore","demersal","Cryptobenthic","No","No","Yes",19,37,0.00980621621621622,3.01654054054054,"AT14-1_2",0.310638316715625
"1962","Caribbean","Bocas","STRI Point","AT12-1","AT12-1-2-1","modern","Gobiidae",1.173560152,1.04947618,3.14517544061906,"omnivore_carnivore","demersal","Cryptobenthic","No","No","Yes",19,37,0.00980621621621622,3.01654054054054,"AT12-1_2",0.310933422553283
"1963","Caribbean","Bocas","STRI Point","AT12-1","AT12-1-2-2","modern","Gobiidae",1.173730235,1.042565155,3.14566009520444,"omnivore_carnivore","demersal","Cryptobenthic","No","No","Yes",19,37,0.00980621621621622,3.01654054054054,"AT12-1_3",0.311077977014081
"1964","Caribbean","Bocas","Punta Donato","AT14-2","AT14-2-2","modern","Gobiidae",1.174897633,0.7557066803,3.14898673674573,"omnivore_carnivore","demersal","Cryptobenthic","No","No","Yes",19,37,0.00980621621621622,3.01654054054054,"AT14-2_2",0.312071403293259
"1965","Caribbean","Bocas","STRI Point","AT12-1","AT12-1-4-1","modern","Gobiidae",1.176434008,1.030011353,3.15336514133522,"omnivore_carnivore","demersal","Cryptobenthic","No","No","Yes",19,37,0.00980621621621622,3.01654054054054,"AT12-1_5",0.313382144351393
"1966","Caribbean","Bocas","STRI Point","AT12-1","AT12-1-2-1","modern","Gobiidae",1.176529153,1.001592348,3.15363630012089,"omnivore_carnivore","demersal","Cryptobenthic","No","No","Yes",19,37,0.00980621621621622,3.01654054054054,"AT12-1_2",0.313463440596248
"1967","Caribbean","Bocas","STRI Point","AT12-1","AT12-1-2-2","modern","Gobiidae",1.17675401,0.9826579156,3.15427713753113,"omnivore_carnivore","demersal","Cryptobenthic","No","No","Yes",19,37,0.00980621621621622,3.01654054054054,"AT12-1_3",0.313655626394218
"1968","Caribbean","Bocas","STRI Point","AT12-1","AT12-1-2-1","modern","Gobiidae",1.177851881,1.06040074,3.15740615645215,"omnivore_carnivore","demersal","Cryptobenthic","No","No","Yes",19,37,0.00980621621621622,3.01654054054054,"AT12-1_2",0.314595143947252
"1969","Caribbean","Bocas","Punta Donato","AT14-2","AT14-2-1","modern","Gobiidae",1.178212465,1.069450253,3.15843388952953,"omnivore_carnivore","demersal","Cryptobenthic","No","No","Yes",19,37,0.00980621621621622,3.01654054054054,"AT14-2_1",0.314904140466958
"1970","Caribbean","Bocas","STRI Point","AT12-1","AT12-1-2-2","modern","Gobiidae",1.17848258,1.070293943,3.15920378175694,"omnivore_carnivore","demersal","Cryptobenthic","No","No","Yes",19,37,0.00980621621621622,3.01654054054054,"AT12-1_3",0.315135747858442
"1971","Caribbean","Bocas","STRI Point","AT12-1","AT12-1-6-1","modern","Gobiidae",1.178491114,0.9790990565,3.15922810587589,"omnivore_carnivore","demersal","Cryptobenthic","No","No","Yes",19,37,0.00980621621621622,3.01654054054054,"AT12-1_7",0.315143067160776
"1972","Caribbean","Bocas","Casa Blanca new","AT14-1","AT14-1-2","modern","Gobiidae",1.180068474,0.9562769565,3.16372418322578,"omnivore_carnivore","demersal","Cryptobenthic","No","No","Yes",19,37,0.00980621621621622,3.01654054054054,"AT14-1_2",0.316497921940571
"1973","Caribbean","Bocas","STRI Point","AT12-1","AT12-1-3-1","modern","Gobiidae",1.180671659,1.022749971,3.16544359091304,"omnivore_carnivore","demersal","Cryptobenthic","No","No","Yes",19,37,0.00980621621621622,3.01654054054054,"AT12-1_4",0.317017078371721
"1974","Caribbean","Bocas","Punta Donato","AT14-2","AT14-2-2","modern","Gobiidae",1.184185274,0.8643042613,3.17546042187289,"omnivore_carnivore","demersal","Cryptobenthic","No","No","Yes",19,37,0.00980621621621622,3.01654054054054,"AT14-2_2",0.320052873978124
"1975","Caribbean","Bocas","Casa Blanca new","AT14-1","AT14-1-8","modern","Gobiidae",1.184642914,1.064157478,3.1767652287543,"omnivore_carnivore","demersal","Cryptobenthic","No","No","Yes",19,37,0.00980621621621622,3.01654054054054,"AT14-1_6",0.320449745876585
"1976","Caribbean","Bocas","STRI Point","AT12-1","AT12-1-3-1","modern","Gobiidae",1.185968924,0.9833960862,3.18054608121919,"omnivore_carnivore","demersal","Cryptobenthic","No","No","Yes",19,37,0.00980621621621622,3.01654054054054,"AT12-1_4",0.321601592780804
"1977","Caribbean","Bocas","Punta Donato","AT14-2","AT14-2-2","modern","Gobiidae",1.187654494,1.100241147,3.18535253300772,"omnivore_carnivore","demersal","Cryptobenthic","No","No","Yes",19,37,0.00980621621621622,3.01654054054054,"AT14-2_2",0.323069882728089
"1978","Caribbean","Bocas","STRI Point","AT12-1","AT12-1-2-2","modern","Gobiidae",1.187719661,1.032684575,3.18553836726529,"omnivore_carnivore","demersal","Cryptobenthic","No","No","Yes",19,37,0.00980621621621622,3.01654054054054,"AT12-1_3",0.323126741759783
"1979","Caribbean","Bocas","Cayo Adriana","AT14-3","AT14-3-4","modern","Gobiidae",1.190886162,1.020086399,3.19456893404439,"omnivore_carnivore","demersal","Cryptobenthic","No","No","Yes",19,37,0.00980621621621622,3.01654054054054,"AT14-3_3",0.325897859649886
"1980","Caribbean","Bocas","STRI Point","AT12-1","AT12-1-2-1","modern","Gobiidae",1.193512582,1.090315426,3.20206039226383,"omnivore_carnivore","demersal","Cryptobenthic","No","No","Yes",19,37,0.00980621621621622,3.01654054054054,"AT12-1_2",0.32820870692694
"1981","Caribbean","Bocas","Punta Donato","AT14-2","AT14-2-1","modern","Gobiidae",1.196061729,0.8553802752,3.20933243818559,"omnivore_carnivore","demersal","Cryptobenthic","No","No","Yes",19,37,0.00980621621621622,3.01654054054054,"AT14-2_1",0.330462325678643
"1982","Caribbean","Bocas","Punta Donato","AT14-2","AT14-2-2","modern","Gobiidae",1.199300736,0.872699011,3.21857388691842,"omnivore_carnivore","demersal","Cryptobenthic","No","No","Yes",19,37,0.00980621621621622,3.01654054054054,"AT14-2_2",0.333341160793275
"1983","Caribbean","Bocas","STRI Point","AT12-1","AT12-1-2-2","modern","Gobiidae",1.200536789,1.018440782,3.2221009768346,"omnivore_carnivore","demersal","Cryptobenthic","No","No","Yes",19,37,0.00980621621621622,3.01654054054054,"AT12-1_3",0.334444301550286
"1984","Caribbean","Bocas","STRI Point","AT12-1","AT12-1-2-1","modern","Gobiidae",1.201467261,0.9814959993,3.22475623974815,"omnivore_carnivore","demersal","Cryptobenthic","No","No","Yes",19,37,0.00980621621621622,3.01654054054054,"AT12-1_2",0.335276375936549
"1985","Caribbean","Bocas","Casa Blanca new","AT14-1","AT14-1-2","modern","Gobiidae",1.2024152,0.8922257768,3.22746148149398,"omnivore_carnivore","demersal","Cryptobenthic","No","No","Yes",19,37,0.00980621621621622,3.01654054054054,"AT14-1_2",0.336125534120625
"1986","Caribbean","Bocas","STRI Point","AT12-1","AT12-1-4-1","modern","Gobiidae",1.206943819,1.047607376,3.24038717802065,"omnivore_carnivore","demersal","Cryptobenthic","No","No","Yes",19,37,0.00980621621621622,3.01654054054054,"AT12-1_5",0.3402026785248
"1987","Caribbean","Bocas","STRI Point","AT12-1","AT12-1-2-2","modern","Gobiidae",1.209198608,1.096500992,3.24682399709804,"omnivore_carnivore","demersal","Cryptobenthic","No","No","Yes",19,37,0.00980621621621622,3.01654054054054,"AT12-1_3",0.342245313854817
"1988","Caribbean","Bocas","STRI Point","AT12-1","AT12-1-2-1","modern","Gobiidae",1.210011753,1.117700687,3.24914549472409,"omnivore_carnivore","demersal","Cryptobenthic","No","No","Yes",19,37,0.00980621621621622,3.01654054054054,"AT12-1_2",0.342984015774375
"1989","Caribbean","Bocas","Casa Blanca new","AT14-1","AT14-1-2","modern","Gobiidae",1.213217636,0.9866836397,3.25829912773001,"omnivore_carnivore","demersal","Cryptobenthic","No","No","Yes",19,37,0.00980621621621622,3.01654054054054,"AT14-1_2",0.345907094027561
"1990","Caribbean","Bocas","Punta Donato","AT14-2","AT14-2-2","modern","Gobiidae",1.213291896,0.8542646669,3.25851117756072,"omnivore_carnivore","demersal","Cryptobenthic","No","No","Yes",19,37,0.00980621621621622,3.01654054054054,"AT14-2_2",0.345975005650676
"1991","Caribbean","Bocas","STRI Point","AT12-1","AT12-1-1-1","modern","Gobiidae",1.213960831,1.078325795,3.26042136205224,"omnivore_carnivore","demersal","Cryptobenthic","No","No","Yes",19,37,0.00980621621621622,3.01654054054054,"AT12-1_1",0.346587168065104
"1992","Caribbean","Bocas","STRI Point","AT12-1","AT12-1-2-1","modern","Gobiidae",1.21413538,1.094322433,3.26091980826718,"omnivore_carnivore","demersal","Cryptobenthic","No","No","Yes",19,37,0.00980621621621622,3.01654054054054,"AT12-1_2",0.34674702561773
"1993","Caribbean","Bocas","STRI Point","AT12-1","AT12-1-2-2","modern","Gobiidae",1.215188948,1.051000222,3.263928497939,"omnivore_carnivore","demersal","Cryptobenthic","No","No","Yes",19,37,0.00980621621621622,3.01654054054054,"AT12-1_3",0.347712994511505
"1994","Caribbean","Bocas","Cayo Adriana","AT14-3","AT14-3-4","modern","Gobiidae",1.216740107,0.9634616605,3.26835846574797,"omnivore_carnivore","demersal","Cryptobenthic","No","No","Yes",19,37,0.00980621621621622,3.01654054054054,"AT14-3_3",0.34913855027254
"1995","Caribbean","Bocas","STRI Point","AT12-1","AT12-1-3-1","modern","Gobiidae",1.216789556,1.107355678,3.2684996934322,"omnivore_carnivore","demersal","Cryptobenthic","No","No","Yes",19,37,0.00980621621621622,3.01654054054054,"AT12-1_4",0.349184061237807
"1996","Caribbean","Bocas","STRI Point","AT12-1","AT12-1-2-1","modern","Gobiidae",1.222574709,1.057375536,3.28502474854121,"omnivore_carnivore","demersal","Cryptobenthic","No","No","Yes",19,37,0.00980621621621622,3.01654054054054,"AT12-1_2",0.354536726493618
"1997","Caribbean","Bocas","STRI Point","AT12-1","AT12-1-2-1","modern","Gobiidae",1.22624978,1.042063691,3.29552501007473,"omnivore_carnivore","demersal","Cryptobenthic","No","No","Yes",19,37,0.00980621621621622,3.01654054054054,"AT12-1_2",0.357966226345865
"1998","Caribbean","Bocas","STRI Point","AT12-1","AT12-1-2-1","modern","Gobiidae",1.229553314,1.065730422,3.30496543011914,"omnivore_carnivore","demersal","Cryptobenthic","No","No","Yes",19,37,0.00980621621621622,3.01654054054054,"AT12-1_2",0.361068440028433
"1999","Caribbean","Bocas","STRI Point","AT12-1","AT12-1-2-1","modern","Gobiidae",1.230046884,1.047648369,3.30637602963346,"omnivore_carnivore","demersal","Cryptobenthic","No","No","Yes",19,37,0.00980621621621622,3.01654054054054,"AT12-1_2",0.36153351437743
"2000","Caribbean","Bocas","Punta Donato","AT14-2","AT14-2-2","modern","Gobiidae",1.23472891,1.006915417,3.31975881490733,"omnivore_carnivore","demersal","Cryptobenthic","No","No","Yes",19,37,0.00980621621621622,3.01654054054054,"AT14-2_2",0.365965753513074
"2001","Caribbean","Bocas","Punta Donato","AT14-2","AT14-2-2","modern","Gobiidae",1.238393595,0.9948178467,3.33023594146222,"omnivore_carnivore","demersal","Cryptobenthic","No","No","Yes",19,37,0.00980621621621622,3.01654054054054,"AT14-2_2",0.369460909106076
"2002","Caribbean","Bocas","STRI Point","AT12-1","AT12-1-2-1","modern","Gobiidae",1.239179563,1.013347066,3.33248323494086,"omnivore_carnivore","demersal","Cryptobenthic","No","No","Yes",19,37,0.00980621621621622,3.01654054054054,"AT12-1_2",0.370213498178485
"2003","Caribbean","Bocas","Punta Donato","AT14-2","AT14-2-1","modern","Gobiidae",1.241858344,0.6778853058,3.34014326566309,"omnivore_carnivore","demersal","Cryptobenthic","No","No","Yes",19,37,0.00980621621621622,3.01654054054054,"AT14-2_1",0.372786440761432
"2004","Caribbean","Bocas","Punta Donato","AT14-2","AT14-2-2","modern","Gobiidae",1.242052098,0.7527271934,3.34069734985795,"omnivore_carnivore","demersal","Cryptobenthic","No","No","Yes",19,37,0.00980621621621622,3.01654054054054,"AT14-2_2",0.372973015386866
"2005","Caribbean","Bocas","Punta Donato","AT14-2","AT14-2-2","modern","Gobiidae",1.242183293,0.7501154835,3.34107253528524,"omnivore_carnivore","demersal","Cryptobenthic","No","No","Yes",19,37,0.00980621621621622,3.01654054054054,"AT14-2_2",0.373099385561012
"2006","Caribbean","Bocas","STRI Point","AT12-1","AT12-1-3-1","modern","Gobiidae",1.242683038,1.038893148,3.34250170600259,"omnivore_carnivore","demersal","Cryptobenthic","No","No","Yes",19,37,0.00980621621621622,3.01654054054054,"AT12-1_4",0.373581021849664
"2007","Caribbean","Bocas","Punta Donato","AT14-2","AT14-2-2","modern","Gobiidae",1.243076138,0.7954125519,3.34362591889546,"omnivore_carnivore","demersal","Cryptobenthic","No","No","Yes",19,37,0.00980621621621622,3.01654054054054,"AT14-2_2",0.373960178053147
"2008","Caribbean","Bocas","Punta Donato","AT14-2","AT14-2-1","modern","Gobiidae",1.243129172,1.103329989,3.34377759069193,"omnivore_carnivore","demersal","Cryptobenthic","No","No","Yes",19,37,0.00980621621621622,3.01654054054054,"AT14-2_1",0.374011351130541
"2009","Caribbean","Bocas","Punta Donato","AT14-2","AT14-2-2","modern","Gobiidae",1.243204733,0.8512414353,3.34399368810296,"omnivore_carnivore","demersal","Cryptobenthic","No","No","Yes",19,37,0.00980621621621622,3.01654054054054,"AT14-2_2",0.374084269076972
"2010","Caribbean","Bocas","STRI Point","AT12-1","AT12-1-2-1","modern","Gobiidae",1.244741414,1.115733096,3.34838863254539,"omnivore_carnivore","demersal","Cryptobenthic","No","No","Yes",19,37,0.00980621621621622,3.01654054054054,"AT12-1_2",0.375569322005654
"2011","Caribbean","Bocas","STRI Point","AT12-1","AT12-1-2-1","modern","Gobiidae",1.249972995,1.104770649,3.36335364955429,"omnivore_carnivore","demersal","Cryptobenthic","No","No","Yes",19,37,0.00980621621621622,3.01654054054054,"AT12-1_2",0.380655554871323
"2012","Caribbean","Bocas","STRI Point","AT12-1","AT12-1-2-2","modern","Gobiidae",1.25553104,1.071394988,3.3792568612407,"omnivore_carnivore","demersal","Cryptobenthic","No","No","Yes",19,37,0.00980621621621622,3.01654054054054,"AT12-1_3",0.386110903590701
"2013","Caribbean","Bocas","STRI Point","AT12-1","AT12-1-2-2","modern","Gobiidae",1.255604238,1.039377621,3.37946633212833,"omnivore_carnivore","demersal","Cryptobenthic","No","No","Yes",19,37,0.00980621621621622,3.01654054054054,"AT12-1_3",0.38618310585946
"2014","Caribbean","Bocas","STRI Point","AT12-1","AT12-1-2-1","modern","Gobiidae",1.255983163,1.089242042,3.38055071503114,"omnivore_carnivore","demersal","Cryptobenthic","No","No","Yes",19,37,0.00980621621621622,3.01654054054054,"AT12-1_2",0.386557024807836
"2015","Caribbean","Bocas","STRI Point","AT12-1","AT12-1-2-1","modern","Gobiidae",1.25693213,1.047259212,3.38326649779817,"omnivore_carnivore","demersal","Cryptobenthic","No","No","Yes",19,37,0.00980621621621622,3.01654054054054,"AT12-1_2",0.387494548044006
"2016","Caribbean","Bocas","STRI Point","AT12-1","AT12-1-1-1","modern","Gobiidae",1.257552559,0.9208669267,3.3850421305783,"omnivore_carnivore","demersal","Cryptobenthic","No","No","Yes",19,37,0.00980621621621622,3.01654054054054,"AT12-1_1",0.388108340439573
"2017","Caribbean","Bocas","Casa Blanca new","AT14-1","AT14-1-8","modern","Gobiidae",1.264695642,1.039274493,3.40548921498285,"omnivore_carnivore","demersal","Cryptobenthic","No","No","Yes",19,37,0.00980621621621622,3.01654054054054,"AT14-1_6",0.395223290077823
"2018","Caribbean","Bocas","STRI Point","AT12-1","AT12-1-6-1","modern","Gobiidae",1.26552861,1.066906685,3.40787406325765,"omnivore_carnivore","demersal","Cryptobenthic","No","No","Yes",19,37,0.00980621621621622,3.01654054054054,"AT12-1_7",0.396058776804564
"2019","Caribbean","Bocas","STRI Point","AT12-1","AT12-1-2-2","modern","Gobiidae",1.266554922,1.105480131,3.41081260603139,"omnivore_carnivore","demersal","Cryptobenthic","No","No","Yes",19,37,0.00980621621621622,3.01654054054054,"AT12-1_3",0.397089862625357
"2020","Caribbean","Bocas","STRI Point","AT12-1","AT12-1-3-1","modern","Gobiidae",1.271079448,1.038338962,3.42376905009303,"omnivore_carnivore","demersal","Cryptobenthic","No","No","Yes",19,37,0.00980621621621622,3.01654054054054,"AT12-1_4",0.401657464666176
"2021","Caribbean","Bocas","STRI Point","AT12-1","AT12-1-1-1","modern","Gobiidae",1.271698083,0.9837868184,3.42554080172561,"omnivore_carnivore","demersal","Cryptobenthic","No","No","Yes",19,37,0.00980621621621622,3.01654054054054,"AT12-1_1",0.402284785873087
"2022","Caribbean","Bocas","STRI Point","AT12-1","AT12-1-4-1","modern","Gobiidae",1.272908462,1.100810318,3.42900744761059,"omnivore_carnivore","demersal","Cryptobenthic","No","No","Yes",19,37,0.00980621621621622,3.01654054054054,"AT12-1_5",0.403514109355039
"2023","Caribbean","Bocas","Punta Donato","AT14-2","AT14-2-2","modern","Gobiidae",1.273013826,1.054064167,3.42930923045558,"omnivore_carnivore","demersal","Cryptobenthic","No","No","Yes",19,37,0.00980621621621622,3.01654054054054,"AT14-2_2",0.403621244644823
"2024","Caribbean","Bocas","STRI Point","AT12-1","AT12-1-2-1","modern","Gobiidae",1.273996442,1.156834777,3.43212370848872,"omnivore_carnivore","demersal","Cryptobenthic","No","No","Yes",19,37,0.00980621621621622,3.01654054054054,"AT12-1_2",0.404621322310949
"2025","Caribbean","Bocas","STRI Point","AT12-1","AT12-1-2-1","modern","Gobiidae",1.277634996,1.099716598,3.44254670593544,"omnivore_carnivore","demersal","Cryptobenthic","No","No","Yes",19,37,0.00980621621621622,3.01654054054054,"AT12-1_2",0.408339385583493
"2026","Caribbean","Bocas","STRI Point","AT12-1","AT12-1-2-1","modern","Gobiidae",1.278309497,1.057447363,3.44447908709868,"omnivore_carnivore","demersal","Cryptobenthic","No","No","Yes",19,37,0.00980621621621622,3.01654054054054,"AT12-1_2",0.409031199293508
"2027","Caribbean","Bocas","STRI Point","AT12-1","AT12-1-1-1","modern","Gobiidae",1.278465238,1.059078223,3.44492527940357,"omnivore_carnivore","demersal","Cryptobenthic","No","No","Yes",19,37,0.00980621621621622,3.01654054054054,"AT12-1_1",0.40919105231425
"2028","Caribbean","Bocas","STRI Point","AT12-1","AT12-1-2-1","modern","Gobiidae",1.283449049,1.202407171,3.45920552957312,"omnivore_carnivore","demersal","Cryptobenthic","No","No","Yes",19,37,0.00980621621621622,3.01654054054054,"AT12-1_2",0.41432918399576
"2029","Caribbean","Bocas","STRI Point","AT12-1","AT12-1-2-1","modern","Gobiidae",1.287067185,1.002422713,3.46957487168911,"omnivore_carnivore","demersal","Cryptobenthic","No","No","Yes",19,37,0.00980621621621622,3.01654054054054,"AT12-1_2",0.418087051717906
"2030","Caribbean","Bocas","STRI Point","AT12-1","AT12-1-3-1","modern","Gobiidae",1.288367207,1.115366582,3.47330110050978,"omnivore_carnivore","demersal","Cryptobenthic","No","No","Yes",19,37,0.00980621621621622,3.01654054054054,"AT12-1_4",0.419442988166503
"2031","Caribbean","Bocas","Cayo Adriana","AT14-3","AT14-3-6","modern","Gobiidae",1.28955696,1.035482002,3.4767114757335,"omnivore_carnivore","demersal","Cryptobenthic","No","No","Yes",19,37,0.00980621621621622,3.01654054054054,"AT14-3_5",0.420686562411035
"2032","Caribbean","Bocas","Punta Donato","AT14-2","AT14-2-2","modern","Gobiidae",1.292833627,0.9297192874,3.48610492724735,"omnivore_carnivore","demersal","Cryptobenthic","No","No","Yes",19,37,0.00980621621621622,3.01654054054054,"AT14-2_2",0.424124570665113
"2033","Caribbean","Bocas","STRI Point","AT12-1","AT12-1-2-1","modern","Gobiidae",1.29292801,1.189170537,3.48637552395126,"omnivore_carnivore","demersal","Cryptobenthic","No","No","Yes",19,37,0.00980621621621622,3.01654054054054,"AT12-1_2",0.424223886531582
"2034","Caribbean","Bocas","STRI Point","AT12-1","AT12-1-4-1","modern","Gobiidae",1.294493646,1.055214586,3.49086439518399,"omnivore_carnivore","demersal","Cryptobenthic","No","No","Yes",19,37,0.00980621621621622,3.01654054054054,"AT12-1_5",0.42587368519434
"2035","Caribbean","Bocas","Cayo Adriana","AT14-3","AT14-3-4","modern","Gobiidae",1.296579124,1.163039579,3.49684425063862,"omnivore_carnivore","demersal","Cryptobenthic","No","No","Yes",19,37,0.00980621621621622,3.01654054054054,"AT14-3_3",0.428078121561353
"2036","Caribbean","Bocas","STRI Point","AT12-1","AT12-1-1-1","modern","Gobiidae",1.297199458,0.9752359169,3.49862310062874,"omnivore_carnivore","demersal","Cryptobenthic","No","No","Yes",19,37,0.00980621621621622,3.01654054054054,"AT12-1_1",0.428735352455156
"2037","Caribbean","Bocas","STRI Point","AT12-1","AT12-1-2-2","modern","Gobiidae",1.298292429,1.013889164,3.50175740027494,"omnivore_carnivore","demersal","Cryptobenthic","No","No","Yes",19,37,0.00980621621621622,3.01654054054054,"AT12-1_3",0.429895021450302
"2038","Caribbean","Bocas","Punta Donato","AT14-2","AT14-2-2","modern","Gobiidae",1.305190677,0.797907879,3.52154326682389,"omnivore_carnivore","demersal","Cryptobenthic","No","No","Yes",19,37,0.00980621621621622,3.01654054054054,"AT14-2_2",0.437264087784729
"2039","Caribbean","Bocas","Cayo Adriana","AT14-3","AT14-3-6","modern","Gobiidae",1.305725597,1.106575323,3.52307782527762,"omnivore_carnivore","demersal","Cryptobenthic","No","No","Yes",19,37,0.00980621621621622,3.01654054054054,"AT14-3_5",0.437839122660168
"2040","Caribbean","Bocas","Cayo Adriana","AT14-3","AT14-3-6","modern","Gobiidae",1.311516684,1.027908776,3.53969362042529,"omnivore_carnivore","demersal","Cryptobenthic","No","No","Yes",19,37,0.00980621621621622,3.01654054054054,"AT14-3_5",0.444097852483429
"2041","Caribbean","Bocas","Casa Blanca new","AT14-1","AT14-1-8","modern","Gobiidae",1.311684083,1.043742006,3.54017399097351,"omnivore_carnivore","demersal","Cryptobenthic","No","No","Yes",19,37,0.00980621621621622,3.01654054054054,"AT14-1_6",0.444279679311687
"2042","Caribbean","Bocas","STRI Point","AT12-1","AT12-1-1-1","modern","Gobiidae",1.315155888,1.034727626,3.55013760519941,"omnivore_carnivore","demersal","Cryptobenthic","No","No","Yes",19,37,0.00980621621621622,3.01654054054054,"AT12-1_1",0.448062273448654
"2043","Caribbean","Bocas","Punta Donato","AT14-2","AT14-2-1","modern","Gobiidae",1.319386362,0.8515818742,3.5622807455617,"omnivore_carnivore","demersal","Cryptobenthic","No","No","Yes",19,37,0.00980621621621622,3.01654054054054,"AT14-2_1",0.452701336793182
"2044","Caribbean","Bocas","Casa Blanca new","AT14-1","AT14-1-2","modern","Gobiidae",1.320099363,1.091328264,3.5643275842563,"omnivore_carnivore","demersal","Cryptobenthic","No","No","Yes",19,37,0.00980621621621622,3.01654054054054,"AT14-1_2",0.453486442253734
"2045","Caribbean","Bocas","STRI Point","AT12-1","AT12-1-2-1","modern","Gobiidae",1.323657556,1.118257998,3.57454326655149,"omnivore_carnivore","demersal","Cryptobenthic","No","No","Yes",19,37,0.00980621621621622,3.01654054054054,"AT12-1_2",0.457418479897798
"2046","Caribbean","Bocas","STRI Point","AT12-1","AT12-1-6-1","modern","Gobiidae",1.329180348,1.036394376,3.5904028115974,"omnivore_carnivore","demersal","Cryptobenthic","No","No","Yes",19,37,0.00980621621621622,3.01654054054054,"AT12-1_7",0.463567903769617
"2047","Caribbean","Bocas","STRI Point","AT12-1","AT12-1-2-2","modern","Gobiidae",1.334177653,1.122765347,3.60475693219883,"omnivore_carnivore","demersal","Cryptobenthic","No","No","Yes",19,37,0.00980621621621622,3.01654054054054,"AT12-1_3",0.469181037835482
"2048","Caribbean","Bocas","STRI Point","AT12-1","AT12-1-1-1","modern","Gobiidae",1.33681579,1.094813366,3.61233601602743,"omnivore_carnivore","demersal","Cryptobenthic","No","No","Yes",19,37,0.00980621621621622,3.01654054054054,"AT12-1_1",0.472163058774894
"2049","Caribbean","Bocas","STRI Point","AT12-1","AT12-1-3-1","modern","Gobiidae",1.34541324,1.121314067,3.63704212013659,"omnivore_carnivore","demersal","Cryptobenthic","No","No","Yes",19,37,0.00980621621621622,3.01654054054054,"AT12-1_4",0.481971698391325
"2050","Caribbean","Bocas","Cayo Adriana","AT14-3","AT14-3-6","modern","Gobiidae",1.356678793,1.052765514,3.66943053701827,"omnivore_carnivore","demersal","Cryptobenthic","No","No","Yes",19,37,0.00980621621621622,3.01654054054054,"AT14-3_5",0.495035386316827
"2051","Caribbean","Bocas","Casa Blanca new","AT14-1","AT14-1-2","modern","Gobiidae",1.356830315,1.136723989,3.66986627836323,"omnivore_carnivore","demersal","Cryptobenthic","No","No","Yes",19,37,0.00980621621621622,3.01654054054054,"AT14-1_2",0.49521273481172
"2052","Caribbean","Bocas","STRI Point","AT12-1","AT12-1-6-1","modern","Gobiidae",1.357709846,1.109104932,3.67239566173691,"omnivore_carnivore","demersal","Cryptobenthic","No","No","Yes",19,37,0.00980621621621622,3.01654054054054,"AT12-1_7",0.496243043021767
"2053","Caribbean","Bocas","STRI Point","AT12-1","AT12-1-2-1","modern","Gobiidae",1.36159103,1.115695801,3.68355853142153,"omnivore_carnivore","demersal","Cryptobenthic","No","No","Yes",19,37,0.00980621621621622,3.01654054054054,"AT12-1_2",0.500807197630071
"2054","Caribbean","Bocas","Casa Blanca new","AT14-1","AT14-1-2","modern","Gobiidae",1.361729536,1.101211418,3.68395693275636,"omnivore_carnivore","demersal","Cryptobenthic","No","No","Yes",19,37,0.00980621621621622,3.01654054054054,"AT14-1_2",0.500970608257484
"2055","Caribbean","Bocas","Casa Blanca new","AT14-1","AT14-1-2","modern","Gobiidae",1.365799517,1.130819473,3.69566504770417,"omnivore_carnivore","demersal","Cryptobenthic","No","No","Yes",19,37,0.00980621621621622,3.01654054054054,"AT14-1_2",0.505788807743653
"2056","Caribbean","Bocas","Casa Blanca new","AT14-1","AT14-1-8","modern","Gobiidae",1.366760104,1.197196587,3.69842869053951,"omnivore_carnivore","demersal","Cryptobenthic","No","No","Yes",19,37,0.00980621621621622,3.01654054054054,"AT14-1_6",0.506930621071196
"2057","Caribbean","Bocas","Casa Blanca new","AT14-1","AT14-1-2","modern","Gobiidae",1.367589222,1.134627826,3.70081419117051,"omnivore_carnivore","demersal","Cryptobenthic","No","No","Yes",19,37,0.00980621621621622,3.01654054054054,"AT14-1_2",0.50791758751302
"2058","Caribbean","Bocas","STRI Point","AT12-1","AT12-1-2-1","modern","Gobiidae",1.381575614,1.194481468,3.74106894546695,"omnivore_carnivore","demersal","Cryptobenthic","No","No","Yes",19,37,0.00980621621621622,3.01654054054054,"AT12-1_2",0.524766689519558
"2059","Caribbean","Bocas","STRI Point","AT12-1","AT12-1-3-1","modern","Gobiidae",1.389075428,1.175568173,3.76266507195133,"omnivore_carnivore","demersal","Cryptobenthic","No","No","Yes",19,37,0.00980621621621622,3.01654054054054,"AT12-1_4",0.533958074499181
"2060","Caribbean","Bocas","STRI Point","AT12-1","AT12-1-3-1","modern","Gobiidae",1.395100382,1.088964791,3.78001960172103,"omnivore_carnivore","demersal","Cryptobenthic","No","No","Yes",19,37,0.00980621621621622,3.01654054054054,"AT12-1_4",0.5414217325695
"2061","Caribbean","Bocas","Cayo Adriana","AT14-3","AT14-3-6","modern","Gobiidae",1.402596599,1.13261988,3.80161863459518,"omnivore_carnivore","demersal","Cryptobenthic","No","No","Yes",19,37,0.00980621621621622,3.01654054054054,"AT14-3_5",0.550807824918848
"2062","Caribbean","Bocas","STRI Point","AT12-1","AT12-1-2-2","modern","Gobiidae",1.422087086,1.157688412,3.85781112957811,"omnivore_carnivore","demersal","Cryptobenthic","No","No","Yes",19,37,0.00980621621621622,3.01654054054054,"AT12-1_3",0.575735151613569
"2063","Caribbean","Bocas","STRI Point","AT12-1","AT12-1-2-2","modern","Gobiidae",1.43111842,1.158443573,3.88386568130987,"omnivore_carnivore","demersal","Cryptobenthic","No","No","Yes",19,37,0.00980621621621622,3.01654054054054,"AT12-1_3",0.587544572824906
"2064","Caribbean","Bocas","Cayo Adriana","AT14-3","AT14-3-6","modern","Gobiidae",1.436084091,1.152257741,3.89819561139474,"omnivore_carnivore","demersal","Cryptobenthic","No","No","Yes",19,37,0.00980621621621622,3.01654054054054,"AT14-3_5",0.594108208951906
"2065","Caribbean","Bocas","STRI Point","AT12-1","AT12-1-2-1","modern","Gobiidae",1.444005755,1.205455349,3.92106242709169,"omnivore_carnivore","demersal","Cryptobenthic","No","No","Yes",19,37,0.00980621621621622,3.01654054054054,"AT12-1_2",0.604683271206142
"2066","Caribbean","Bocas","Cayo Adriana","AT14-3","AT14-3-4","modern","Gobiidae",1.47671575,1.144394561,4.01556725258476,"omnivore_carnivore","demersal","Cryptobenthic","No","No","Yes",19,37,0.00980621621621622,3.01654054054054,"AT14-3_3",0.649723352309218
"2067","Caribbean","Bocas","Casa Blanca new","AT14-1","AT14-1-2","modern","Gobiidae",1.489726228,1.241123544,4.053193749814,"omnivore_carnivore","demersal","Cryptobenthic","No","No","Yes",19,37,0.00980621621621622,3.01654054054054,"AT14-1_2",0.668262135988779
"2068","Caribbean","Bocas","STRI Point","AT12-1","AT12-1-2-1","modern","Gobiidae",1.49305263,1.210420176,4.06281709756178,"omnivore_carnivore","demersal","Cryptobenthic","No","No","Yes",19,37,0.00980621621621622,3.01654054054054,"AT12-1_2",0.673059736534952
"2069","Caribbean","Bocas","STRI Point","AT12-1","AT12-1-2-2","modern","Gobiidae",1.500621488,1.308428327,4.08471900377705,"omnivore_carnivore","demersal","Cryptobenthic","No","No","Yes",19,37,0.00980621621621622,3.01654054054054,"AT12-1_3",0.684064377612678
"2070","Caribbean","Bocas","Casa Blanca new","AT14-1","AT14-1-2","modern","Gobiidae",1.512955374,1.272614739,4.12042436426317,"omnivore_carnivore","demersal","Cryptobenthic","No","No","Yes",19,37,0.00980621621621622,3.01654054054054,"AT14-1_2",0.70226136524284
"2071","Caribbean","Bocas","Casa Blanca new","AT14-1","AT14-1-8","modern","Gobiidae",1.517655802,1.299011423,4.13403648392093,"omnivore_carnivore","demersal","Cryptobenthic","No","No","Yes",19,37,0.00980621621621622,3.01654054054054,"AT14-1_6",0.709282988975787
"2072","Caribbean","Bocas","STRI Point","AT12-1","AT12-1-2-2","modern","Gobiidae",1.524998838,1.276825008,4.15530674973835,"omnivore_carnivore","demersal","Cryptobenthic","No","No","Yes",19,37,0.00980621621621622,3.01654054054054,"AT12-1_3",0.720348676438114
"2073","Caribbean","Bocas","STRI Point","AT12-1","AT12-1-2-1","modern","Gobiidae",1.529719426,1.281319824,4.16898410239531,"omnivore_carnivore","demersal","Cryptobenthic","No","No","Yes",19,37,0.00980621621621622,3.01654054054054,"AT12-1_2",0.727524824977105
"2074","Caribbean","Bocas","STRI Point","AT12-1","AT12-1-2-2","modern","Gobiidae",1.531300904,1.379542858,4.17356684759128,"omnivore_carnivore","demersal","Cryptobenthic","No","No","Yes",19,37,0.00980621621621622,3.01654054054054,"AT12-1_3",0.72993991716508
"2075","Caribbean","Bocas","STRI Point","AT12-1","AT12-1-1-1","modern","Gobiidae",1.553749367,1.315635763,4.23864926780277,"omnivore_carnivore","demersal","Cryptobenthic","No","No","Yes",19,37,0.00980621621621622,3.01654054054054,"AT12-1_1",0.764818865196205
"2076","Caribbean","Bocas","STRI Point","AT12-1","AT12-1-2-1","modern","Gobiidae",1.554102462,1.254580098,4.23967343559141,"omnivore_carnivore","demersal","Cryptobenthic","No","No","Yes",19,37,0.00980621621621622,3.01654054054054,"AT12-1_2",0.765376458037509
"2077","Caribbean","Bocas","Casa Blanca new","AT14-1","AT14-1-8","modern","Gobiidae",1.568265765,1.271514626,4.28076682673569,"omnivore_carnivore","demersal","Cryptobenthic","No","No","Yes",19,37,0.00980621621621622,3.01654054054054,"AT14-1_6",0.787974004656771
"2078","Caribbean","Bocas","STRI Point","AT12-1","AT12-1-1-1","modern","Gobiidae",1.611297529,1.287279228,4.40576233430032,"omnivore_carnivore","demersal","Cryptobenthic","No","No","Yes",19,37,0.00980621621621622,3.01654054054054,"AT12-1_1",0.859443078782261
"2079","Caribbean","Bocas","Casa Blanca new","AT14-1","AT14-1-8","modern","Gobiidae",1.612358876,1.35810897,4.40884794883554,"omnivore_carnivore","demersal","Cryptobenthic","No","No","Yes",19,37,0.00980621621621622,3.01654054054054,"AT14-1_6",0.861260072947745
"2080","Caribbean","Bocas","Casa Blanca new","AT14-1","AT14-1-2","modern","Gobiidae",1.630687572,1.346778896,4.46215447740989,"omnivore_carnivore","demersal","Cryptobenthic","No","No","Yes",19,37,0.00980621621621622,3.01654054054054,"AT14-1_2",0.893056811567044
"2081","Caribbean","Bocas","STRI Point","AT12-1","AT12-1-1-1","modern","Gobiidae",1.644821946,1.295135632,4.50328829438546,"omnivore_carnivore","demersal","Cryptobenthic","No","No","Yes",19,37,0.00980621621621622,3.01654054054054,"AT12-1_1",0.918122123432903
"2082","Caribbean","Bocas","STRI Point","AT12-1","AT12-1-2-1","modern","Gobiidae",1.672451347,1.152677191,4.58375970914952,"omnivore_carnivore","demersal","Cryptobenthic","No","No","Yes",19,37,0.00980621621621622,3.01654054054054,"AT12-1_2",0.968509667330735
"2083","Caribbean","Bocas","STRI Point","AT12-1","AT12-1-2-1","modern","Gobiidae",1.704475817,1.081824692,4.67713705144658,"omnivore_carnivore","demersal","Cryptobenthic","No","No","Yes",19,37,0.00980621621621622,3.01654054054054,"AT12-1_2",1.02925642236574
"2084","Caribbean","Bocas","STRI Point","AT12-1","AT12-1-6-1","modern","Gobiidae",1.710174271,1.437809139,4.69376436413653,"omnivore_carnivore","demersal","Cryptobenthic","No","No","Yes",19,37,0.00980621621621622,3.01654054054054,"AT12-1_7",1.04033363517744
"2085","Caribbean","Bocas","STRI Point","AT12-1","AT12-1-6-1","modern","Gobiidae",1.711456929,1.400701314,4.69750746899141,"omnivore_carnivore","demersal","Cryptobenthic","No","No","Yes",19,37,0.00980621621621622,3.01654054054054,"AT12-1_7",1.04283825416215
"2086","Caribbean","Bocas","Casa Blanca new","AT14-1","AT14-1-8","modern","Gobiidae",1.711791278,1.268882663,4.6984832090243,"omnivore_carnivore","demersal","Cryptobenthic","No","No","Yes",19,37,0.00980621621621622,3.01654054054054,"AT14-1_6",1.04349181153269
"2087","Caribbean","Bocas","Casa Blanca new","AT14-1","AT14-1-8","modern","Gobiidae",1.741097602,1.383087015,4.78405525269418,"omnivore_carnivore","demersal","Cryptobenthic","No","No","Yes",19,37,0.00980621621621622,3.01654054054054,"AT14-1_6",1.10187980018726
"2088","Caribbean","Bocas","Casa Blanca new","AT14-1","AT14-1-8","modern","Gobiidae",1.751240841,1.546161996,4.81369397518968,"omnivore_carnivore","demersal","Cryptobenthic","No","No","Yes",19,37,0.00980621621621622,3.01654054054054,"AT14-1_6",1.12260108814044
"2089","Caribbean","Bocas","Casa Blanca new","AT14-1","AT14-1-8","modern","Gobiidae",1.753688525,1.502569793,4.82084777923976,"omnivore_carnivore","demersal","Cryptobenthic","No","No","Yes",19,37,0.00980621621621622,3.01654054054054,"AT14-1_6",1.12764124191553
"2090","Caribbean","Bocas","Casa Blanca new","AT14-1","AT14-1-8","modern","Gobiidae",1.768140782,1.456294174,4.86309998638671,"omnivore_carnivore","demersal","Cryptobenthic","No","No","Yes",19,37,0.00980621621621622,3.01654054054054,"AT14-1_6",1.15771850971082
"2091","Caribbean","Bocas","Casa Blanca new","AT14-1","AT14-1-8","modern","Gobiidae",1.786488829,1.556938197,4.91677326440534,"omnivore_carnivore","demersal","Cryptobenthic","No","No","Yes",19,37,0.00980621621621622,3.01654054054054,"AT14-1_6",1.19669306149155
"2092","Caribbean","Bocas","Cayo Adriana","AT14-3","AT14-3-6","modern","Gobiidae",1.818656841,1.503882173,5.01095784626877,"omnivore_carnivore","demersal","Cryptobenthic","No","No","Yes",19,37,0.00980621621621622,3.01654054054054,"AT14-3_5",1.26718720834997
"2093","Caribbean","Bocas","STRI Point","AT12-1","AT12-1-6-1","modern","Gobiidae",1.81926817,1.459313358,5.01274877997277,"omnivore_carnivore","demersal","Cryptobenthic","No","No","Yes",19,37,0.00980621621621622,3.01654054054054,"AT12-1_7",1.26855388319133
"2094","Caribbean","Bocas","Casa Blanca new","AT14-1","AT14-1-2","modern","Gobiidae",1.852539637,1.450640948,5.1102770930979,"omnivore_carnivore","demersal","Cryptobenthic","No","No","Yes",19,37,0.00980621621621622,3.01654054054054,"AT14-1_2",1.34447542092399
"2095","Caribbean","Bocas","STRI Point","AT12-1","AT12-1-1-1","modern","Gobiidae",1.85472155,1.443668432,5.11667680530785,"omnivore_carnivore","demersal","Cryptobenthic","No","No","Yes",19,37,0.00980621621621622,3.01654054054054,"AT12-1_1",1.34956083463428
"2096","Caribbean","Bocas","Casa Blanca new","AT14-1","AT14-1-8","modern","Gobiidae",1.872151755,1.584735582,5.16781793538009,"omnivore_carnivore","demersal","Cryptobenthic","No","No","Yes",19,37,0.00980621621621622,3.01654054054054,"AT14-1_6",1.39066193077738
"2097","Caribbean","Bocas","Cayo Adriana","AT14-3","AT14-3-6","modern","Gobiidae",1.911464171,1.473972454,5.28327278392077,"omnivore_carnivore","demersal","Cryptobenthic","No","No","Yes",19,37,0.00980621621621622,3.01654054054054,"AT14-3_5",1.48650979577622
"2098","Caribbean","Bocas","STRI Point","AT12-1","AT12-1-2-2","modern","Gobiidae",1.923102575,1.586088803,5.31748204162012,"omnivore_carnivore","demersal","Cryptobenthic","No","No","Yes",19,37,0.00980621621621622,3.01654054054054,"AT12-1_3",1.51573448098875
"2099","Caribbean","Bocas","STRI Point","AT12-1","AT12-1-2-1","modern","Gobiidae",1.957448478,1.789356954,5.4185124821497,"omnivore_carnivore","demersal","Cryptobenthic","No","No","Yes",19,37,0.00980621621621622,3.01654054054054,"AT12-1_2",1.60428111938807
"2100","Caribbean","Bocas","STRI Point","AT12-1","AT12-1-2-2","modern","Gobiidae",1.97595919,1.750334411,5.47300943536067,"omnivore_carnivore","demersal","Cryptobenthic","No","No","Yes",19,37,0.00980621621621622,3.01654054054054,"AT12-1_3",1.65344866432219
"2101","Caribbean","Bocas","STRI Point","AT12-1","AT12-1-6-1","modern","Gobiidae",1.982052758,1.687449261,5.49095644512202,"omnivore_carnivore","demersal","Cryptobenthic","No","No","Yes",19,37,0.00980621621621622,3.01654054054054,"AT12-1_7",1.66985837468674
"2102","Caribbean","Bocas","Casa Blanca new","AT14-1","AT14-1-2","modern","Gobiidae",2.016928387,1.714769234,5.59374031860203,"omnivore_carnivore","demersal","Cryptobenthic","No","No","Yes",19,37,0.00980621621621622,3.01654054054054,"AT14-1_2",1.76593928499657
"2103","Caribbean","Bocas","Cayo Adriana","AT14-3","AT14-3-4","modern","Gobiidae",2.127921012,1.785289403,5.92159261336736,"omnivore_carnivore","demersal","Cryptobenthic","No","No","Yes",19,37,0.00980621621621622,3.01654054054054,"AT14-3_3",2.09697664479936
"2104","Caribbean","Bocas","STRI Point","AT12-1","AT12-1-2-1","modern","Gobiidae",2.500861506,2.147604795,7.03084797516339,"omnivore_carnivore","demersal","Cryptobenthic","No","No","Yes",19,37,0.00980621621621622,3.01654054054054,"AT12-1_2",3.51993426037046
"2105","Caribbean","Bocas","Casa Blanca","AT13-12","AT13-12-1-2","modern","Haemulidae",1.823589644,1.323350011,3.7991314321577,"omnivore_carnivore","demersal","Not cryptobenthic","Yes","Yes","Yes",26,69,0.0169027536231884,3.01954057971014,"AT13-12_2",0.951344439056347
"2106","Caribbean","Bocas","Casa Blanca","AT13-12","AT13-12-1-2","modern","Haemulidae",2.200757517,1.39329985,4.65999725400487,"omnivore_carnivore","demersal","Not cryptobenthic","Yes","Yes","Yes",26,69,0.0169027536231884,3.01954057971014,"AT13-12_2",1.76268653415634
"2107","Caribbean","Bocas","Cayo Adriana","AT14-3","AT14-3-1","modern","Haemulidae",2.291687931,1.367837229,4.8695474166498,"omnivore_carnivore","demersal","Not cryptobenthic","Yes","Yes","Yes",26,69,0.0169027536231884,3.01954057971014,"AT14-3_1",2.01306215448492
"2108","Caribbean","Bocas","Punta Caracol","AT13-10","AT13-10-5","modern","Haemulidae",2.62503451,1.71047662,5.64372066684612,"omnivore_carnivore","demersal","Not cryptobenthic","Yes","Yes","Yes",26,69,0.0169027536231884,3.01954057971014,"AT13-10_9",3.1429684264483
"2109","Caribbean","Bocas","Casa Blanca","AT13-12","AT13-12-1-2","modern","Haemulidae",2.705447595,1.849724684,5.83179375139138,"omnivore_carnivore","demersal","Not cryptobenthic","Yes","Yes","Yes",26,69,0.0169027536231884,3.01954057971014,"AT13-12_2",3.46998939829233
"2110","Caribbean","Bocas","Punta Caracol","AT13-10","AT13-10-5","modern","Haemulidae",3.001159319,2.211317842,6.52748031116768,"omnivore_carnivore","demersal","Not cryptobenthic","Yes","Yes","Yes",26,69,0.0169027536231884,3.01954057971014,"AT13-10_9",4.8765734914063
"2111","Caribbean","Bocas","Cayo Adriana","AT14-3","AT14-3-1","modern","Haemulidae",3.318066241,2.01362617,7.27963164024227,"omnivore_carnivore","demersal","Not cryptobenthic","Yes","Yes","Yes",26,69,0.0169027536231884,3.01954057971014,"AT14-3_1",6.77847175197449
"2112","Caribbean","Bocas","Casa Blanca","AT13-12","AT13-12-1-2","modern","Haemulidae",4.09094071,2.594288288,9.13917441670516,"omnivore_carnivore","demersal","Not cryptobenthic","Yes","Yes","Yes",26,69,0.0169027536231884,3.01954057971014,"AT13-12_2",13.4727123500358
"2113","Caribbean","Bocas","Sunset Point","AFH12-1","AFH12-1-1-1-F","pre_exp","Gobiidae",0.786708422,0.766429346,2.05574698346404,"omnivore_carnivore","demersal","Cryptobenthic","No","No","Yes",19,37,0.00980621621621622,3.01654054054054,"AFH12-1_1",0.0862158545333402
"2114","Caribbean","Bocas","Sunset Point","AFH12-1","AFH12-1-1-1-F","pre_exp","Engraulidae",1.018583282,0.708677645,3.30866975963964,"planktivore","pelagic","Not cryptobenthic","Yes","No","No",16,60,0.00646266666666667,3.19177016666667,"AFH12-1_1",0.294459822577336
"2115","Caribbean","Bocas","Sunset Point","AFH12-1","AFH12-1-1-1-F","pre_exp","Engraulidae",1.072456917,0.6901916724,3.50451249068073,"planktivore","pelagic","Not cryptobenthic","Yes","No","No",16,60,0.00646266666666667,3.19177016666667,"AFH12-1_1",0.353783782545846
"2116","Caribbean","Bocas","Sunset Point","AFH12-1","AFH12-1-1-1-F","pre_exp","Engraulidae",1.088356901,0.6855597364,3.56253311549953,"planktivore","pelagic","Not cryptobenthic","Yes","No","No",16,60,0.00646266666666667,3.19177016666667,"AFH12-1_1",0.372820156578447
"2117","Caribbean","Bocas","Sunset Point","AFH12-1","AFH12-1-1-1-F","pre_exp","Engraulidae",1.2177737,0.7805214138,4.03833404262212,"planktivore","pelagic","Not cryptobenthic","Yes","No","No",16,60,0.00646266666666667,3.19177016666667,"AFH12-1_1",0.556249944983433
"2118","Caribbean","Bocas","Sunset Point","AFH12-1","AFH12-1-1-1-F","pre_exp","Engraulidae",1.298203269,0.938868145,4.33704018570136,"planktivore","pelagic","Not cryptobenthic","Yes","No","No",16,60,0.00646266666666667,3.19177016666667,"AFH12-1_1",0.698532775656136
"2119","Caribbean","Bocas","Sunset Point","AFH12-1","AFH12-1-1-1-F","pre_exp","Engraulidae",1.379839921,0.9219208769,4.64242848059442,"planktivore","pelagic","Not cryptobenthic","Yes","No","No",16,60,0.00646266666666667,3.19177016666667,"AFH12-1_1",0.867979092773882
"2120","Caribbean","Bocas","Sunset Point","AFH12-1","AFH12-1-1-1-F","pre_exp","Engraulidae",1.442001449,0.7876122903,4.87637761803203,"planktivore","pelagic","Not cryptobenthic","Yes","No","No",16,60,0.00646266666666667,3.19177016666667,"AFH12-1_1",1.0154540675651
"2121","Caribbean","Bocas","Sunset Point","AFH12-1","AFH12-1-1-1-F","pre_exp","Engraulidae",1.44567768,1.086087186,4.89025046320832,"planktivore","pelagic","Not cryptobenthic","Yes","No","No",16,60,0.00646266666666667,3.19177016666667,"AFH12-1_1",1.02470346670036
"2122","Caribbean","Bocas","Sunset Point","AFH12-1","AFH12-1-1-1-F","pre_exp","Engraulidae",1.534046427,0.7777941933,5.22493240808463,"planktivore","pelagic","Not cryptobenthic","Yes","No","No",16,60,0.00646266666666667,3.19177016666667,"AFH12-1_1",1.26578585207632
"2123","Caribbean","Bocas","Sunset Point","AFH12-1","AFH12-1-1-1-F","pre_exp","Engraulidae",1.554747438,1.067410132,5.30366209519683,"planktivore","pelagic","Not cryptobenthic","Yes","No","No",16,60,0.00646266666666667,3.19177016666667,"AFH12-1_1",1.3276736232399
"2124","Caribbean","Bocas","Sunset Point","AFH12-1","AFH12-1-1-1-F","pre_exp","Engraulidae",1.555382052,0.8826420123,5.30607757267127,"planktivore","pelagic","Not cryptobenthic","Yes","No","No",16,60,0.00646266666666667,3.19177016666667,"AFH12-1_1",1.32960455456144
"2125","Caribbean","Bocas","Sunset Point","AFH12-1","AFH12-1-1-1-F","pre_exp","Engraulidae",1.568291373,0.8947734343,5.35523793279348,"planktivore","pelagic","Not cryptobenthic","Yes","No","No",16,60,0.00646266666666667,3.19177016666667,"AFH12-1_1",1.36932361060321
"2126","Caribbean","Bocas","Sunset Point","AFH12-1","AFH12-1-1-1-F","pre_exp","Engraulidae",1.633279946,0.9333960414,5.60342776060474,"planktivore","pelagic","Not cryptobenthic","Yes","No","No",16,60,0.00646266666666667,3.19177016666667,"AFH12-1_1",1.58235598525306
"2127","Caribbean","Bocas","Sunset Point","AFH12-1","AFH12-1-1-1-F","pre_exp","Engraulidae",1.653226232,0.9906347114,5.6798338600144,"planktivore","pelagic","Not cryptobenthic","Yes","No","No",16,60,0.00646266666666667,3.19177016666667,"AFH12-1_1",1.65225746805807
"2128","Caribbean","Bocas","Sunset Point","AFH12-1","AFH12-1-1-1-F","pre_exp","Engraulidae",1.655911172,0.8330127596,5.6901269511258,"planktivore","pelagic","Not cryptobenthic","Yes","No","No",16,60,0.00646266666666667,3.19177016666667,"AFH12-1_1",1.66183341617704
"2129","Caribbean","Bocas","Sunset Point","AFH12-1","AFH12-1-1-1-F","pre_exp","Engraulidae",1.656642179,0.8852697089,5.69292970291087,"planktivore","pelagic","Not cryptobenthic","Yes","No","No",16,60,0.00646266666666667,3.19177016666667,"AFH12-1_1",1.66444748003424
"2130","Caribbean","Bocas","Sunset Point","AFH12-1","AFH12-1-1-1-F","pre_exp","Engraulidae",1.700680518,0.9626778891,5.86203904778806,"planktivore","pelagic","Not cryptobenthic","Yes","No","No",16,60,0.00646266666666667,3.19177016666667,"AFH12-1_1",1.82745506048072
"2131","Caribbean","Bocas","Sunset Point","AFH12-1","AFH12-1-1-1-F","pre_exp","Engraulidae",1.70132193,1.14046269,5.8645058800388,"planktivore","pelagic","Not cryptobenthic","Yes","No","No",16,60,0.00646266666666667,3.19177016666667,"AFH12-1_1",1.82991072760541
"2132","Caribbean","Bocas","Sunset Point","AFH12-1","AFH12-1-1-1-F","pre_exp","Engraulidae",1.739450605,0.9717029928,6.01133864891701,"planktivore","pelagic","Not cryptobenthic","Yes","No","No",16,60,0.00646266666666667,3.19177016666667,"AFH12-1_1",1.9801987229875
"2133","Caribbean","Bocas","Sunset Point","AFH12-1","AFH12-1-1-1-F","pre_exp","Engraulidae",1.741068628,0.9152279053,6.01757792561627,"planktivore","pelagic","Not cryptobenthic","Yes","No","No",16,60,0.00646266666666667,3.19177016666667,"AFH12-1_1",1.98676618160372
"2134","Caribbean","Bocas","Sunset Point","AFH12-1","AFH12-1-1-1-F","pre_exp","Engraulidae",1.7542055,0.9391603652,6.06825996452675,"planktivore","pelagic","Not cryptobenthic","Yes","No","No",16,60,0.00646266666666667,3.19177016666667,"AFH12-1_1",2.04066932987625
"2135","Caribbean","Bocas","Sunset Point","AFH12-1","AFH12-1-1-1-F","pre_exp","Engraulidae",1.756574423,0.9231531451,6.07740395300204,"planktivore","pelagic","Not cryptobenthic","Yes","No","No",16,60,0.00646266666666667,3.19177016666667,"AFH12-1_1",2.05050021781632
"2136","Caribbean","Bocas","Sunset Point","AFH12-1","AFH12-1-1-1-F","pre_exp","Engraulidae",1.791661347,1.028922755,6.21300491757032,"planktivore","pelagic","Not cryptobenthic","Yes","No","No",16,60,0.00646266666666667,3.19177016666667,"AFH12-1_1",2.20013052786225
"2137","Caribbean","Bocas","Sunset Point","AFH12-1","AFH12-1-1-1-F","pre_exp","Engraulidae",1.807378216,1.149786504,6.27384625611015,"planktivore","pelagic","Not cryptobenthic","Yes","No","No",16,60,0.00646266666666667,3.19177016666667,"AFH12-1_1",2.26963790259827
"2138","Caribbean","Bocas","Sunset Point","AFH12-1","AFH12-1-1-1-F","pre_exp","Engraulidae",1.854880968,1.330549114,6.45810400041801,"planktivore","pelagic","Not cryptobenthic","Yes","No","No",16,60,0.00646266666666667,3.19177016666667,"AFH12-1_1",2.48932062537295
"2139","Caribbean","Bocas","Sunset Point","AFH12-1","AFH12-1-1-1-F","pre_exp","Engraulidae",1.983036533,0.9096855098,6.95789974805542,"planktivore","pelagic","Not cryptobenthic","Yes","No","No",16,60,0.00646266666666667,3.19177016666667,"AFH12-1_1",3.15797316882053
"2140","Caribbean","Bocas","Sunset Point","AFH12-1","AFH12-1-1-1-F","pre_exp","Engraulidae",2.028773986,1.008072457,7.13719217919495,"planktivore","pelagic","Not cryptobenthic","Yes","No","No",16,60,0.00646266666666667,3.19177016666667,"AFH12-1_1",3.42511390665852
"2141","Caribbean","Bocas","Sunset Point","AFH12-1","AFH12-1-1-1-F","pre_exp","Engraulidae",2.161997084,1.139198049,7.6620683571553,"planktivore","pelagic","Not cryptobenthic","Yes","No","No",16,60,0.00646266666666667,3.19177016666667,"AFH12-1_1",4.29576986486956
"2142","Caribbean","Bocas","Casa Blanca","AFH12-1","AFH12-1-2-3-R","modern","Apogonidae",0.975635226,0.3927981367,1.65164592266869,"planktivore","demersal","Cryptobenthic","No","No","Yes",5,6,0.015875,3.07606666666667,"AFH12-1_2",0.0743088942153035
"2143","Caribbean","Bocas","Casa Blanca","AFH12-1","AFH12-1-2-3-R","modern","Apogonidae",0.97653936,0.7195018537,1.65315428651776,"planktivore","demersal","Cryptobenthic","No","No","Yes",5,6,0.015875,3.07606666666667,"AFH12-1_2",0.0745178417980069
"2144","Caribbean","Bocas","Casa Blanca","AFH12-1","AFH12-1-2-3-R","modern","Apogonidae",1.007108993,0.6908680203,1.70414169265503,"planktivore","demersal","Cryptobenthic","No","No","Yes",5,6,0.015875,3.07606666666667,"AFH12-1_2",0.0818164640931884
"2145","Caribbean","Bocas","Casa Blanca","AFH12-1","AFH12-1-2-3-R","modern","Apogonidae",1.029471311,0.7053979936,1.74142576119795,"planktivore","demersal","Cryptobenthic","No","No","Yes",5,6,0.015875,3.07606666666667,"AFH12-1_2",0.087448721786296
"2146","Caribbean","Bocas","Casa Blanca","AFH12-1","AFH12-1-2-3-R","modern","Apogonidae",1.076693451,0.7926185811,1.8201195865786,"planktivore","demersal","Cryptobenthic","No","No","Yes",5,6,0.015875,3.07606666666667,"AFH12-1_2",0.100184016179612
"2147","Caribbean","Bocas","Casa Blanca","AFH12-1","AFH12-1-2-3-R","modern","Apogonidae",1.111567747,0.8201436836,1.87820391951672,"planktivore","demersal","Cryptobenthic","No","No","Yes",5,6,0.015875,3.07606666666667,"AFH12-1_2",0.110348049102776
"2148","Caribbean","Bocas","Casa Blanca","AFH12-1","AFH12-1-2-3-R","modern","Apogonidae",1.121617676,0.8540478469,1.89493747129378,"planktivore","demersal","Cryptobenthic","No","No","Yes",5,6,0.015875,3.07606666666667,"AFH12-1_2",0.113400273719343
"2149","Caribbean","Bocas","Casa Blanca","AFH12-1","AFH12-1-2-3-R","modern","Apogonidae",1.149127735,0.8789198953,1.9407317897233,"planktivore","demersal","Cryptobenthic","No","No","Yes",5,6,0.015875,3.07606666666667,"AFH12-1_2",0.122043560850856
"2150","Caribbean","Bocas","Casa Blanca","AFH12-1","AFH12-1-2-3-R","modern","Apogonidae",1.16039469,0.8963906726,1.95948258588021,"planktivore","demersal","Cryptobenthic","No","No","Yes",5,6,0.015875,3.07606666666667,"AFH12-1_2",0.125707208304131
"2151","Caribbean","Bocas","Casa Blanca","AFH12-1","AFH12-1-2-3-R","modern","Apogonidae",1.169999673,0.9195285856,1.97546539098253,"planktivore","demersal","Cryptobenthic","No","No","Yes",5,6,0.015875,3.07606666666667,"AFH12-1_2",0.128888033665469
"2152","Caribbean","Bocas","Casa Blanca","AFH12-1","AFH12-1-2-3-R","modern","Apogonidae",1.186724187,0.7929023878,2.00329064170333,"planktivore","demersal","Cryptobenthic","No","No","Yes",5,6,0.015875,3.07606666666667,"AFH12-1_2",0.134554515900605
"2153","Caribbean","Bocas","Casa Blanca","AFH12-1","AFH12-1-2-3-R","modern","Apogonidae",1.196610153,0.8538472441,2.01973564034079,"planktivore","demersal","Cryptobenthic","No","No","Yes",5,6,0.015875,3.07606666666667,"AFH12-1_2",0.137981244765329
"2154","Caribbean","Bocas","Casa Blanca","AFH12-1","AFH12-1-2-3-R","modern","Apogonidae",1.208036026,0.7870884524,2.0387397698292,"planktivore","demersal","Cryptobenthic","No","No","Yes",5,6,0.015875,3.07606666666667,"AFH12-1_2",0.142014025796128
"2155","Caribbean","Bocas","Casa Blanca","AFH12-1","AFH12-1-2-3-R","modern","Apogonidae",1.256846387,0.9107253587,2.11989470940856,"planktivore","demersal","Cryptobenthic","No","No","Yes",5,6,0.015875,3.07606666666667,"AFH12-1_2",0.160132044048276
"2156","Caribbean","Bocas","Sunset Point","AFH12-1","AFH12-1-1-1-F","pre_exp","Gobiidae",0.88438923,0.7758569885,2.32816416326779,"omnivore_carnivore","demersal","Cryptobenthic","No","No","Yes",19,37,0.00980621621621622,3.01654054054054,"AFH12-1_1",0.125491083200103
"2157","Caribbean","Bocas","Casa Blanca","AFH12-1","AFH12-1-2-3-R","modern","Engraulidae",1.77756204,0.9701741808,6.15847782697319,"planktivore","pelagic","Not cryptobenthic","Yes","No","No",16,60,0.00646266666666667,3.19177016666667,"AFH12-1_2",2.13909141523095
"2158","Caribbean","Bocas","Casa Blanca","AFH12-1","AFH12-1-2-3-R","modern","Engraulidae",1.859759807,1.04052686,6.47705964773147,"planktivore","pelagic","Not cryptobenthic","Yes","No","No",16,60,0.00646266666666667,3.19177016666667,"AFH12-1_2",2.51271666629046
"2159","Caribbean","Bocas","Casa Blanca","AFH12-1","AFH12-1-2-3-R","modern","Engraulidae",1.889774851,1.031754482,6.59380259843733,"planktivore","pelagic","Not cryptobenthic","Yes","No","No",16,60,0.00646266666666667,3.19177016666667,"AFH12-1_2",2.66014565173736
"2160","Caribbean","Bocas","Casa Blanca","AFH12-1","AFH12-1-2-3-R","modern","Engraulidae",1.899585579,1.292636589,6.63200797355221,"planktivore","pelagic","Not cryptobenthic","Yes","No","No",16,60,0.00646266666666667,3.19177016666667,"AFH12-1_2",2.7096542678437
"2161","Caribbean","Bocas","Casa Blanca","AFH12-1","AFH12-1-2-3-R","modern","Engraulidae",1.912797482,1.073401138,6.68349443742155,"planktivore","pelagic","Not cryptobenthic","Yes","No","No",16,60,0.00646266666666667,3.19177016666667,"AFH12-1_2",2.77736913751502
"2162","Caribbean","Bocas","Casa Blanca","AFH12-1","AFH12-1-2-3-R","modern","Engraulidae",1.920531555,0.9683475291,6.71365305640714,"planktivore","pelagic","Not cryptobenthic","Yes","No","No",16,60,0.00646266666666667,3.19177016666667,"AFH12-1_2",2.81756850629556
"2163","Caribbean","Bocas","Casa Blanca","AFH12-1","AFH12-1-2-3-R","modern","Engraulidae",1.92427917,1.109807231,6.72827174852841,"planktivore","pelagic","Not cryptobenthic","Yes","No","No",16,60,0.00646266666666667,3.19177016666667,"AFH12-1_2",2.83719721421813
"2164","Caribbean","Bocas","Casa Blanca","AFH12-1","AFH12-1-2-3-R","modern","Engraulidae",1.93320935,1.292347187,6.7631198575767,"planktivore","pelagic","Not cryptobenthic","Yes","No","No",16,60,0.00646266666666667,3.19177016666667,"AFH12-1_2",2.88436657056534
"2165","Caribbean","Bocas","Casa Blanca","AFH12-1","AFH12-1-2-3-R","modern","Engraulidae",1.968645888,1.041982391,6.90158631956875,"planktivore","pelagic","Not cryptobenthic","Yes","No","No",16,60,0.00646266666666667,3.19177016666667,"AFH12-1_2",3.07711625087616
"2166","Caribbean","Bocas","Casa Blanca","AFH12-1","AFH12-1-2-3-R","modern","Engraulidae",1.976172127,1.115950562,6.93103205374226,"planktivore","pelagic","Not cryptobenthic","Yes","No","No",16,60,0.00646266666666667,3.19177016666667,"AFH12-1_2",3.11921587945805
"2167","Caribbean","Bocas","Casa Blanca","AFH12-1","AFH12-1-2-3-R","modern","Engraulidae",1.992838048,1.071969632,6.99628211775878,"planktivore","pelagic","Not cryptobenthic","Yes","No","No",16,60,0.00646266666666667,3.19177016666667,"AFH12-1_2",3.21391245570265
"2168","Caribbean","Bocas","Casa Blanca","AFH12-1","AFH12-1-2-3-R","modern","Engraulidae",2.031250391,1.059633605,7.14691322864475,"planktivore","pelagic","Not cryptobenthic","Yes","No","No",16,60,0.00646266666666667,3.19177016666667,"AFH12-1_2",3.44002606468901
"2169","Caribbean","Bocas","Casa Blanca","AFH12-1","AFH12-1-2-3-R","modern","Engraulidae",2.072443693,1.169020167,7.30881632626142,"planktivore","pelagic","Not cryptobenthic","Yes","No","No",16,60,0.00646266666666667,3.19177016666667,"AFH12-1_2",3.6949876634014
"2170","Caribbean","Bocas","Casa Blanca","AFH12-1","AFH12-1-2-3-R","modern","Engraulidae",2.144450572,1.187860378,7.59271870703334,"planktivore","pelagic","Not cryptobenthic","Yes","No","No",16,60,0.00646266666666667,3.19177016666667,"AFH12-1_2",4.17289663347051
"2171","Caribbean","Bocas","Casa Blanca","AFH12-1","AFH12-1-2-3-R","modern","Engraulidae",2.167535937,1.078402934,7.68397330310244,"planktivore","pelagic","Not cryptobenthic","Yes","No","No",16,60,0.00646266666666667,3.19177016666667,"AFH12-1_2",4.33509125313967
"2172","Caribbean","Bocas","Casa Blanca","AFH12-1","AFH12-1-2-3-R","modern","Engraulidae",2.178421872,1.156259348,7.72704365250474,"planktivore","pelagic","Not cryptobenthic","Yes","No","No",16,60,0.00646266666666667,3.19177016666667,"AFH12-1_2",4.41312597341291
"2173","Caribbean","Bocas","Casa Blanca","AFH12-1","AFH12-1-2-3-R","modern","Engraulidae",2.207828258,1.430099169,7.84351468899163,"planktivore","pelagic","Not cryptobenthic","Yes","No","No",16,60,0.00646266666666667,3.19177016666667,"AFH12-1_2",4.62897001662521
"2174","Caribbean","Bocas","Casa Blanca","AFH12-1","AFH12-1-2-3-R","modern","Engraulidae",2.228089925,1.40757059,7.92387057127633,"planktivore","pelagic","Not cryptobenthic","Yes","No","No",16,60,0.00646266666666667,3.19177016666667,"AFH12-1_2",4.78204045291593
"2175","Caribbean","Bocas","Casa Blanca","AFH12-1","AFH12-1-2-3-R","modern","Engraulidae",2.252677202,1.182075423,8.02149501270827,"planktivore","pelagic","Not cryptobenthic","Yes","No","No",16,60,0.00646266666666667,3.19177016666667,"AFH12-1_2",4.97263866804263
"2176","Caribbean","Bocas","Casa Blanca","AFH12-1","AFH12-1-2-3-R","modern","Engraulidae",2.271951443,1.079223937,8.09811025721104,"planktivore","pelagic","Not cryptobenthic","Yes","No","No",16,60,0.00646266666666667,3.19177016666667,"AFH12-1_2",5.12582415703167
"2177","Caribbean","Bocas","Casa Blanca","AFH12-1","AFH12-1-2-3-R","modern","Engraulidae",2.285565593,1.412882848,8.15227199415558,"planktivore","pelagic","Not cryptobenthic","Yes","No","No",16,60,0.00646266666666667,3.19177016666667,"AFH12-1_2",5.23605018572093
"2178","Caribbean","Bocas","Casa Blanca","AFH12-1","AFH12-1-2-3-R","modern","Engraulidae",2.286723505,1.39828527,8.15688028993604,"planktivore","pelagic","Not cryptobenthic","Yes","No","No",16,60,0.00646266666666667,3.19177016666667,"AFH12-1_2",5.24550310849849
"2179","Caribbean","Bocas","Casa Blanca","AFH12-1","AFH12-1-2-3-R","modern","Engraulidae",2.333005948,1.730735122,8.34129655264236,"planktivore","pelagic","Not cryptobenthic","Yes","No","No",16,60,0.00646266666666667,3.19177016666667,"AFH12-1_2",5.63349035307242
"2180","Caribbean","Bocas","Casa Blanca","AFH12-1","AFH12-1-2-3-R","modern","Engraulidae",2.340629546,1.124764422,8.37171428527184,"planktivore","pelagic","Not cryptobenthic","Yes","No","No",16,60,0.00646266666666667,3.19177016666667,"AFH12-1_2",5.6993223547438
"2181","Caribbean","Bocas","Casa Blanca","AFH12-1","AFH12-1-2-3-R","modern","Engraulidae",2.407378582,1.760408526,8.63852548811766,"planktivore","pelagic","Not cryptobenthic","Yes","No","No",16,60,0.00646266666666667,3.19177016666667,"AFH12-1_2",6.29958289461962
"2182","Caribbean","Bocas","Casa Blanca","AFH12-1","AFH12-1-2-3-R","modern","Engraulidae",2.444086217,1.758145424,8.78562122894897,"planktivore","pelagic","Not cryptobenthic","Yes","No","No",16,60,0.00646266666666667,3.19177016666667,"AFH12-1_2",6.64839154623589
"2183","Caribbean","Bocas","Casa Blanca","AFH12-1","AFH12-1-2-3-R","modern","Engraulidae",2.451375202,1.688703444,8.81486039528416,"planktivore","pelagic","Not cryptobenthic","Yes","No","No",16,60,0.00646266666666667,3.19177016666667,"AFH12-1_2",6.71927157196603
"2184","Caribbean","Bocas","Casa Blanca","AFH12-1","AFH12-1-2-3-R","modern","Engraulidae",2.456601946,1.74255805,8.83583324874828,"planktivore","pelagic","Not cryptobenthic","Yes","No","No",16,60,0.00646266666666667,3.19177016666667,"AFH12-1_2",6.77043125688906
"2185","Caribbean","Bocas","Casa Blanca","AFH12-1","AFH12-1-2-3-R","modern","Engraulidae",2.457019069,1.12315399,8.83750722083808,"planktivore","pelagic","Not cryptobenthic","Yes","No","No",16,60,0.00646266666666667,3.19177016666667,"AFH12-1_2",6.77452611455274
"2186","Caribbean","Bocas","Casa Blanca","AFH12-1","AFH12-1-2-3-R","modern","Engraulidae",2.52157702,1.679973244,9.09698068592602,"planktivore","pelagic","Not cryptobenthic","Yes","No","No",16,60,0.00646266666666667,3.19177016666667,"AFH12-1_2",7.43004534213182
"2187","Caribbean","Bocas","Casa Blanca","AFH12-1","AFH12-1-2-3-R","modern","Engraulidae",2.610365027,1.80402868,9.45509488808703,"planktivore","pelagic","Not cryptobenthic","Yes","No","No",16,60,0.00646266666666667,3.19177016666667,"AFH12-1_2",8.40452245535055
"2188","Caribbean","Bocas","Casa Blanca","AFH12-1","AFH12-1-2-3-R","modern","Engraulidae",2.61842888,1.811245725,9.48768995733863,"planktivore","pelagic","Not cryptobenthic","Yes","No","No",16,60,0.00646266666666667,3.19177016666667,"AFH12-1_2",8.49734864848129
"2189","Caribbean","Bocas","Sunset Point","AFH12-1","AFH12-1-1-1-F","pre_exp","Gobiidae",0.916754819,0.7571802792,2.41885850246788,"omnivore_carnivore","demersal","Cryptobenthic","No","No","Yes",19,37,0.00980621621621622,3.01654054054054,"AFH12-1_1",0.140824423123409
"2190","Caribbean","Bocas","Sunset Point","AFH12-1","AFH12-1-1-1-F","pre_exp","Gobiidae",0.921096226,0.7786291175,2.43103949281525,"omnivore_carnivore","demersal","Cryptobenthic","No","No","Yes",19,37,0.00980621621621622,3.01654054054054,"AFH12-1_1",0.142974542498998
"2191","Caribbean","Bocas","Sunset Point","AFH12-1","AFH12-1-1-1-F","pre_exp","Gobiidae",0.925344139,0.8070197662,2.44296167527811,"omnivore_carnivore","demersal","Cryptobenthic","No","No","Yes",19,37,0.00980621621621622,3.01654054054054,"AFH12-1_1",0.145100121989105
"2192","Caribbean","Bocas","Sunset Point","AFH12-1","AFH12-1-1-1-F","pre_exp","Gobiidae",0.929438763,0.8014593694,2.45445691373152,"omnivore_carnivore","demersal","Cryptobenthic","No","No","Yes",19,37,0.00980621621621622,3.01654054054054,"AFH12-1_1",0.147169487108509
"2193","Caribbean","Bocas","Sunset Point","AFH12-1","AFH12-1-1-1-F","pre_exp","Gobiidae",0.947634872,0.8001763619,2.5055791908541,"omnivore_carnivore","demersal","Cryptobenthic","No","No","Yes",19,37,0.00980621621621622,3.01654054054054,"AFH12-1_1",0.156611634243939
"2194","Caribbean","Bocas","Sunset Point","AFH12-1","AFH12-1-1-1-F","pre_exp","Gobiidae",0.951749034,0.8343772703,2.51714664873453,"omnivore_carnivore","demersal","Cryptobenthic","No","No","Yes",19,37,0.00980621621621622,3.01654054054054,"AFH12-1_1",0.158802839288319
"2195","Caribbean","Bocas","Sunset Point","AFH12-1","AFH12-1-1-1-F","pre_exp","Gobiidae",0.955814996,0.8259525026,2.5285816937144,"omnivore_carnivore","demersal","Cryptobenthic","No","No","Yes",19,37,0.00980621621621622,3.01654054054054,"AFH12-1_1",0.160989012409908
"2196","Caribbean","Bocas","Sunset Point","AFH12-1","AFH12-1-1-1-F","pre_exp","Gobiidae",0.957506045,0.8247690031,2.5333384787873,"omnivore_carnivore","demersal","Cryptobenthic","No","No","Yes",19,37,0.00980621621621622,3.01654054054054,"AFH12-1_1",0.161904316579005
"2197","Caribbean","Bocas","Sunset Point","AFH12-1","AFH12-1-1-1-F","pre_exp","Gobiidae",0.961113629,0.7674682675,2.54348809749673,"omnivore_carnivore","demersal","Cryptobenthic","No","No","Yes",19,37,0.00980621621621622,3.01654054054054,"AFH12-1_1",0.163868930858422
"2198","Caribbean","Bocas","Sunset Point","AFH12-1","AFH12-1-1-1-F","pre_exp","Gobiidae",0.968767173,0.7932967154,2.56502863459411,"omnivore_carnivore","demersal","Cryptobenthic","No","No","Yes",19,37,0.00980621621621622,3.01654054054054,"AFH12-1_1",0.168091101935878
"2199","Caribbean","Bocas","Sunset Point","AFH12-1","AFH12-1-1-1-F","pre_exp","Gobiidae",0.975743121,0.815180688,2.58467148875981,"omnivore_carnivore","demersal","Cryptobenthic","No","No","Yes",19,37,0.00980621621621622,3.01654054054054,"AFH12-1_1",0.172004151330473
"2200","Caribbean","Bocas","Sunset Point","AFH12-1","AFH12-1-1-1-F","pre_exp","Gobiidae",0.976066079,0.8359372978,2.58558108855276,"omnivore_carnivore","demersal","Cryptobenthic","No","No","Yes",19,37,0.00980621621621622,3.01654054054054,"AFH12-1_1",0.172186812901283
"2201","Caribbean","Bocas","Sunset Point","AFH12-1","AFH12-1-1-1-F","pre_exp","Gobiidae",0.976674419,0.8121534203,2.58729450834756,"omnivore_carnivore","demersal","Cryptobenthic","No","No","Yes",19,37,0.00980621621621622,3.01654054054054,"AFH12-1_1",0.172531245952551
"2202","Caribbean","Bocas","Sunset Point","AFH12-1","AFH12-1-1-1-F","pre_exp","Gobiidae",0.977518987,0.8316292739,2.58967338790611,"omnivore_carnivore","demersal","Cryptobenthic","No","No","Yes",19,37,0.00980621621621622,3.01654054054054,"AFH12-1_1",0.17301021347348
"2203","Caribbean","Bocas","Sunset Point","AFH12-1","AFH12-1-1-1-F","pre_exp","Gobiidae",0.982934852,0.8608385581,2.60493124247148,"omnivore_carnivore","demersal","Cryptobenthic","No","No","Yes",19,37,0.00980621621621622,3.01654054054054,"AFH12-1_1",0.176103405013604
"2204","Caribbean","Bocas","Sunset Point","AFH12-1","AFH12-1-1-1-F","pre_exp","Gobiidae",0.983574993,0.7756225289,2.60673503266948,"omnivore_carnivore","demersal","Cryptobenthic","No","No","Yes",19,37,0.00980621621621622,3.01654054054054,"AFH12-1_1",0.176471508438513
"2205","Caribbean","Bocas","Sunset Point","AFH12-1","AFH12-1-1-1-F","pre_exp","Gobiidae",0.986676454,0.8262638846,2.61547538413128,"omnivore_carnivore","demersal","Cryptobenthic","No","No","Yes",19,37,0.00980621621621622,3.01654054054054,"AFH12-1_1",0.178262457302408
"2206","Caribbean","Bocas","Sunset Point","AFH12-1","AFH12-1-1-1-F","pre_exp","Gobiidae",0.992129074,0.8303267377,2.63084584039613,"omnivore_carnivore","demersal","Cryptobenthic","No","No","Yes",19,37,0.00980621621621622,3.01654054054054,"AFH12-1_1",0.181441351102845
"2207","Caribbean","Bocas","Sunset Point","AFH12-1","AFH12-1-1-1-F","pre_exp","Gobiidae",0.993585157,0.8202313394,2.63495131534059,"omnivore_carnivore","demersal","Cryptobenthic","No","No","Yes",19,37,0.00980621621621622,3.01654054054054,"AFH12-1_1",0.182296804971943
"2208","Caribbean","Bocas","Sunset Point","AFH12-1","AFH12-1-1-1-F","pre_exp","Gobiidae",0.997601205,0.8284597926,2.64627666794262,"omnivore_carnivore","demersal","Cryptobenthic","No","No","Yes",19,37,0.00980621621621622,3.01654054054054,"AFH12-1_1",0.184670626768006
"2209","Caribbean","Bocas","Sunset Point","AFH12-1","AFH12-1-1-1-F","pre_exp","Gobiidae",0.999402977,0.8399542601,2.6513586462825,"omnivore_carnivore","demersal","Cryptobenthic","No","No","Yes",19,37,0.00980621621621622,3.01654054054054,"AFH12-1_1",0.185742504411187
"2210","Caribbean","Bocas","Sunset Point","AFH12-1","AFH12-1-1-1-F","pre_exp","Gobiidae",1.007967175,0.902103672,2.67552225461445,"omnivore_carnivore","demersal","Cryptobenthic","No","No","Yes",19,37,0.00980621621621622,3.01654054054054,"AFH12-1_1",0.190895959685953
"2211","Caribbean","Bocas","Sunset Point","AFH12-1","AFH12-1-1-1-F","pre_exp","Gobiidae",1.01165394,0.869038719,2.68592834770677,"omnivore_carnivore","demersal","Cryptobenthic","No","No","Yes",19,37,0.00980621621621622,3.01654054054054,"AFH12-1_1",0.19314442943097
"2212","Caribbean","Bocas","Sunset Point","AFH12-1","AFH12-1-1-1-F","pre_exp","Gobiidae",1.016852023,0.9485676142,2.70060429015831,"omnivore_carnivore","demersal","Cryptobenthic","No","No","Yes",19,37,0.00980621621621622,3.01654054054054,"AFH12-1_1",0.196345486263367
"2213","Caribbean","Bocas","Sunset Point","AFH12-1","AFH12-1-1-1-F","pre_exp","Gobiidae",1.018706532,0.8659911253,2.70584134446488,"omnivore_carnivore","demersal","Cryptobenthic","No","No","Yes",19,37,0.00980621621621622,3.01654054054054,"AFH12-1_1",0.197496300155904
"2214","Caribbean","Bocas","Sunset Point","AFH12-1","AFH12-1-1-1-F","pre_exp","Gobiidae",1.022537015,0.8667590916,2.71666037268315,"omnivore_carnivore","demersal","Cryptobenthic","No","No","Yes",19,37,0.00980621621621622,3.01654054054054,"AFH12-1_1",0.199887983843249
"2215","Caribbean","Bocas","Sunset Point","AFH12-1","AFH12-1-1-1-F","pre_exp","Gobiidae",1.028413008,0.8645753239,2.73326183130407,"omnivore_carnivore","demersal","Cryptobenthic","No","No","Yes",19,37,0.00980621621621622,3.01654054054054,"AFH12-1_1",0.20359547363957
"2216","Caribbean","Bocas","Sunset Point","AFH12-1","AFH12-1-1-1-F","pre_exp","Gobiidae",1.035906708,0.8984803475,2.75444250185377,"omnivore_carnivore","demersal","Cryptobenthic","No","No","Yes",19,37,0.00980621621621622,3.01654054054054,"AFH12-1_1",0.208391976271223
"2217","Caribbean","Bocas","Sunset Point","AFH12-1","AFH12-1-1-1-F","pre_exp","Gobiidae",1.036741025,0.911880062,2.75680126928404,"omnivore_carnivore","demersal","Cryptobenthic","No","No","Yes",19,37,0.00980621621621622,3.01654054054054,"AFH12-1_1",0.208930762518806
"2218","Caribbean","Bocas","Sunset Point","AFH12-1","AFH12-1-1-1-F","pre_exp","Gobiidae",1.043539336,0.860713422,2.77602580950524,"omnivore_carnivore","demersal","Cryptobenthic","No","No","Yes",19,37,0.00980621621621622,3.01654054054054,"AFH12-1_1",0.213356769911608
"2219","Caribbean","Bocas","Sunset Point","AFH12-1","AFH12-1-1-1-F","pre_exp","Gobiidae",1.063622613,0.9011801579,2.83286420090847,"omnivore_carnivore","demersal","Cryptobenthic","No","No","Yes",19,37,0.00980621621621622,3.01654054054054,"AFH12-1_1",0.226808220857629
"2220","Caribbean","Bocas","Sunset Point","AFH12-1","AFH12-1-1-1-F","pre_exp","Gobiidae",1.066514395,0.8793191517,2.84105395670572,"omnivore_carnivore","demersal","Cryptobenthic","No","No","Yes",19,37,0.00980621621621622,3.01654054054054,"AFH12-1_1",0.228791932169348
"2221","Caribbean","Bocas","Sunset Point","AFH12-1","AFH12-1-1-1-F","pre_exp","Gobiidae",1.072821796,0.8619186236,2.85892188342053,"omnivore_carnivore","demersal","Cryptobenthic","No","No","Yes",19,37,0.00980621621621622,3.01654054054054,"AFH12-1_1",0.233160063019797
"2222","Caribbean","Bocas","Sunset Point","AFH12-1","AFH12-1-1-1-F","pre_exp","Gobiidae",1.091353011,0.9151980221,2.91145635417847,"omnivore_carnivore","demersal","Cryptobenthic","No","No","Yes",19,37,0.00980621621621622,3.01654054054054,"AFH12-1_1",0.246325260965217
"2223","Caribbean","Bocas","Sunset Point","AFH12-1","AFH12-1-1-1-F","pre_exp","Gobiidae",1.111294037,0.9637054208,2.96805054462703,"omnivore_carnivore","demersal","Cryptobenthic","No","No","Yes",19,37,0.00980621621621622,3.01654054054054,"AFH12-1_1",0.261053952379375
"2224","Caribbean","Bocas","Sunset Point","AFH12-1","AFH12-1-1-1-F","pre_exp","Gobiidae",1.121599601,0.9866893042,2.99732379418228,"omnivore_carnivore","demersal","Cryptobenthic","No","No","Yes",19,37,0.00980621621621622,3.01654054054054,"AFH12-1_1",0.268898191412699
"2225","Caribbean","Bocas","Sunset Point","AFH12-1","AFH12-1-1-1-F","pre_exp","Gobiidae",1.131151096,1.042658173,3.02447028444079,"omnivore_carnivore","demersal","Cryptobenthic","No","No","Yes",19,37,0.00980621621621622,3.01654054054054,"AFH12-1_1",0.276311925976266
"2226","Caribbean","Bocas","Sunset Point","AFH12-1","AFH12-1-1-1-F","pre_exp","Gobiidae",1.165557582,1.014142117,3.12237700418726,"omnivore_carnivore","demersal","Cryptobenthic","No","No","Yes",19,37,0.00980621621621622,3.01654054054054,"AFH12-1_1",0.304184120696145
"2227","Caribbean","Bocas","Sunset Point","AFH12-1","AFH12-1-1-1-F","pre_exp","Gobiidae",1.192507757,0.9805972443,3.19919416058211,"omnivore_carnivore","demersal","Cryptobenthic","No","No","Yes",19,37,0.00980621621621622,3.01654054054054,"AFH12-1_1",0.327323287556641
"2228","Caribbean","Bocas","Sunset Point","AFH12-1","AFH12-1-1-1-F","pre_exp","Gobiidae",1.208137667,0.9295288494,3.24379519988156,"omnivore_carnivore","demersal","Cryptobenthic","No","No","Yes",19,37,0.00980621621621622,3.01654054054054,"AFH12-1_1",0.341283148794102
"2229","Caribbean","Bocas","Sunset Point","AFH12-1","AFH12-1-1-1-F","pre_exp","Gobiidae",1.212744243,0.9837953921,3.25694737075943,"omnivore_carnivore","demersal","Cryptobenthic","No","No","Yes",19,37,0.00980621621621622,3.01654054054054,"AFH12-1_1",0.345474386326755
"2230","Caribbean","Bocas","Sunset Point","AT12-2","AT12-2-4","pre_exp","Atherinidae",1.16,NA,1.91194379440813,"planktivore","pelagic","Not cryptobenthic","Yes","No","Yes",1,2,0.0059,3.18135,"AT12-2_4",0.0463791610297428
"2231","Caribbean","Bocas","Sunset Point","AT12-2","AT12-2-4","pre_exp","Atherinidae",1.15,NA,1.88687205345765,"planktivore","pelagic","Not cryptobenthic","Yes","No","Yes",1,2,0.0059,3.18135,"AT12-2_4",0.0444718567245816
"2232","Caribbean","Bocas","Sunset Point","AT12-2","AT12-2-4","pre_exp","Atherinidae",1.38,NA,2.49150086616827,"planktivore","pelagic","Not cryptobenthic","Yes","No","Yes",1,2,0.0059,3.18135,"AT12-2_4",0.107679579065442
"2233","Caribbean","Bocas","Sunset Point","AT12-2","AT12-2-4","pre_exp","Atherinidae",1.24,NA,2.11657058339,"planktivore","pelagic","Not cryptobenthic","Yes","No","Yes",1,2,0.0059,3.18135,"AT12-2_4",0.0640919934499993
"2234","Caribbean","Bocas","Sunset Point","AT12-2","AT12-2-4","pre_exp","Atherinidae",1,NA,1.52476669300079,"planktivore","pelagic","Not cryptobenthic","Yes","No","Yes",1,2,0.0059,3.18135,"AT12-2_4",0.0225780347765262
"2235","Caribbean","Bocas","Sunset Point","AT12-2","AT12-2-4","pre_exp","Atherinidae",1.36,NA,2.43665979869639,"planktivore","pelagic","Not cryptobenthic","Yes","No","Yes",1,2,0.0059,3.18135,"AT12-2_4",0.100318715060791
"2236","Caribbean","Bocas","Sunset Point","AT12-2","AT12-2-4","pre_exp","Atherinidae",1.18,NA,1.96242773194898,"planktivore","pelagic","Not cryptobenthic","Yes","No","Yes",1,2,0.0059,3.18135,"AT12-2_4",0.0503884688280332
"2237","Caribbean","Bocas","Sunset Point","AT12-2","AT12-2-4","pre_exp","Atherinidae",1.31,NA,2.30140752861092,"planktivore","pelagic","Not cryptobenthic","Yes","No","Yes",1,2,0.0059,3.18135,"AT12-2_4",0.0836527315273513
"2238","Caribbean","Bocas","Sunset Point","AT12-2","AT12-2-4","pre_exp","Atherinidae",1.56,NA,3.00357433816936,"planktivore","pelagic","Not cryptobenthic","Yes","No","Yes",1,2,0.0059,3.18135,"AT12-2_4",0.195158237945256
"2239","Caribbean","Bocas","Sunset Point","AT12-2","AT12-2-4","pre_exp","Atherinidae",1.62,NA,3.18146374301436,"planktivore","pelagic","Not cryptobenthic","Yes","No","Yes",1,2,0.0059,3.18135,"AT12-2_4",0.234360463833285
"2240","Caribbean","Bocas","Sunset Point","AT12-2","AT12-2-4","pre_exp","Atherinidae",0.83,NA,1.14770696896552,"planktivore","pelagic","Not cryptobenthic","Yes","No","Yes",1,2,0.0059,3.18135,"AT12-2_4",0.00914524665046664
"2241","Caribbean","Bocas","Sunset Point","AT12-2","AT12-2-4","pre_exp","Atherinidae",1.12,NA,1.81234338521481,"planktivore","pelagic","Not cryptobenthic","Yes","No","Yes",1,2,0.0059,3.18135,"AT12-2_4",0.0391205890149634
"2242","Caribbean","Bocas","Sunset Point","AT12-2","AT12-2-4","pre_exp","Atherinidae",1.14,NA,1.86191442072139,"planktivore","pelagic","Not cryptobenthic","Yes","No","Yes",1,2,0.0059,3.18135,"AT12-2_4",0.0426273517691157
"2243","Caribbean","Bocas","Sunset Point","AT12-2","AT12-2-4","pre_exp","Atherinidae",0.95,NA,1.41007146900654,"planktivore","pelagic","Not cryptobenthic","Yes","No","Yes",1,2,0.0059,3.18135,"AT12-2_4",0.0176051717222292
"2244","Caribbean","Bocas","Sunset Point","AT12-2","AT12-2-4","pre_exp","Atherinidae",1.42,NA,2.60243576605542,"planktivore","pelagic","Not cryptobenthic","Yes","No","Yes",1,2,0.0059,3.18135,"AT12-2_4",0.123686196584214
"2245","Caribbean","Bocas","Sunset Point","AT12-2","AT12-2-4","pre_exp","Atherinidae",1.29,NA,2.24805473142736,"planktivore","pelagic","Not cryptobenthic","Yes","No","Yes",1,2,0.0059,3.18135,"AT12-2_4",0.0776377303228868
"2246","Caribbean","Bocas","Sunset Point","AFH12-1","AFH12-1-1-1-F","pre_exp","Gobiidae",1.242041423,1.014753799,3.34066682209415,"omnivore_carnivore","demersal","Cryptobenthic","No","No","Yes",19,37,0.00980621621621622,3.01654054054054,"AFH12-1_1",0.37296273426666
"2247","Caribbean","Bocas","Sunset Point","AFH12-1","AFH12-1-1-1-F","pre_exp","Gobiidae",1.242822519,1.041989854,3.34290060024525,"omnivore_carnivore","demersal","Cryptobenthic","No","No","Yes",19,37,0.00980621621621622,3.01654054054054,"AFH12-1_1",0.373715524969751
"2248","Caribbean","Bocas","Sunset Point","AFH12-1","AFH12-1-1-1-F","pre_exp","Gobiidae",1.244932851,1.072214598,3.34893617099085,"omnivore_carnivore","demersal","Cryptobenthic","No","No","Yes",19,37,0.00980621621621622,3.01654054054054,"AFH12-1_1",0.375754611006212
"2249","Caribbean","Bocas","Sunset Point","AFH12-1","AFH12-1-1-1-F","pre_exp","Gobiidae",1.264962004,1.065407752,3.40625181806049,"omnivore_carnivore","demersal","Cryptobenthic","No","No","Yes",19,37,0.00980621621621622,3.01654054054054,"AFH12-1_1",0.395490325450468
"2250","Caribbean","Bocas","Sunset Point","AFH12-1","AFH12-1-1-1-F","pre_exp","Gobiidae",1.267917419,1.12009059,3.41471394837262,"omnivore_carnivore","demersal","Cryptobenthic","No","No","Yes",19,37,0.00980621621621622,3.01654054054054,"AFH12-1_1",0.398461549347519
"2251","Caribbean","Bocas","Sunset Point","AFH12-1","AFH12-1-1-1-F","pre_exp","Gobiidae",1.27285775,1.003328777,3.42886219921166,"omnivore_carnivore","demersal","Cryptobenthic","No","No","Yes",19,37,0.00980621621621622,3.01654054054054,"AFH12-1_1",0.403462551805426
"2252","Caribbean","Bocas","Casa Blanca","AFH12-1","AFH12-1-2-3-R","modern","Gobiidae",0.621381188,0.5456658403,1.59968700153867,"omnivore_carnivore","demersal","Cryptobenthic","No","No","Yes",19,37,0.00980621621621622,3.01654054054054,"AFH12-1_2",0.0404558529362067
"2253","Caribbean","Bocas","Casa Blanca","AFH12-1","AFH12-1-2-3-R","modern","Gobiidae",0.654207865,0.770942939,1.68968791386927,"omnivore_carnivore","demersal","Cryptobenthic","No","No","Yes",19,37,0.00980621621621622,3.01654054054054,"AFH12-1_2",0.0477187435716401
"2254","Caribbean","Bocas","Casa Blanca","AFH12-1","AFH12-1-2-3-R","modern","Gobiidae",0.65973471,0.7821638608,1.7048693765327,"omnivore_carnivore","demersal","Cryptobenthic","No","No","Yes",19,37,0.00980621621621622,3.01654054054054,"AFH12-1_2",0.0490238134017301
"2255","Caribbean","Bocas","Casa Blanca","AFH12-1","AFH12-1-2-3-R","modern","Gobiidae",0.662007306,0.6772131265,1.71111421443158,"omnivore_carnivore","demersal","Cryptobenthic","No","No","Yes",19,37,0.00980621621621622,3.01654054054054,"AFH12-1_2",0.0495675008381478
"2256","Caribbean","Bocas","Casa Blanca","AFH12-1","AFH12-1-2-3-R","modern","Gobiidae",0.668400521,0.497855484,1.72868930721732,"omnivore_carnivore","demersal","Cryptobenthic","No","No","Yes",19,37,0.00980621621621622,3.01654054054054,"AFH12-1_2",0.0511192258867199
"2257","Caribbean","Bocas","Casa Blanca","AFH12-1","AFH12-1-2-3-R","modern","Gobiidae",0.685433816,0.72618108,1.77556587270706,"omnivore_carnivore","demersal","Cryptobenthic","No","No","Yes",19,37,0.00980621621621622,3.01654054054054,"AFH12-1_2",0.0554161049607882
"2258","Caribbean","Bocas","Casa Blanca","AFH12-1","AFH12-1-2-3-R","modern","Gobiidae",0.698386197,0.5972931068,1.81126097810238,"omnivore_carnivore","demersal","Cryptobenthic","No","No","Yes",19,37,0.00980621621621622,3.01654054054054,"AFH12-1_2",0.0588452893536483
"2259","Caribbean","Bocas","Casa Blanca","AFH12-1","AFH12-1-2-3-R","modern","Gobiidae",0.70038744,0.6966938397,1.81677990228759,"omnivore_carnivore","demersal","Cryptobenthic","No","No","Yes",19,37,0.00980621621621622,3.01654054054054,"AFH12-1_2",0.0593878244485745
"2260","Caribbean","Bocas","Casa Blanca","AFH12-1","AFH12-1-2-3-R","modern","Gobiidae",0.702460285,0.7159406616,1.82249733817975,"omnivore_carnivore","demersal","Cryptobenthic","No","No","Yes",19,37,0.00980621621621622,3.01654054054054,"AFH12-1_2",0.0599533899201124
"2261","Caribbean","Bocas","Casa Blanca","AFH12-1","AFH12-1-2-3-R","modern","Gobiidae",0.705784942,0.6813444671,1.83166981811552,"omnivore_carnivore","demersal","Cryptobenthic","No","No","Yes",19,37,0.00980621621621622,3.01654054054054,"AFH12-1_2",0.0608682291727627
"2262","Caribbean","Bocas","Casa Blanca","AFH12-1","AFH12-1-2-3-R","modern","Gobiidae",0.70599804,0.8252053319,1.83225783287545,"omnivore_carnivore","demersal","Cryptobenthic","No","No","Yes",19,37,0.00980621621621622,3.01654054054054,"AFH12-1_2",0.060927192426021
"2263","Caribbean","Bocas","Casa Blanca","AFH12-1","AFH12-1-2-3-R","modern","Gobiidae",0.707283751,0.6589084176,1.83580581440836,"omnivore_carnivore","demersal","Cryptobenthic","No","No","Yes",19,37,0.00980621621621622,3.01654054054054,"AFH12-1_2",0.0612837771604555
"2264","Caribbean","Bocas","Casa Blanca","AFH12-1","AFH12-1-2-3-R","modern","Gobiidae",0.710565498,0.7056800679,1.84486380117042,"omnivore_carnivore","demersal","Cryptobenthic","No","No","Yes",19,37,0.00980621621621622,3.01654054054054,"AFH12-1_2",0.0622004585808479
"2265","Caribbean","Bocas","Casa Blanca","AFH12-1","AFH12-1-2-3-R","modern","Gobiidae",0.715577042,0.6148968613,1.85870132153136,"omnivore_carnivore","demersal","Cryptobenthic","No","No","Yes",19,37,0.00980621621621622,3.01654054054054,"AFH12-1_2",0.0636184612170218
"2266","Caribbean","Bocas","Casa Blanca","AFH12-1","AFH12-1-2-3-R","modern","Gobiidae",0.720372058,0.673651609,1.87194671884562,"omnivore_carnivore","demersal","Cryptobenthic","No","No","Yes",19,37,0.00980621621621622,3.01654054054054,"AFH12-1_2",0.064995875174035
"2267","Caribbean","Bocas","Casa Blanca","AFH12-1","AFH12-1-2-3-R","modern","Gobiidae",0.724778969,0.5711588185,1.88412496217889,"omnivore_carnivore","demersal","Cryptobenthic","No","No","Yes",19,37,0.00980621621621622,3.01654054054054,"AFH12-1_2",0.0662797769528765
"2268","Caribbean","Bocas","Casa Blanca","AFH12-1","AFH12-1-2-3-R","modern","Gobiidae",0.735988462,0.9058795218,1.91512279298469,"omnivore_carnivore","demersal","Cryptobenthic","No","No","Yes",19,37,0.00980621621621622,3.01654054054054,"AFH12-1_2",0.0696240086924272
"2269","Caribbean","Bocas","Casa Blanca","AFH12-1","AFH12-1-2-3-R","modern","Gobiidae",0.737419686,0.5946682332,1.91908274408136,"omnivore_carnivore","demersal","Cryptobenthic","No","No","Yes",19,37,0.00980621621621622,3.01654054054054,"AFH12-1_2",0.0700591862679894
"2270","Caribbean","Bocas","Casa Blanca","AFH12-1","AFH12-1-2-3-R","modern","Gobiidae",0.738214714,0.6485753426,1.92128266010974,"omnivore_carnivore","demersal","Cryptobenthic","No","No","Yes",19,37,0.00980621621621622,3.01654054054054,"AFH12-1_2",0.0703017291472339
"2271","Caribbean","Bocas","Casa Blanca","AFH12-1","AFH12-1-2-3-R","modern","Gobiidae",0.747707439,0.9250543116,1.94756144067885,"omnivore_carnivore","demersal","Cryptobenthic","No","No","Yes",19,37,0.00980621621621622,3.01654054054054,"AFH12-1_2",0.073242524920892
"2272","Caribbean","Bocas","Casa Blanca","AFH12-1","AFH12-1-2-3-R","modern","Gobiidae",0.749428213,0.6748204854,1.9523273391582,"omnivore_carnivore","demersal","Cryptobenthic","No","No","Yes",19,37,0.00980621621621622,3.01654054054054,"AFH12-1_2",0.0737845223368859
"2273","Caribbean","Bocas","Casa Blanca","AFH12-1","AFH12-1-2-3-R","modern","Gobiidae",0.753784186,0.6155157193,1.96439484022645,"omnivore_carnivore","demersal","Cryptobenthic","No","No","Yes",19,37,0.00980621621621622,3.01654054054054,"AFH12-1_2",0.075168863054545
"2274","Caribbean","Bocas","Casa Blanca","AFH12-1","AFH12-1-2-3-R","modern","Gobiidae",0.763068952,0.7981446127,1.99013143554554,"omnivore_carnivore","demersal","Cryptobenthic","No","No","Yes",19,37,0.00980621621621622,3.01654054054054,"AFH12-1_2",0.0781790537954025
"2275","Caribbean","Bocas","Casa Blanca","AFH12-1","AFH12-1-2-3-R","modern","Gobiidae",0.763792256,0.6325161737,1.99213720846182,"omnivore_carnivore","demersal","Cryptobenthic","No","No","Yes",19,37,0.00980621621621622,3.01654054054054,"AFH12-1_2",0.0784169792093099
"2276","Caribbean","Bocas","Casa Blanca","AFH12-1","AFH12-1-2-3-R","modern","Gobiidae",0.764748376,0.6171029206,1.99478878085584,"omnivore_carnivore","demersal","Cryptobenthic","No","No","Yes",19,37,0.00980621621621622,3.01654054054054,"AFH12-1_2",0.078732251805454
"2277","Caribbean","Bocas","Sweet Bocas Trench","AT13-2","AT13-2-10","pre_exp","Atherinidae",1.25,NA,2.14264889099695,"planktivore","pelagic","Not cryptobenthic","Yes","No","Yes",1,2,0.0059,3.18135,"AT13-2_1",0.0666381618041855
"2278","Caribbean","Bocas","Casa Blanca","AFH12-1","AFH12-1-2-3-R","modern","Gobiidae",0.765946249,0.8486971957,1.99811109377276,"omnivore_carnivore","demersal","Cryptobenthic","No","No","Yes",19,37,0.00980621621621622,3.01654054054054,"AFH12-1_2",0.0791284701269844
"2279","Caribbean","Bocas","Casa Blanca","AFH12-1","AFH12-1-2-3-R","modern","Gobiidae",0.767532807,0.8474868253,2.00251193420586,"omnivore_carnivore","demersal","Cryptobenthic","No","No","Yes",19,37,0.00980621621621622,3.01654054054054,"AFH12-1_2",0.0796553626309272
"2280","Caribbean","Bocas","Casa Blanca","AFH12-1","AFH12-1-2-3-R","modern","Gobiidae",0.768932473,0.6654898985,2.00639484587975,"omnivore_carnivore","demersal","Cryptobenthic","No","No","Yes",19,37,0.00980621621621622,3.01654054054054,"AFH12-1_2",0.080122189002914
"2281","Caribbean","Bocas","Casa Blanca","AFH12-1","AFH12-1-2-3-R","modern","Gobiidae",0.770191975,0.7519864147,2.00988930086574,"omnivore_carnivore","demersal","Cryptobenthic","No","No","Yes",19,37,0.00980621621621622,3.01654054054054,"AFH12-1_2",0.0805438733187513
"2282","Caribbean","Bocas","Sweet Bocas Trench","AT13-2","AT13-2-8","pre_exp","Atherinidae",1.15,NA,1.88687205345765,"planktivore","pelagic","Not cryptobenthic","Yes","No","Yes",1,2,0.0059,3.18135,"AT13-2_2",0.0444718567245816
"2283","Caribbean","Bocas","Sweet Bocas Trench","AT13-2","AT13-2-9","pre_exp","Atherinidae",1.22,NA,2.06474467146193,"planktivore","pelagic","Not cryptobenthic","Yes","No","Yes",1,2,0.0059,3.18135,"AT13-2_2",0.0592314121545199
"2284","Caribbean","Bocas","Sweet Bocas Trench","AT13-3","AT13-3-14","pre_exp","Atherinidae",0.92,NA,1.34274900248709,"planktivore","pelagic","Not cryptobenthic","Yes","No","Yes",1,2,0.0059,3.18135,"AT13-3_2",0.0150677494774658
"2285","Caribbean","Bocas","Sweet Bocas Trench","AT13-3","AT13-3-14","pre_exp","Atherinidae",1.52,NA,2.88695170491412,"planktivore","pelagic","Not cryptobenthic","Yes","No","Yes",1,2,0.0059,3.18135,"AT13-3_2",0.172056575436817
"2286","Caribbean","Bocas","Sweet Bocas Trench","AT13-3","AT13-3-14","pre_exp","Atherinidae",1.05,NA,1.6425110412895,"planktivore","pelagic","Not cryptobenthic","Yes","No","Yes",1,2,0.0059,3.18135,"AT13-3_2",0.0286061449151963
"2287","Caribbean","Bocas","Sweet Bocas Trench","AT13-3","AT13-3-14","pre_exp","Atherinidae",1.47,NA,2.74342443062979,"planktivore","pelagic","Not cryptobenthic","Yes","No","Yes",1,2,0.0059,3.18135,"AT13-3_2",0.146290273835902
"2288","Caribbean","Bocas","Sweet Bocas Trench","AT13-3","AT13-3-14","pre_exp","Atherinidae",1.61,NA,3.151571440801,"planktivore","pelagic","Not cryptobenthic","Yes","No","Yes",1,2,0.0059,3.18135,"AT13-3_2",0.227426663659737
"2289","Caribbean","Bocas","Sweet Bocas Trench","AT13-3","AT13-3-14","pre_exp","Atherinidae",1.25,NA,2.14264889099695,"planktivore","pelagic","Not cryptobenthic","Yes","No","Yes",1,2,0.0059,3.18135,"AT13-3_2",0.0666381618041855
"2290","Caribbean","Bocas","Casa Blanca","AFH12-1","AFH12-1-2-3-R","modern","Gobiidae",0.776081786,0.8086130129,2.02623521305397,"omnivore_carnivore","demersal","Cryptobenthic","No","No","Yes",19,37,0.00980621621621622,3.01654054054054,"AFH12-1_2",0.0825360833784579
"2291","Caribbean","Bocas","Casa Blanca","AFH12-1","AFH12-1-2-3-R","modern","Gobiidae",0.790301012,0.5322964758,2.06572986780696,"omnivore_carnivore","demersal","Cryptobenthic","No","No","Yes",19,37,0.00980621621621622,3.01654054054054,"AFH12-1_2",0.0874849882666339
"2292","Caribbean","Bocas","Casa Blanca","AFH12-1","AFH12-1-2-3-R","modern","Gobiidae",0.801446351,0.707151053,2.09671811015112,"omnivore_carnivore","demersal","Cryptobenthic","No","No","Yes",19,37,0.00980621621621622,3.01654054054054,"AFH12-1_2",0.0915039938533472
"2293","Caribbean","Bocas","Casa Blanca","AFH12-1","AFH12-1-2-3-R","modern","Gobiidae",0.802963529,0.805167663,2.10093855289632,"omnivore_carnivore","demersal","Cryptobenthic","No","No","Yes",19,37,0.00980621621621622,3.01654054054054,"AFH12-1_2",0.0920607285681789
"2294","Caribbean","Bocas","Casa Blanca","AFH12-1","AFH12-1-2-3-R","modern","Gobiidae",0.807679014,0.5922210407,2.11405917089559,"omnivore_carnivore","demersal","Cryptobenthic","No","No","Yes",19,37,0.00980621621621622,3.01654054054054,"AFH12-1_2",0.0938059733360716
"2295","Caribbean","Bocas","Casa Blanca","AFH12-1","AFH12-1-2-3-R","modern","Gobiidae",0.809608808,0.7859316334,2.11943013169476,"omnivore_carnivore","demersal","Cryptobenthic","No","No","Yes",19,37,0.00980621621621622,3.01654054054054,"AFH12-1_2",0.0945267264496368
"2296","Caribbean","Bocas","Casa Blanca","AFH12-1","AFH12-1-2-3-R","modern","Gobiidae",0.810990936,0.708519172,2.12327733805099,"omnivore_carnivore","demersal","Cryptobenthic","No","No","Yes",19,37,0.00980621621621622,3.01654054054054,"AFH12-1_2",0.0950452694518022
"2297","Caribbean","Bocas","Casa Blanca","AFH12-1","AFH12-1-2-3-R","modern","Gobiidae",0.812123697,0.8623621991,2.12643073098976,"omnivore_carnivore","demersal","Cryptobenthic","No","No","Yes",19,37,0.00980621621621622,3.01654054054054,"AFH12-1_2",0.0954717126654611
"2298","Caribbean","Bocas","Casa Blanca","AFH12-1","AFH12-1-2-3-R","modern","Gobiidae",0.817016584,0.7316110402,2.14005479633142,"omnivore_carnivore","demersal","Cryptobenthic","No","No","Yes",19,37,0.00980621621621622,3.01654054054054,"AFH12-1_2",0.0973288410517096
"2299","Caribbean","Bocas","Casa Blanca","AFH12-1","AFH12-1-2-3-R","modern","Gobiidae",0.818887956,0.8733400018,2.14526692927818,"omnivore_carnivore","demersal","Cryptobenthic","No","No","Yes",19,37,0.00980621621621622,3.01654054054054,"AFH12-1_2",0.0980456565028968
"2300","Caribbean","Bocas","Casa Blanca","AFH12-1","AFH12-1-2-3-R","modern","Gobiidae",0.819080876,0.6354965654,2.14580429164679,"omnivore_carnivore","demersal","Cryptobenthic","No","No","Yes",19,37,0.00980621621621622,3.01654054054054,"AFH12-1_2",0.098119759046806
"2301","Caribbean","Bocas","Casa Blanca","AFH12-1","AFH12-1-2-3-R","modern","Gobiidae",0.821314446,0.8980316826,2.15202629456302,"omnivore_carnivore","demersal","Cryptobenthic","No","No","Yes",19,37,0.00980621621621622,3.01654054054054,"AFH12-1_2",0.0989805046884788
"2302","Caribbean","Bocas","Casa Blanca","AFH12-1","AFH12-1-2-3-R","modern","Gobiidae",0.824950078,0.750748274,2.16215627561415,"omnivore_carnivore","demersal","Cryptobenthic","No","No","Yes",19,37,0.00980621621621622,3.01654054054054,"AFH12-1_2",0.100392650351097
"2303","Caribbean","Bocas","Casa Blanca","AFH12-1","AFH12-1-2-3-R","modern","Gobiidae",0.826635698,0.7888918506,2.16685388643874,"omnivore_carnivore","demersal","Cryptobenthic","No","No","Yes",19,37,0.00980621621621622,3.01654054054054,"AFH12-1_2",0.101052055102806
"2304","Caribbean","Bocas","Casa Blanca","AFH12-1","AFH12-1-2-3-R","modern","Gobiidae",0.826744197,0.8397938503,2.16715628026215,"omnivore_carnivore","demersal","Cryptobenthic","No","No","Yes",19,37,0.00980621621621622,3.01654054054054,"AFH12-1_2",0.101094601100571
"2305","Caribbean","Bocas","Casa Blanca","AFH12-1","AFH12-1-2-3-R","modern","Gobiidae",0.836750184,0.9328699395,2.19505436915392,"omnivore_carnivore","demersal","Cryptobenthic","No","No","Yes",19,37,0.00980621621621622,3.01654054054054,"AFH12-1_2",0.105071516241861
"2306","Caribbean","Bocas","Casa Blanca","AFH12-1","AFH12-1-2-3-R","modern","Gobiidae",0.837264028,0.7578057017,2.19648760972446,"omnivore_carnivore","demersal","Cryptobenthic","No","No","Yes",19,37,0.00980621621621622,3.01654054054054,"AFH12-1_2",0.105278603729893
"2307","Caribbean","Bocas","Casa Blanca","AFH12-1","AFH12-1-2-3-R","modern","Gobiidae",0.838637067,0.7397327682,2.20031763475487,"omnivore_carnivore","demersal","Cryptobenthic","No","No","Yes",19,37,0.00980621621621622,3.01654054054054,"AFH12-1_2",0.105833338593862
"2308","Caribbean","Bocas","Casa Blanca","AFH12-1","AFH12-1-2-3-R","modern","Gobiidae",0.844769188,0.7026384788,2.21742771769327,"omnivore_carnivore","demersal","Cryptobenthic","No","No","Yes",19,37,0.00980621621621622,3.01654054054054,"AFH12-1_2",0.108335406582795
"2309","Caribbean","Bocas","Casa Blanca","AFH12-1","AFH12-1-2-3-R","modern","Gobiidae",0.857958546,0.6415695231,2.25425572941973,"omnivore_carnivore","demersal","Cryptobenthic","No","No","Yes",19,37,0.00980621621621622,3.01654054054054,"AFH12-1_2",0.113854414595752
"2310","Caribbean","Bocas","Casa Blanca","AFH12-1","AFH12-1-2-3-R","modern","Gobiidae",0.861026265,0.6284585203,2.26282672759373,"omnivore_carnivore","demersal","Cryptobenthic","No","No","Yes",19,37,0.00980621621621622,3.01654054054054,"AFH12-1_2",0.115165258926734
"2311","Caribbean","Bocas","Casa Blanca","AFH12-1","AFH12-1-2-3-R","modern","Gobiidae",0.86625387,0.6185428194,2.27743674645685,"omnivore_carnivore","demersal","Cryptobenthic","No","No","Yes",19,37,0.00980621621621622,3.01654054054054,"AFH12-1_2",0.117422897110142
"2312","Caribbean","Bocas","Casa Blanca","AFH12-1","AFH12-1-2-3-R","modern","Gobiidae",0.867282119,0.6191367378,2.28031113605312,"omnivore_carnivore","demersal","Cryptobenthic","No","No","Yes",19,37,0.00980621621621622,3.01654054054054,"AFH12-1_2",0.117870521574327
"2313","Caribbean","Bocas","Casa Blanca","AFH12-1","AFH12-1-2-3-R","modern","Gobiidae",0.869596513,0.7689603247,2.28678163140352,"omnivore_carnivore","demersal","Cryptobenthic","No","No","Yes",19,37,0.00980621621621622,3.01654054054054,"AFH12-1_2",0.118882333360226
"2314","Caribbean","Bocas","Casa Blanca","AFH12-1","AFH12-1-2-3-R","modern","Gobiidae",0.871358878,0.6408479554,2.29170951547915,"omnivore_carnivore","demersal","Cryptobenthic","No","No","Yes",19,37,0.00980621621621622,3.01654054054054,"AFH12-1_2",0.119656805070299
"2315","Caribbean","Bocas","Casa Blanca","AFH12-1","AFH12-1-2-3-R","modern","Gobiidae",0.874360639,0.7371064745,2.30010442030358,"omnivore_carnivore","demersal","Cryptobenthic","No","No","Yes",19,37,0.00980621621621622,3.01654054054054,"AFH12-1_2",0.12098391181079
"2316","Caribbean","Bocas","Casa Blanca","AFH12-1","AFH12-1-2-3-R","modern","Gobiidae",0.876168302,0.6939500948,2.30516071874515,"omnivore_carnivore","demersal","Cryptobenthic","No","No","Yes",19,37,0.00980621621621622,3.01654054054054,"AFH12-1_2",0.121787963905186
"2317","Caribbean","Bocas","Casa Blanca","AFH12-1","AFH12-1-2-3-R","modern","Gobiidae",0.877262243,0.8255976462,2.30822095261703,"omnivore_carnivore","demersal","Cryptobenthic","No","No","Yes",19,37,0.00980621621621622,3.01654054054054,"AFH12-1_2",0.122276332957676
"2318","Caribbean","Bocas","Casa Blanca","AFH12-1","AFH12-1-2-3-R","modern","Gobiidae",0.87742859,0.7207552578,2.30868631944728,"omnivore_carnivore","demersal","Cryptobenthic","No","No","Yes",19,37,0.00980621621621622,3.01654054054054,"AFH12-1_2",0.12235071325307
"2319","Caribbean","Bocas","Casa Blanca","AFH12-1","AFH12-1-2-3-R","modern","Gobiidae",0.878593824,0.9130131789,2.31194629566401,"omnivore_carnivore","demersal","Cryptobenthic","No","No","Yes",19,37,0.00980621621621622,3.01654054054054,"AFH12-1_2",0.122872608505411
"2320","Caribbean","Bocas","Casa Blanca","AFH12-1","AFH12-1-2-3-R","modern","Gobiidae",0.881664651,0.7031011647,2.32053886000336,"omnivore_carnivore","demersal","Cryptobenthic","No","No","Yes",19,37,0.00980621621621622,3.01654054054054,"AFH12-1_2",0.124255333269167
"2321","Caribbean","Bocas","Casa Blanca","AFH12-1","AFH12-1-2-3-R","modern","Gobiidae",0.883537992,0.7027481265,2.3257816361975,"omnivore_carnivore","demersal","Cryptobenthic","No","No","Yes",19,37,0.00980621621621622,3.01654054054054,"AFH12-1_2",0.125104094671556
"2322","Caribbean","Bocas","Casa Blanca","AFH12-1","AFH12-1-2-3-R","modern","Gobiidae",0.893895555,0.6868321352,2.3547812061388,"omnivore_carnivore","demersal","Cryptobenthic","No","No","Yes",19,37,0.00980621621621622,3.01654054054054,"AFH12-1_2",0.129868974452464
"2323","Caribbean","Bocas","Casa Blanca","AFH12-1","AFH12-1-2-3-R","modern","Gobiidae",0.895475446,1.005644021,2.35920653012115,"omnivore_carnivore","demersal","Cryptobenthic","No","No","Yes",19,37,0.00980621621621622,3.01654054054054,"AFH12-1_2",0.130606592864175
"2324","Caribbean","Bocas","Casa Blanca","AFH12-1","AFH12-1-2-3-R","modern","Gobiidae",0.896090912,0.662828654,2.36093060327407,"omnivore_carnivore","demersal","Cryptobenthic","No","No","Yes",19,37,0.00980621621621622,3.01654054054054,"AFH12-1_2",0.130894719863339
"2325","Caribbean","Bocas","Casa Blanca","AFH12-1","AFH12-1-2-3-R","modern","Gobiidae",0.900254944,0.5948654627,2.37259705603768,"omnivore_carnivore","demersal","Cryptobenthic","No","No","Yes",19,37,0.00980621621621622,3.01654054054054,"AFH12-1_2",0.132855590445232
"2326","Caribbean","Bocas","Casa Blanca","AFH12-1","AFH12-1-2-3-R","modern","Gobiidae",0.900449794,0.7579447305,2.37314305492976,"omnivore_carnivore","demersal","Cryptobenthic","No","No","Yes",19,37,0.00980621621621622,3.01654054054054,"AFH12-1_2",0.132947838568641
"2327","Caribbean","Bocas","Casa Blanca","AFH12-1","AFH12-1-2-3-R","modern","Gobiidae",0.904263451,0.7434251964,2.38383099548703,"omnivore_carnivore","demersal","Cryptobenthic","No","No","Yes",19,37,0.00980621621621622,3.01654054054054,"AFH12-1_2",0.134762230899707
"2328","Caribbean","Bocas","Casa Blanca","AFH12-1","AFH12-1-2-3-R","modern","Gobiidae",0.908942436,0.6245888965,2.39694794893338,"omnivore_carnivore","demersal","Cryptobenthic","No","No","Yes",19,37,0.00980621621621622,3.01654054054054,"AFH12-1_2",0.137011503725242
"2329","Caribbean","Bocas","Casa Blanca","AFH12-1","AFH12-1-2-3-R","modern","Gobiidae",0.918478508,0.8083289917,2.42369434201194,"omnivore_carnivore","demersal","Cryptobenthic","No","No","Yes",19,37,0.00980621621621622,3.01654054054054,"AFH12-1_2",0.141675411658016
"2330","Caribbean","Bocas","Casa Blanca","AFH12-1","AFH12-1-2-3-R","modern","Gobiidae",0.919113675,0.9033211938,2.42547645886858,"omnivore_carnivore","demersal","Cryptobenthic","No","No","Yes",19,37,0.00980621621621622,3.01654054054054,"AFH12-1_2",0.14198988505547
"2331","Caribbean","Bocas","Casa Blanca","AFH12-1","AFH12-1-2-3-R","modern","Gobiidae",0.922537391,0.6892801409,2.43508387416253,"omnivore_carnivore","demersal","Cryptobenthic","No","No","Yes",19,37,0.00980621621621622,3.01654054054054,"AFH12-1_2",0.143693256743564
"2332","Caribbean","Bocas","Casa Blanca","AFH12-1","AFH12-1-2-3-R","modern","Gobiidae",0.924054418,1.011253991,2.4393415807876,"omnivore_carnivore","demersal","Cryptobenthic","No","No","Yes",19,37,0.00980621621621622,3.01654054054054,"AFH12-1_2",0.144452485727258
"2333","Caribbean","Bocas","Casa Blanca","AFH12-1","AFH12-1-2-3-R","modern","Gobiidae",0.926782717,0.8285625428,2.44699997021104,"omnivore_carnivore","demersal","Cryptobenthic","No","No","Yes",19,37,0.00980621621621622,3.01654054054054,"AFH12-1_2",0.145824861546473
"2334","Caribbean","Bocas","Casa Blanca","AFH12-1","AFH12-1-2-3-R","modern","Gobiidae",0.934767399,1.127257552,2.46942130902584,"omnivore_carnivore","demersal","Cryptobenthic","No","No","Yes",19,37,0.00980621621621622,3.01654054054054,"AFH12-1_2",0.149892801161323
"2335","Caribbean","Bocas","Casa Blanca","AFH12-1","AFH12-1-2-3-R","modern","Gobiidae",0.93596549,0.7781251523,2.47278664896402,"omnivore_carnivore","demersal","Cryptobenthic","No","No","Yes",19,37,0.00980621621621622,3.01654054054054,"AFH12-1_2",0.150509851094015
"2336","Caribbean","Bocas","Casa Blanca","AFH12-1","AFH12-1-2-3-R","modern","Gobiidae",0.938142979,0.6502562523,2.47890373529862,"omnivore_carnivore","demersal","Cryptobenthic","No","No","Yes",19,37,0.00980621621621622,3.01654054054054,"AFH12-1_2",0.151635790032686
"2337","Caribbean","Bocas","Casa Blanca","AFH12-1","AFH12-1-2-3-R","modern","Gobiidae",0.938684565,0.5810857566,2.48042531915414,"omnivore_carnivore","demersal","Cryptobenthic","No","No","Yes",19,37,0.00980621621621622,3.01654054054054,"AFH12-1_2",0.151916731513664
"2338","Caribbean","Bocas","Casa Blanca","AFH12-1","AFH12-1-2-3-R","modern","Gobiidae",0.940484841,0.7011285828,2.48548358670688,"omnivore_carnivore","demersal","Cryptobenthic","No","No","Yes",19,37,0.00980621621621622,3.01654054054054,"AFH12-1_2",0.152853178259691
"2339","Caribbean","Bocas","Casa Blanca","AFH12-1","AFH12-1-2-3-R","modern","Gobiidae",0.943004536,0.9767500174,2.49256424666044,"omnivore_carnivore","demersal","Cryptobenthic","No","No","Yes",19,37,0.00980621621621622,3.01654054054054,"AFH12-1_2",0.154170504502466
"2340","Caribbean","Bocas","Casa Blanca","AFH12-1","AFH12-1-2-3-R","modern","Gobiidae",0.945441404,0.831724983,2.49941329050638,"omnivore_carnivore","demersal","Cryptobenthic","No","No","Yes",19,37,0.00980621621621622,3.01654054054054,"AFH12-1_2",0.155451939905034
"2341","Caribbean","Bocas","Casa Blanca","AFH12-1","AFH12-1-2-3-R","modern","Gobiidae",0.945713709,0.9482468672,2.500178698397,"omnivore_carnivore","demersal","Cryptobenthic","No","No","Yes",19,37,0.00980621621621622,3.01654054054054,"AFH12-1_2",0.155595586144801
"2342","Caribbean","Bocas","Casa Blanca","AFH12-1","AFH12-1-2-3-R","modern","Gobiidae",0.948446383,0.7495324658,2.50786059997696,"omnivore_carnivore","demersal","Cryptobenthic","No","No","Yes",19,37,0.00980621621621622,3.01654054054054,"AFH12-1_2",0.157042187499467
"2343","Caribbean","Bocas","Casa Blanca","AFH12-1","AFH12-1-2-3-R","modern","Gobiidae",0.95034899,0.7193534374,2.51320990217746,"omnivore_carnivore","demersal","Cryptobenthic","No","No","Yes",19,37,0.00980621621621622,3.01654054054054,"AFH12-1_2",0.158054822493845
"2344","Caribbean","Bocas","Casa Blanca","AFH12-1","AFH12-1-2-3-R","modern","Gobiidae",0.952733736,0.760641903,2.51991572554851,"omnivore_carnivore","demersal","Cryptobenthic","No","No","Yes",19,37,0.00980621621621622,3.01654054054054,"AFH12-1_2",0.159330403758047
"2345","Caribbean","Bocas","Casa Blanca","AFH12-1","AFH12-1-2-3-R","modern","Gobiidae",0.96312987,0.9329864013,2.54916166347625,"omnivore_carnivore","demersal","Cryptobenthic","No","No","Yes",19,37,0.00980621621621622,3.01654054054054,"AFH12-1_2",0.164974048689028
"2346","Caribbean","Bocas","Casa Blanca","AFH12-1","AFH12-1-2-3-R","modern","Gobiidae",0.964204038,0.5914158476,2.55218460644244,"omnivore_carnivore","demersal","Cryptobenthic","No","No","Yes",19,37,0.00980621621621622,3.01654054054054,"AFH12-1_2",0.165564897740813
"2347","Caribbean","Bocas","Casa Blanca","AFH12-1","AFH12-1-2-3-R","modern","Gobiidae",0.971561008,0.7984437039,2.57289443691972,"omnivore_carnivore","demersal","Cryptobenthic","No","No","Yes",19,37,0.00980621621621622,3.01654054054054,"AFH12-1_2",0.169650822587853
"2348","Caribbean","Bocas","Casa Blanca","AFH12-1","AFH12-1-2-3-R","modern","Gobiidae",0.973234612,0.8632345351,2.57760701050242,"omnivore_carnivore","demersal","Cryptobenthic","No","No","Yes",19,37,0.00980621621621622,3.01654054054054,"AFH12-1_2",0.170589903714597
"2349","Caribbean","Bocas","Casa Blanca","AFH12-1","AFH12-1-2-3-R","modern","Gobiidae",0.97326522,0.6181781188,2.57769320200472,"omnivore_carnivore","demersal","Cryptobenthic","No","No","Yes",19,37,0.00980621621621622,3.01654054054054,"AFH12-1_2",0.170607111495938
"2350","Caribbean","Bocas","Casa Blanca","AFH12-1","AFH12-1-2-3-R","modern","Gobiidae",0.973762274,0.659137925,2.57909291989785,"omnivore_carnivore","demersal","Cryptobenthic","No","No","Yes",19,37,0.00980621621621622,3.01654054054054,"AFH12-1_2",0.17088672190876
"2351","Caribbean","Bocas","Casa Blanca","AFH12-1","AFH12-1-2-3-R","modern","Gobiidae",0.982834817,0.6462970753,2.60464937041975,"omnivore_carnivore","demersal","Cryptobenthic","No","No","Yes",19,37,0.00980621621621622,3.01654054054054,"AFH12-1_2",0.176045929178711
"2352","Caribbean","Bocas","Casa Blanca","AFH12-1","AFH12-1-2-3-R","modern","Gobiidae",0.987720289,0.7926280276,2.6184174484087,"omnivore_carnivore","demersal","Cryptobenthic","No","No","Yes",19,37,0.00980621621621622,3.01654054054054,"AFH12-1_2",0.178868025483624
"2353","Caribbean","Bocas","Casa Blanca","AFH12-1","AFH12-1-2-3-R","modern","Gobiidae",0.988671988,0.6320270689,2.62109999737746,"omnivore_carnivore","demersal","Cryptobenthic","No","No","Yes",19,37,0.00980621621621622,3.01654054054054,"AFH12-1_2",0.179421374556481
"2354","Caribbean","Bocas","Casa Blanca","AFH12-1","AFH12-1-2-3-R","modern","Gobiidae",0.989636063,0.7100209924,2.62381759700723,"omnivore_carnivore","demersal","Cryptobenthic","No","No","Yes",19,37,0.00980621621621622,3.01654054054054,"AFH12-1_2",0.179983119485168
"2355","Caribbean","Bocas","Casa Blanca","AFH12-1","AFH12-1-2-3-R","modern","Gobiidae",0.98974622,0.6575941814,2.62412812564862,"omnivore_carnivore","demersal","Cryptobenthic","No","No","Yes",19,37,0.00980621621621622,3.01654054054054,"AFH12-1_2",0.180047382454214
"2356","Caribbean","Bocas","Casa Blanca","AFH12-1","AFH12-1-2-3-R","modern","Gobiidae",0.991582918,0.921700865,2.62930603343078,"omnivore_carnivore","demersal","Cryptobenthic","No","No","Yes",19,37,0.00980621621621622,3.01654054054054,"AFH12-1_2",0.181121196314386
"2357","Caribbean","Bocas","Casa Blanca","AFH12-1","AFH12-1-2-3-R","modern","Gobiidae",0.991593282,1.00583075,2.6293352527139,"omnivore_carnivore","demersal","Cryptobenthic","No","No","Yes",19,37,0.00980621621621622,3.01654054054054,"AFH12-1_2",0.181127268034297
"2358","Caribbean","Bocas","Casa Blanca","AFH12-1","AFH12-1-2-3-R","modern","Gobiidae",1.000474698,0.6861875381,2.65438175807654,"omnivore_carnivore","demersal","Cryptobenthic","No","No","Yes",19,37,0.00980621621621622,3.01654054054054,"AFH12-1_2",0.18638209988513
"2359","Caribbean","Bocas","Casa Blanca","AFH12-1","AFH12-1-2-3-R","modern","Gobiidae",1.005644352,1.203692211,2.66896719666423,"omnivore_carnivore","demersal","Cryptobenthic","No","No","Yes",19,37,0.00980621621621622,3.01654054054054,"AFH12-1_2",0.189488614569626
"2360","Caribbean","Bocas","Casa Blanca","AFH12-1","AFH12-1-2-3-R","modern","Gobiidae",1.007623352,0.9240163722,2.67455191820669,"omnivore_carnivore","demersal","Cryptobenthic","No","No","Yes",19,37,0.00980621621621622,3.01654054054054,"AFH12-1_2",0.190687193169962
"2361","Caribbean","Bocas","Casa Blanca","AFH12-1","AFH12-1-2-3-R","modern","Gobiidae",1.016147878,0.6567778693,2.69861597285286,"omnivore_carnivore","demersal","Cryptobenthic","No","No","Yes",19,37,0.00980621621621622,3.01654054054054,"AFH12-1_2",0.195909741281024
"2362","Caribbean","Bocas","Casa Blanca","AFH12-1","AFH12-1-2-3-R","modern","Gobiidae",1.016845826,0.7621499587,2.70058679110654,"omnivore_carnivore","demersal","Cryptobenthic","No","No","Yes",19,37,0.00980621621621622,3.01654054054054,"AFH12-1_2",0.196341648476842
"2363","Caribbean","Bocas","Casa Blanca","AFH12-1","AFH12-1-2-3-R","modern","Gobiidae",1.018834449,0.6876967322,2.70620259885585,"omnivore_carnivore","demersal","Cryptobenthic","No","No","Yes",19,37,0.00980621621621622,3.01654054054054,"AFH12-1_2",0.197575849645429
"2364","Caribbean","Bocas","Casa Blanca","AFH12-1","AFH12-1-2-3-R","modern","Gobiidae",1.019948839,0.7368443822,2.70934990372475,"omnivore_carnivore","demersal","Cryptobenthic","No","No","Yes",19,37,0.00980621621621622,3.01654054054054,"AFH12-1_2",0.19826980366199
"2365","Caribbean","Bocas","Casa Blanca","AFH12-1","AFH12-1-2-3-R","modern","Gobiidae",1.01998801,0.8665026372,2.70946053598927,"omnivore_carnivore","demersal","Cryptobenthic","No","No","Yes",19,37,0.00980621621621622,3.01654054054054,"AFH12-1_2",0.198294226736186
"2366","Caribbean","Bocas","Casa Blanca","AFH12-1","AFH12-1-2-3-R","modern","Gobiidae",1.023828231,0.7853778088,2.72030793271817,"omnivore_carnivore","demersal","Cryptobenthic","No","No","Yes",19,37,0.00980621621621622,3.01654054054054,"AFH12-1_2",0.200698666268266
"2367","Caribbean","Bocas","Casa Blanca","AFH12-1","AFH12-1-2-3-R","modern","Gobiidae",1.024826774,0.8476346657,2.72312891939159,"omnivore_carnivore","demersal","Cryptobenthic","No","No","Yes",19,37,0.00980621621621622,3.01654054054054,"AFH12-1_2",0.201327145070217
"2368","Caribbean","Bocas","Casa Blanca","AFH12-1","AFH12-1-2-3-R","modern","Gobiidae",1.031625877,0.801887107,2.74234169765836,"omnivore_carnivore","demersal","Cryptobenthic","No","No","Yes",19,37,0.00980621621621622,3.01654054054054,"AFH12-1_2",0.205642527920909
"2369","Caribbean","Bocas","Casa Blanca","AFH12-1","AFH12-1-2-3-R","modern","Gobiidae",1.038541873,0.846832024,2.76189300647584,"omnivore_carnivore","demersal","Cryptobenthic","No","No","Yes",19,37,0.00980621621621622,3.01654054054054,"AFH12-1_2",0.210096982806645
"2370","Caribbean","Bocas","Casa Blanca","AFH12-1","AFH12-1-2-3-R","modern","Gobiidae",1.039565377,0.9342712018,2.76478712170734,"omnivore_carnivore","demersal","Cryptobenthic","No","No","Yes",19,37,0.00980621621621622,3.01654054054054,"AFH12-1_2",0.210761791546889
"2371","Caribbean","Bocas","Casa Blanca","AFH12-1","AFH12-1-2-3-R","modern","Gobiidae",1.042020212,0.9553250888,2.77172927990308,"omnivore_carnivore","demersal","Cryptobenthic","No","No","Yes",19,37,0.00980621621621622,3.01654054054054,"AFH12-1_2",0.212362207592123
"2372","Caribbean","Bocas","Casa Blanca","AFH12-1","AFH12-1-2-3-R","modern","Gobiidae",1.053964388,0.9385740609,2.80552156642454,"omnivore_carnivore","demersal","Cryptobenthic","No","No","Yes",19,37,0.00980621621621622,3.01654054054054,"AFH12-1_2",0.220268648258159
"2373","Caribbean","Bocas","Casa Blanca","AFH12-1","AFH12-1-2-3-R","modern","Gobiidae",1.055018572,0.6107881077,2.8085052154348,"omnivore_carnivore","demersal","Cryptobenthic","No","No","Yes",19,37,0.00980621621621622,3.01654054054054,"AFH12-1_2",0.220976042597718
"2374","Caribbean","Bocas","Casa Blanca","AFH12-1","AFH12-1-2-3-R","modern","Gobiidae",1.056741574,0.6976087557,2.81338222079225,"omnivore_carnivore","demersal","Cryptobenthic","No","No","Yes",19,37,0.00980621621621622,3.01654054054054,"AFH12-1_2",0.222135600747826
"2375","Caribbean","Bocas","Casa Blanca","AFH12-1","AFH12-1-2-3-R","modern","Gobiidae",1.05749094,0.6981555547,2.81550347917772,"omnivore_carnivore","demersal","Cryptobenthic","No","No","Yes",19,37,0.00980621621621622,3.01654054054054,"AFH12-1_2",0.222641218468699
"2376","Caribbean","Bocas","Casa Blanca","AFH12-1","AFH12-1-2-3-R","modern","Gobiidae",1.057754079,0.7257860175,2.81624837914808,"omnivore_carnivore","demersal","Cryptobenthic","No","No","Yes",19,37,0.00980621621621622,3.01654054054054,"AFH12-1_2",0.222818953269576
"2377","Caribbean","Bocas","Casa Blanca","AFH12-1","AFH12-1-2-3-R","modern","Gobiidae",1.06065826,0.7235919565,2.82447037968975,"omnivore_carnivore","demersal","Cryptobenthic","No","No","Yes",19,37,0.00980621621621622,3.01654054054054,"AFH12-1_2",0.224787046323415
"2378","Caribbean","Bocas","Casa Blanca","AFH12-1","AFH12-1-2-3-R","modern","Gobiidae",1.064101137,0.8180583329,2.83421932168203,"omnivore_carnivore","demersal","Cryptobenthic","No","No","Yes",19,37,0.00980621621621622,3.01654054054054,"AFH12-1_2",0.227135659291449
"2379","Caribbean","Bocas","Casa Blanca","AFH12-1","AFH12-1-2-3-R","modern","Gobiidae",1.06467632,1.045411048,2.83584821978423,"omnivore_carnivore","demersal","Cryptobenthic","No","No","Yes",19,37,0.00980621621621622,3.01654054054054,"AFH12-1_2",0.227529668699207
"2380","Caribbean","Bocas","Casa Blanca","AFH12-1","AFH12-1-2-3-R","modern","Gobiidae",1.067243221,0.8338564614,2.84311827141201,"omnivore_carnivore","demersal","Cryptobenthic","No","No","Yes",19,37,0.00980621621621622,3.01654054054054,"AFH12-1_2",0.229293771190793
"2381","Caribbean","Bocas","Casa Blanca","AFH12-1","AFH12-1-2-3-R","modern","Gobiidae",1.069502787,0.8779347286,2.84951879514881,"omnivore_carnivore","demersal","Cryptobenthic","No","No","Yes",19,37,0.00980621621621622,3.01654054054054,"AFH12-1_2",0.230854428055935
"2382","Caribbean","Bocas","Casa Blanca","AFH12-1","AFH12-1-2-3-R","modern","Gobiidae",1.076678012,0.878108436,2.86984924364696,"omnivore_carnivore","demersal","Cryptobenthic","No","No","Yes",19,37,0.00980621621621622,3.01654054054054,"AFH12-1_2",0.23585872773734
"2383","Caribbean","Bocas","Casa Blanca","AFH12-1","AFH12-1-2-3-R","modern","Gobiidae",1.084508919,0.8142851341,2.89204729485038,"omnivore_carnivore","demersal","Cryptobenthic","No","No","Yes",19,37,0.00980621621621622,3.01654054054054,"AFH12-1_2",0.241404979340195
"2384","Caribbean","Bocas","Casa Blanca","AFH12-1","AFH12-1-2-3-R","modern","Gobiidae",1.087668135,0.8999478683,2.90100550926672,"omnivore_carnivore","demersal","Cryptobenthic","No","No","Yes",19,37,0.00980621621621622,3.01654054054054,"AFH12-1_2",0.243667680113964
"2385","Caribbean","Bocas","Casa Blanca","AFH12-1","AFH12-1-2-3-R","modern","Gobiidae",1.087676645,0.8008028087,2.90102964228952,"omnivore_carnivore","demersal","Cryptobenthic","No","No","Yes",19,37,0.00980621621621622,3.01654054054054,"AFH12-1_2",0.243673794796402
"2386","Caribbean","Bocas","Casa Blanca","AFH12-1","AFH12-1-2-3-R","modern","Gobiidae",1.0943795,0.89931193,2.9200415871637,"omnivore_carnivore","demersal","Cryptobenthic","No","No","Yes",19,37,0.00980621621621622,3.01654054054054,"AFH12-1_2",0.248522870438417
"2387","Caribbean","Bocas","Punta Donato","AT14-2","AT14-2-2","modern","Apogonidae",0.95612544,0.3823862008,1.61909283200225,"planktivore","demersal","Cryptobenthic","No","No","Yes",5,6,0.015875,3.07606666666667,"AT14-2_2",0.0698952381070747
"2388","Caribbean","Bocas","Punta Donato","AT14-2","AT14-2-2","modern","Apogonidae",0.960898159,0.7170708572,1.62705724522729,"planktivore","demersal","Cryptobenthic","No","No","Yes",5,6,0.015875,3.07606666666667,"AT14-2_2",0.0709582575044261
"2389","Caribbean","Bocas","Punta Donato","AT14-2","AT14-2-2","modern","Apogonidae",1.018537819,0.6990807196,1.72319814071613,"planktivore","demersal","Cryptobenthic","No","No","Yes",5,6,0.015875,3.07606666666667,"AT14-2_2",0.0846635779687346
"2390","Caribbean","Bocas","Punta Donato","AT14-2","AT14-2-2","modern","Apogonidae",1.067609711,0.7919812523,1.80498585643402,"planktivore","demersal","Cryptobenthic","No","No","Yes",5,6,0.015875,3.07606666666667,"AT14-2_2",0.0976437052000536
"2391","Caribbean","Bocas","Punta Donato","AT14-2","AT14-2-2","modern","Apogonidae",1.076022836,0.8542800749,1.81900238938047,"planktivore","demersal","Cryptobenthic","No","No","Yes",5,6,0.015875,3.07606666666667,"AT14-2_2",0.0999949789437802
"2392","Caribbean","Bocas","Punta Donato","AT14-2","AT14-2-2","modern","Apogonidae",1.085588381,0.8073079346,1.834936957896,"planktivore","demersal","Cryptobenthic","No","No","Yes",5,6,0.015875,3.07606666666667,"AT14-2_2",0.102714075112755
"2393","Caribbean","Bocas","Punta Donato","AT14-2","AT14-2-2","modern","Apogonidae",1.094609367,0.7393405037,1.84996251544904,"planktivore","demersal","Cryptobenthic","No","No","Yes",5,6,0.015875,3.07606666666667,"AT14-2_2",0.105323361944069
"2394","Caribbean","Bocas","Punta Donato","AT14-2","AT14-2-2","modern","Apogonidae",1.099148823,0.8127486463,1.85752285459626,"planktivore","demersal","Cryptobenthic","No","No","Yes",5,6,0.015875,3.07606666666667,"AT14-2_2",0.106653019961399
"2395","Caribbean","Bocas","Punta Donato","AT14-2","AT14-2-2","modern","Apogonidae",1.109975229,0.8489800187,1.87555210933485,"planktivore","demersal","Cryptobenthic","No","No","Yes",5,6,0.015875,3.07606666666667,"AT14-2_2",0.109869503362474
"2396","Caribbean","Bocas","Punta Donato","AT14-2","AT14-2-2","modern","Apogonidae",1.124328058,0.8810711359,1.89944999698357,"planktivore","demersal","Cryptobenthic","No","No","Yes",5,6,0.015875,3.07606666666667,"AT14-2_2",0.114233010573381
"2397","Caribbean","Bocas","Punta Donato","AT14-2","AT14-2-2","modern","Apogonidae",1.147113687,0.874159448,1.93737967156758,"planktivore","demersal","Cryptobenthic","No","No","Yes",5,6,0.015875,3.07606666666667,"AT14-2_2",0.121396290767984
"2398","Caribbean","Bocas","Punta Donato","AT14-2","AT14-2-2","modern","Apogonidae",1.150507199,0.9176369413,1.9430276769843,"planktivore","demersal","Cryptobenthic","No","No","Yes",5,6,0.015875,3.07606666666667,"AT14-2_2",0.122488221668872
"2399","Caribbean","Bocas","Punta Donato","AT14-2","AT14-2-2","modern","Apogonidae",1.155843069,0.8824812255,1.951907964804,"planktivore","demersal","Cryptobenthic","No","No","Yes",5,6,0.015875,3.07606666666667,"AT14-2_2",0.124218424350337
"2400","Caribbean","Bocas","Punta Donato","AT14-2","AT14-2-2","modern","Apogonidae",1.170888635,0.7843882615,1.97694453766836,"planktivore","demersal","Cryptobenthic","No","No","Yes",5,6,0.015875,3.07606666666667,"AT14-2_2",0.12918512341654
"2401","Caribbean","Bocas","Punta Donato","AT14-2","AT14-2-2","modern","Apogonidae",1.193902792,0.8387427198,2.01523222593465,"planktivore","demersal","Cryptobenthic","No","No","Yes",5,6,0.015875,3.07606666666667,"AT14-2_2",0.137037058565813
"2402","Caribbean","Bocas","Punta Donato","AT14-2","AT14-2-2","modern","Apogonidae",1.199358573,0.774141678,2.02430720078865,"planktivore","demersal","Cryptobenthic","No","No","Yes",5,6,0.015875,3.07606666666667,"AT14-2_2",0.138944199244797
"2403","Caribbean","Bocas","Punta Donato","AT14-2","AT14-2-2","modern","Apogonidae",1.239766879,0.8924962142,2.09150262654299,"planktivore","demersal","Cryptobenthic","No","No","Yes",5,6,0.015875,3.07606666666667,"AT14-2_2",0.153626161804984
"2404","Caribbean","Bocas","Punta Donato","AT14-2","AT14-2-2","modern","Engraulidae",1.679206665,0.9507650068,5.77951427065129,"planktivore","pelagic","Not cryptobenthic","Yes","No","No",16,60,0.00646266666666667,3.19177016666667,"AT14-2_2",1.74660141203584
"2405","Caribbean","Bocas","Punta Donato","AT14-2","AT14-2-2","modern","Engraulidae",1.766607387,1.286522115,6.11614676941992,"planktivore","pelagic","Not cryptobenthic","Yes","No","No",16,60,0.00646266666666667,3.19177016666667,"AT14-2_2",2.09251437411923
"2406","Caribbean","Bocas","Punta Donato","AT14-2","AT14-2-2","modern","Engraulidae",1.782414773,1.071085507,6.1772394608794,"planktivore","pelagic","Not cryptobenthic","Yes","No","No",16,60,0.00646266666666667,3.19177016666667,"AT14-2_2",2.15996069657037
"2407","Caribbean","Bocas","Punta Donato","AT14-2","AT14-2-2","modern","Engraulidae",1.786969496,1.023164099,6.19485430880285,"planktivore","pelagic","Not cryptobenthic","Yes","No","No",16,60,0.00646266666666667,3.19177016666667,"AT14-2_2",2.17968122308542
"2408","Caribbean","Bocas","Punta Donato","AT14-2","AT14-2-2","modern","Engraulidae",1.800772235,1.105713601,6.24826644933316,"planktivore","pelagic","Not cryptobenthic","Yes","No","No",16,60,0.00646266666666667,3.19177016666667,"AT14-2_2",2.24023366747593
"2409","Caribbean","Bocas","Punta Donato","AT14-2","AT14-2-2","modern","Engraulidae",1.905428901,1.039926017,6.65477416185419,"planktivore","pelagic","Not cryptobenthic","Yes","No","No",16,60,0.00646266666666667,3.19177016666667,"AT14-2_2",2.73945477911545
"2410","Caribbean","Bocas","Punta Donato","AT14-2","AT14-2-2","modern","Engraulidae",2.042450338,1.154777782,7.19089537766078,"planktivore","pelagic","Not cryptobenthic","Yes","No","No",16,60,0.00646266666666667,3.19177016666667,"AT14-2_2",3.50805246354577
"2411","Caribbean","Bocas","Punta Donato","AT14-2","AT14-2-2","modern","Engraulidae",2.128804609,1.178804083,7.53093601360021,"planktivore","pelagic","Not cryptobenthic","Yes","No","No",16,60,0.00646266666666667,3.19177016666667,"AT14-2_2",4.0654825378781
"2412","Caribbean","Bocas","Punta Donato","AT14-2","AT14-2-2","modern","Engraulidae",2.129690928,1.411285134,7.53443450464614,"planktivore","pelagic","Not cryptobenthic","Yes","No","No",16,60,0.00646266666666667,3.19177016666667,"AT14-2_2",4.07151363886918
"2413","Caribbean","Bocas","Punta Donato","AT14-2","AT14-2-2","modern","Engraulidae",2.136173167,1.071220691,7.56002641098396,"planktivore","pelagic","Not cryptobenthic","Yes","No","No",16,60,0.00646266666666667,3.19177016666667,"AT14-2_2",4.11581889465652
"2414","Caribbean","Bocas","Punta Donato","AT14-2","AT14-2-2","modern","Engraulidae",2.206866958,1.397833647,7.83970437722706,"planktivore","pelagic","Not cryptobenthic","Yes","No","No",16,60,0.00646266666666667,3.19177016666667,"AT14-2_2",4.62179645962827
"2415","Caribbean","Bocas","Punta Donato","AT14-2","AT14-2-2","modern","Engraulidae",2.368319079,1.116015549,8.48229022706971,"planktivore","pelagic","Not cryptobenthic","Yes","No","No",16,60,0.00646266666666667,3.19177016666667,"AT14-2_2",5.94308932507532
"2416","Caribbean","Bocas","Punta Donato","AT14-2","AT14-2-2","modern","Engraulidae",2.414856475,1.724293443,8.66847015995068,"planktivore","pelagic","Not cryptobenthic","Yes","No","No",16,60,0.00646266666666667,3.19177016666667,"AT14-2_2",6.36954651511231
"2417","Caribbean","Bocas","Punta Donato","AT14-2","AT14-2-2","modern","Engraulidae",2.554453316,1.747031537,9.2294152477663,"planktivore","pelagic","Not cryptobenthic","Yes","No","No",16,60,0.00646266666666667,3.19177016666667,"AT14-2_2",7.78083004432556
"2418","Caribbean","Bocas","Punta Donato","AT14-2","AT14-2-2","modern","Engraulidae",2.597832384,1.674913522,9.40445956996012,"planktivore","pelagic","Not cryptobenthic","Yes","No","No",16,60,0.00646266666666667,3.19177016666667,"AT14-2_2",8.26170495046508
"2419","Caribbean","Bocas","Punta Donato","AT14-2","AT14-2-2","modern","Engraulidae",2.687330708,1.802913017,9.76667015381276,"planktivore","pelagic","Not cryptobenthic","Yes","No","No",16,60,0.00646266666666667,3.19177016666667,"AT14-2_2",9.32084258926159
"2420","Caribbean","Bocas","Punta Caracol","AT13-10","AT13-10-3-2","modern","Bythitidae",2.044715,1.03252,4.14850990785763,"omnivore_carnivore","demersal","Cryptobenthic","Yes","No","Yes",1,55,0.0072,3.155,"AT13-10_5",0.640888047029175
"2421","Caribbean","Bocas","Punta Caracol","AT13-10","AT13-10-3-2","modern","Bythitidae",1.862663,0.955112,3.66937340719733,"omnivore_carnivore","demersal","Cryptobenthic","Yes","No","Yes",1,55,0.0072,3.155,"AT13-10_5",0.435130945062529
"2422","Caribbean","Bocas","Casa Blanca new","AT14-1","AT14-1-2","modern","Bythitidae",1.589001,0.729697,2.97692184637429,"omnivore_carnivore","demersal","Cryptobenthic","Yes","No","Yes",1,55,0.0072,3.155,"AT14-1_2",0.224941065590164
"2423","Caribbean","Bocas","Casa Blanca new","AT14-1","AT14-1-2","modern","Bythitidae",2.284567,1.073294,4.80054250841263,"omnivore_carnivore","demersal","Cryptobenthic","Yes","No","Yes",1,55,0.0072,3.155,"AT14-1_2",1.01578888190853
"2424","Caribbean","Bocas","Cayo Adriana","AT14-3","AT14-3-3","modern","Bythitidae",2.211921,1.092835,4.60065578401694,"omnivore_carnivore","demersal","Cryptobenthic","Yes","No","Yes",1,55,0.0072,3.155,"AT14-3_2",0.888236835245272
"2425","Caribbean","Bocas","Cayo Adriana","AT14-3","AT14-3-5","modern","Bythitidae",2.508636,1.206559,5.4296089608609,"omnivore_carnivore","demersal","Cryptobenthic","Yes","No","Yes",1,55,0.0072,3.155,"AT14-3_4",1.49805335278966
"2426","Caribbean","Bocas","Cayo Adriana","AT14-3","AT14-3-5","modern","Bythitidae",1.876843,0.963028,3.70618166977753,"omnivore_carnivore","demersal","Cryptobenthic","Yes","No","Yes",1,55,0.0072,3.155,"AT14-3_4",0.449051598636033
"2427","Caribbean","Bocas","Cayo Adriana","AT14-3","AT14-3-5","modern","Bythitidae",2.077438,1.039903,4.23610822226564,"omnivore_carnivore","demersal","Cryptobenthic","Yes","No","Yes",1,55,0.0072,3.155,"AT14-3_4",0.684563168177016
"2428","Caribbean","Bocas","Punta Donato","AT14-2","AT14-2-1","modern","Bythitidae",3.447232,1.567733,8.24962342101133,"omnivore_carnivore","demersal","Cryptobenthic","Yes","No","Yes",1,55,0.0072,3.155,"AT14-2_1",5.60637519505455
"2429","Caribbean","Bocas","Punta Donato","AT14-2","AT14-2-1","modern","Bythitidae",1.871451,0.989896,3.69217478990184,"omnivore_carnivore","demersal","Cryptobenthic","Yes","No","Yes",1,55,0.0072,3.155,"AT14-2_1",0.443718977401378
"2430","Caribbean","Bocas","Cayo Adriana","AT14-3","AT14-3-1","modern","Bythitidae",2.112509,1.124944,4.33047738215729,"omnivore_carnivore","demersal","Cryptobenthic","Yes","No","Yes",1,55,0.0072,3.155,"AT14-3_1",0.733842509152331
"2431","Caribbean","Bocas","Cayo Adriana","AT14-3","AT14-3-1","modern","Bythitidae",2.535147,1.158224,5.50525221387162,"omnivore_carnivore","demersal","Cryptobenthic","Yes","No","Yes",1,55,0.0072,3.155,"AT14-3_1",1.56489292210469
"2432","Caribbean","Bocas","Sweet Bocas Trench","AT13-9","AT13-9-1","pre_exp","Bythitidae",3.100327,1.658334,7.17481029718775,"omnivore_carnivore","demersal","Cryptobenthic","Yes","No","Yes",1,55,0.0072,3.155,"AT13-9_1",3.60922851796278
"2433","Caribbean","Bocas","Sweet Bocas Trench","AT13-9","AT13-9-1","pre_exp","Bythitidae",2.066457,1.050111,4.20666349156331,"omnivore_carnivore","demersal","Cryptobenthic","Yes","No","Yes",1,55,0.0072,3.155,"AT13-9_1",0.669662790640927
"2434","Caribbean","Bocas","Sweet Bocas Trench","AT13-2","AT13-2-1","pre_exp","Bythitidae",1.410717,0.70639,2.54533863390238,"omnivore_carnivore","demersal","Cryptobenthic","Yes","No","Yes",1,55,0.0072,3.155,"AT13-2_1",0.137233382509229
"2435","Caribbean","Bocas","Sweet Bocas Trench","AT13-2","AT13-2-1","pre_exp","Bythitidae",1.441044,0.764841,2.61759751444179,"omnivore_carnivore","demersal","Cryptobenthic","Yes","No","Yes",1,55,0.0072,3.155,"AT13-2_1",0.149904976281763
"2436","Caribbean","Bocas","Casa Blanca new","AT14-1","AT14-1-7","modern","Bythitidae",1.450573,0.671133,2.64040177872524,"omnivore_carnivore","demersal","Cryptobenthic","Yes","No","Yes",1,55,0.0072,3.155,"AT14-1_5",0.154064081444294
"2437","Caribbean","Bocas","Casa Blanca new","AT14-1","AT14-1-5","modern","Bythitidae",1.86283,0.946021,3.66980638973548,"omnivore_carnivore","demersal","Cryptobenthic","Yes","No","Yes",1,55,0.0072,3.155,"AT14-1_4",0.435292959241097
"2438","Caribbean","Bocas","Casa Blanca new","AT14-1","AT14-1-8","modern","Bythitidae",1.680012,0.884474,3.20332963887293,"omnivore_carnivore","demersal","Cryptobenthic","Yes","No","Yes",1,55,0.0072,3.155,"AT14-1_6",0.283469048279845
"2439","Caribbean","Bocas","Sweet Bocas Trench","AT13-2","AT13-2-10","pre_exp","Bythitidae",1.544476,0.808318,2.8676276271716,"omnivore_carnivore","demersal","Cryptobenthic","Yes","No","Yes",1,55,0.0072,3.155,"AT13-2_1",0.199901839703783
"2440","Caribbean","Bocas","Sweet Bocas Trench","AT13-3","AT13-3-10","pre_exp","Bythitidae",3.051289,1.329729,7.02582795548071,"omnivore_carnivore","demersal","Cryptobenthic","Yes","No","Yes",1,55,0.0072,3.155,"AT13-3_1",3.37802720690385
"2441","Caribbean","Bocas","Sweet Bocas Trench","AT13-6","AT13-6-3","pre_exp","Bythitidae",2.037535,1.084035,4.12934826966643,"omnivore_carnivore","demersal","Cryptobenthic","Yes","No","Yes",1,55,0.0072,3.155,"AT13-6_1",0.631594979984448
"2442","Caribbean","Bocas","Casa Blanca","AT13-12","AT13-12-4-1","modern","Bythitidae",2.414353,1.078657,5.16265007477402,"omnivore_carnivore","demersal","Cryptobenthic","Yes","No","Yes",1,55,0.0072,3.155,"AT13-12_7",1.27774982984962
"2443","Caribbean","Bocas","Casa Blanca","AT13-12","AT13-12-4-2","modern","Bythitidae",2.766129,1.502016,6.17471797760957,"omnivore_carnivore","demersal","Cryptobenthic","Yes","No","Yes",1,55,0.0072,3.155,"AT13-12_8",2.24765437862942
"2444","Caribbean","Bocas","Cayo Adriana","AT14-3","AT14-3-6","modern","Bythitidae",2.282258,1.181458,4.79415794665661,"omnivore_carnivore","demersal","Cryptobenthic","Yes","No","Yes",1,55,0.0072,3.155,"AT14-3_5",1.0115326909694
"2445","Caribbean","Bocas","STRI Point","AT12-1","AT12-1-2-2","modern","Bythitidae",3.580645,1.75,8.67236736322691,"omnivore_carnivore","demersal","Cryptobenthic","Yes","No","Yes",1,55,0.0072,3.155,"AT12-1_3",6.56382258468286
"2446","Caribbean","Bocas","STRI Point","AT12-1","AT12-1-3-1","modern","Bythitidae",1.119407,0.608233,1.87732934480345,"omnivore_carnivore","demersal","Cryptobenthic","Yes","No","Yes",1,55,0.0072,3.155,"AT12-1_4",0.0525233810994545
"2447","Caribbean","Bocas","STRI Point","AT12-1","AT12-1-5-1","modern","Bythitidae",2.044657,1.006951,4.14835503492196,"omnivore_carnivore","demersal","Cryptobenthic","Yes","No","Yes",1,55,0.0072,3.155,"AT12-1_6",0.640812564322542
"2448","Caribbean","Bocas","Sunset Point","AT12-2","AT12-2-7","pre_exp","Bythitidae",1.780343,0.894955,3.45745068149295,"omnivore_carnivore","demersal","Cryptobenthic","Yes","No","Yes",1,55,0.0072,3.155,"AT12-2_6",0.360668037799837
"2449","Caribbean","Bocas","Sunset Point","AT12-2","AT12-2-10","pre_exp","Bythitidae",2.040323,0.97043,4.13678621913638,"omnivore_carnivore","demersal","Cryptobenthic","Yes","No","Yes",1,55,0.0072,3.155,"AT12-2_7",0.635191250935878
"2450","Caribbean","Bocas","STRI Point","AT12-1","AT12-1-6-1","modern","Bythitidae",2.794077,1.315213,6.25695681286429,"omnivore_carnivore","demersal","Cryptobenthic","Yes","No","Yes",1,55,0.0072,3.155,"AT12-1_7",2.34346384685557
"2451","Caribbean","Bocas","Punta Caracol","AT13-10","AT13-10-4-2","modern","Bythitidae",1.978495,0.938172,3.97259881727998,"omnivore_carnivore","demersal","Cryptobenthic","Yes","No","Yes",1,55,0.0072,3.155,"AT13-10_7",0.559001796002617
"2452","Caribbean","Bocas","Casa Blanca","AT13-12","AT13-12-3-1","modern","Bythitidae",2.046271,0.897849,4.15266529316136,"omnivore_carnivore","demersal","Cryptobenthic","Yes","No","Yes",1,55,0.0072,3.155,"AT13-12_5",0.642915586692973
"2453","Caribbean","Bocas","Punta Caracol","AT13-10","AT13-10-5-1","modern","Bythitidae",2.043011,1.026882,4.14396042684686,"omnivore_carnivore","demersal","Cryptobenthic","Yes","No","Yes",1,55,0.0072,3.155,"AT13-10_8",0.63867322929655
"2454","Caribbean","Bocas","STRI Point","AT12-1","AT12-1-2-1","modern","Bythitidae",3.381601,1.554696,8.04353754761577,"omnivore_carnivore","demersal","Cryptobenthic","Yes","No","Yes",1,55,0.0072,3.155,"AT12-1_2",5.17628376358689
"2455","Caribbean","Bocas","STRI Point","AT12-1","AT12-1-2-1","modern","Bythitidae",1.260764,0.705931,2.19538997264475,"omnivore_carnivore","demersal","Cryptobenthic","Yes","No","Yes",1,55,0.0072,3.155,"AT12-1_2",0.0860600977447949
"2456","Caribbean","Bocas","Punta Caracol","AT13-10","AT13-10-1-1","modern","Bythitidae",1.830645,0.869624,3.58658761958828,"omnivore_carnivore","demersal","Cryptobenthic","Yes","No","Yes",1,55,0.0072,3.155,"AT13-10_1",0.40490436206856
"2457","Caribbean","Bocas","Punta Caracol","AT13-10","AT13-10-1-1","modern","Bythitidae",2.375,1.111559,5.05218742937146,"omnivore_carnivore","demersal","Cryptobenthic","Yes","No","Yes",1,55,0.0072,3.155,"AT13-10_1",1.19346633642206
"2458","Caribbean","Bocas","Punta Caracol","AT13-10","AT13-10-3-1","modern","Bythitidae",1.177729,0.635717,2.00710564018443,"omnivore_carnivore","demersal","Cryptobenthic","Yes","No","Yes",1,55,0.0072,3.155,"AT13-10_4",0.0648547181590843
"2459","Caribbean","Bocas","Casa Blanca","AT13-12","AT13-12-3-2","modern","Bythitidae",2.510931,1.096604,5.43614728588635,"omnivore_carnivore","demersal","Cryptobenthic","Yes","No","Yes",1,55,0.0072,3.155,"AT13-12_6",1.50375221295177
"2460","Caribbean","Bocas","Casa Blanca","AT13-12","AT13-12-3-2","modern","Bythitidae",NA,0.74822,2.46670495153453,"omnivore_carnivore","demersal","Cryptobenthic","Yes","No","Yes",1,55,0.0072,3.155,"AT13-12_6",0.124297467469961
"2461","Caribbean","Bocas","Casa Blanca new","AT14-1","AT14-1-8","modern","Serranidae",1.990747,0.767189,5.33019333768033,"piscivore","demersal","Not cryptobenthic","No","Yes","Yes",17,33,0.0156015151515152,3.14550303030303,"AT14-1_6",3.01397028870732
"2462","Caribbean","Bocas","Cayo Adriana","AT14-3","AT14-3-3","modern","Serranidae",2.685484,1.58871,7.3615532705152,"piscivore","demersal","Not cryptobenthic","No","Yes","Yes",17,33,0.0156015151515152,3.14550303030303,"AT14-3_2",8.32188745406776
"2463","Caribbean","Bocas","Cayo Adriana","AT14-3","AT14-3-6","modern","Serranidae",2.008065,1.104839,5.38022416983757,"piscivore","demersal","Not cryptobenthic","No","Yes","Yes",17,33,0.0156015151515152,3.14550303030303,"AT14-3_5",3.10385596253838
"2464","Caribbean","Bocas","Punta Donato","AT14-2","AT14-2-5","modern","Serranidae",1.559457,0.675208,4.09603944254774,"piscivore","demersal","Not cryptobenthic","No","Yes","Yes",17,33,0.0156015151515152,3.14550303030303,"AT14-2_4",1.31631552572771
"2465","Caribbean","Bocas","Punta Donato","AT14-2","AT14-2-4","modern","Haemulidae",2.374396,1.503333,5.06077506138608,"omnivore_carnivore","demersal","Not cryptobenthic","Yes","Yes","Yes",26,69,0.0169027536231884,3.01954057971014,"AT14-2_3",2.26135826985983
"2466","Caribbean","Bocas","Sweet Bocas Trench","AT13-5","AT13-5-3","pre_exp","Haemulidae",2.765703,1.935632,5.97303911740881,"omnivore_carnivore","demersal","Not cryptobenthic","Yes","Yes","Yes",26,69,0.0169027536231884,3.01954057971014,"AT13-5_1",3.73001729326477
"2467","Caribbean","Bocas","Sunset Point","AT12-2","AT12-2-5","pre_exp","Bregmacerotidae",1.145502,1.095274,5.3972600023099,"planktivore","bathypelagic","Not cryptobenthic","No","No","No",2,6,0.00495666666666667,3.03316666666667,"AT12-2_5",0.824125747077629
"2468","Caribbean","Bocas","Crawl Cay","AT13-11","AT13-11-2-1","modern","Bregmacerotidae",0.959419,0.937353,4.68807700390771,"planktivore","bathypelagic","Not cryptobenthic","No","No","No",2,6,0.00495666666666667,3.03316666666667,"AT13-11_1",0.537562026231866
"2469","Caribbean","Bocas","Casa Blanca","AT13-12","AT13-12-3-2","modern","Bregmacerotidae",1.419355,1.47379,6.39958744142484,"planktivore","bathypelagic","Not cryptobenthic","No","No","No",2,6,0.00495666666666667,3.03316666666667,"AT13-12_6",1.38160221279387
"2470","Caribbean","Bocas","Punta Donato","AT14-2","AT14-2-1","modern","Bregmacerotidae",1.366873,1.180602,6.21082264800759,"planktivore","bathypelagic","Not cryptobenthic","No","No","No",2,6,0.00495666666666667,3.03316666666667,"AT14-2_1",1.26166254565996
"2471","Caribbean","Bocas","Sweet Bocas Trench","AT13-8","AT13-8-1","pre_exp","Bregmacerotidae",1.354839,1.299731,6.16733119769645,"planktivore","bathypelagic","Not cryptobenthic","No","No","No",2,6,0.00495666666666667,3.03316666666667,"AT13-8_1",1.23505534968197
"2472","Caribbean","Bocas","Casa Blanca new","AT14-1","AT14-1-2","modern","Bregmacerotidae",1.532258,1.471774,6.80091001470118,"planktivore","bathypelagic","Not cryptobenthic","No","No","No",2,6,0.00495666666666667,3.03316666666667,"AT14-1_2",1.66151502389445
"2473","Caribbean","Bocas","Casa Blanca new","AT14-1","AT14-1-8","modern","Bregmacerotidae",1.064516,1.155914,5.09176776923591,"planktivore","bathypelagic","Not cryptobenthic","No","No","No",2,6,0.00495666666666667,3.03316666666667,"AT14-1_6",0.690621272951334
"2474","Caribbean","Bocas","Sunset Point","AT12-2","AT12-2-4","pre_exp","Gerreidae",2.340282,1.662407,6.61419918719061,"omnivore_carnivore","demersal","Not cryptobenthic","Yes","Yes","No",20,105,0.0147402857142857,3.05094761904762,"AT12-2_4",4.69611878742774
"2475","Caribbean","Bocas","Punta Caracol","AT13-10","AT13-10-3-2","modern","Gerreidae",1.767316,1.26698,4.93480373585234,"omnivore_carnivore","demersal","Not cryptobenthic","Yes","Yes","No",20,105,0.0147402857142857,3.05094761904762,"AT13-10_5",1.9214806094083
"2476","Caribbean","Bocas","Sunset Point","AT12-2","AT12-2-2","pre_exp","Gerreidae",1.34499,0.938803,3.7116414599722,"omnivore_carnivore","demersal","Not cryptobenthic","Yes","Yes","No",20,105,0.0147402857142857,3.05094761904762,"AT12-2_2",0.805790208659184
"2477","Caribbean","Bocas","Sweet Bocas Trench","AT13-4","AT13-4-2","pre_exp","Gerreidae",1.38535,1.011432,3.82789131238945,"omnivore_carnivore","demersal","Not cryptobenthic","Yes","Yes","No",20,105,0.0147402857142857,3.05094761904762,"AT13-4_1",0.885289064091847
"2478","Caribbean","Bocas","Cayo Adriana","AT14-3","AT14-3-4","modern","Gerreidae",3.545482,2.323331,10.2013052648238,"omnivore_carnivore","demersal","Not cryptobenthic","Yes","Yes","No",20,105,0.0147402857142857,3.05094761904762,"AT14-3_3",17.6141520551974
"2479","Caribbean","Bocas","Sunset Point","AT12-2","AT12-2-5","pre_exp","Labridae",1.347732,1.039447,7.30880813484904,"omnivore_carnivore","demersal","Not cryptobenthic","Yes","Yes","Yes",16,23,0.0229417391304348,3.00832173913043,"AT12-2_5",9.10656782766913
"2480","Caribbean","Bocas","Casa Blanca","AT13-12","AT13-12-3-2","modern","Labridae",1.112903,0.745968,6.17816001021404,"omnivore_carnivore","demersal","Not cryptobenthic","Yes","Yes","Yes",16,23,0.0229417391304348,3.00832173913043,"AT13-12_6",5.49269035522206
"2481","Caribbean","Bocas","Casa Blanca","AT13-12","AT13-12-4-1","modern","Labridae",NA,0.639785,6.50473312946564,"omnivore_carnivore","demersal","Not cryptobenthic","Yes","Yes","Yes",16,23,0.0229417391304348,3.00832173913043,"AT13-12_7",6.41331056172686
"2482","Caribbean","Bocas","Casa Blanca","AT13-12","AT13-12-4-1","modern","Labridae",NA,1.035646,9.7203561171382,"omnivore_carnivore","demersal","Not cryptobenthic","Yes","Yes","Yes",16,23,0.0229417391304348,3.00832173913043,"AT13-12_7",21.4729690881875
"2483","Caribbean","Bocas","Sweet Bocas Trench","AT13-3","AT13-3-13","pre_exp","Labridae",0.834455,0.538358,4.79826161860997,"omnivore_carnivore","demersal","Not cryptobenthic","Yes","Yes","Yes",16,23,0.0229417391304348,3.00832173913043,"AT13-3_2",2.56770963425057
"2484","Caribbean","Bocas","Casa Blanca new","AT14-1","AT14-1-1","modern","Labridae",1.464334,0.896366,7.8610436842491,"omnivore_carnivore","demersal","Not cryptobenthic","Yes","Yes","Yes",16,23,0.0229417391304348,3.00832173913043,"AT14-1_1",11.3375422593719
"2485","Caribbean","Bocas","Cayo Adriana","AT14-3","AT14-3-4","modern","Labridae",1.176312,0.812921,6.48610649513099,"omnivore_carnivore","demersal","Not cryptobenthic","Yes","Yes","Yes",16,23,0.0229417391304348,3.00832173913043,"AT14-3_3",6.35822191979893
"2486","Caribbean","Bocas","STRI Point","AT12-1","AT12-1-2-1","modern","Labridae",1.24521,0.872052,6.81842150857906,"omnivore_carnivore","demersal","Not cryptobenthic","Yes","Yes","Yes",16,23,0.0229417391304348,3.00832173913043,"AT12-1_2",7.38950883670099
"2487","Caribbean","Bocas","STRI Point","AT12-1","AT12-1-2-2","modern","Labridae",1.126778,0.740635,6.24572331211903,"omnivore_carnivore","demersal","Not cryptobenthic","Yes","Yes","Yes",16,23,0.0229417391304348,3.00832173913043,"AT12-1_3",5.67538322088481
"2488","Caribbean","Bocas","STRI Point","AT12-1","AT12-1-3-1","modern","Clupeidae",1.738146,1.02205,7.51757730029312,"planktivore","pelagic","Not cryptobenthic","Yes","Yes","No",8,40,0.00769625,3.11845,"AT12-1_4",4.1522577233441
"2489","Caribbean","Bocas","STRI Point","AT12-1","AT12-1-3-1","modern","Clupeidae",1.165936,0.655599,5.47362942724004,"planktivore","pelagic","Not cryptobenthic","Yes","Yes","No",8,40,0.00769625,3.11845,"AT12-1_4",1.54366857025622
"2490","Caribbean","Bocas","Sunset Point","AT12-2","AT12-2-3","pre_exp","Clupeidae",1.347475,0.801308,6.14067824565948,"planktivore","pelagic","Not cryptobenthic","Yes","Yes","No",8,40,0.00769625,3.11845,"AT12-2_3",2.20949192565847
"2491","Caribbean","Bocas","Sunset Point","AT12-2","AT12-2-3","pre_exp","Clupeidae",NA,0.775956,7.97207544899473,"planktivore","pelagic","Not cryptobenthic","Yes","Yes","No",8,40,0.00769625,3.11845,"AT12-2_3",4.98636998623571
"2492","Caribbean","Bocas","Sunset Point","AT12-2","AT12-2-3","pre_exp","Clupeidae",NA,0.919307,8.9557680208661,"planktivore","pelagic","Not cryptobenthic","Yes","Yes","No",8,40,0.00769625,3.11845,"AT12-2_3",7.16744310738039
"2493","Caribbean","Bocas","Sunset Point","AT12-2","AT12-2-4","pre_exp","Clupeidae",1.504669,0.898271,6.70342043498483,"planktivore","pelagic","Not cryptobenthic","Yes","Yes","No",8,40,0.00769625,3.11845,"AT12-2_4",2.90431260059436
"2494","Caribbean","Bocas","Sunset Point","AT12-2","AT12-2-6","pre_exp","Clupeidae",1.029691,0.736813,4.95894809831578,"planktivore","pelagic","Not cryptobenthic","Yes","Yes","No",8,40,0.00769625,3.11845,"AT12-2_6",1.13453199756379
"2495","Caribbean","Bocas","Casa Blanca new","AT14-1","AT14-1-1","modern","Clupeidae",1.217117,0.634948,5.66372003363993,"planktivore","pelagic","Not cryptobenthic","Yes","Yes","No",8,40,0.00769625,3.11845,"AT14-1_1",1.71707555014693
"2496","Caribbean","Bocas","Casa Blanca new","AT14-1","AT14-1-1","modern","Clupeidae",0.959693,0.56505,4.68914091021506,"planktivore","pelagic","Not cryptobenthic","Yes","Yes","No",8,40,0.00769625,3.11845,"AT14-1_1",0.952905902181522
"2497","Caribbean","Bocas","Casa Blanca new","AT14-1","AT14-1-2","modern","Clupeidae",1.227966,0.728339,5.70380135825318,"planktivore","pelagic","Not cryptobenthic","Yes","Yes","No",8,40,0.00769625,3.11845,"AT14-1_2",1.75525417901529
"2498","Caribbean","Bocas","Casa Blanca new","AT14-1","AT14-1-2","modern","Clupeidae",1.226092,0.686217,5.69688313052056,"planktivore","pelagic","Not cryptobenthic","Yes","Yes","No",8,40,0.00769625,3.11845,"AT14-1_2",1.74862360394453
"2499","Caribbean","Bocas","Casa Blanca new","AT14-1","AT14-1-3","modern","Clupeidae",1.288581,0.732468,5.92642606443345,"planktivore","pelagic","Not cryptobenthic","Yes","Yes","No",8,40,0.00769625,3.11845,"AT14-1_3",1.97785793601584
"2500","Caribbean","Bocas","Casa Blanca new","AT14-1","AT14-1-3","modern","Clupeidae",1.127002,0.599443,5.32787707937578,"planktivore","pelagic","Not cryptobenthic","Yes","Yes","No",8,40,0.00769625,3.11845,"AT14-1_3",1.41906438641958
"2501","Caribbean","Bocas","Casa Blanca new","AT14-1","AT14-1-7","modern","Clupeidae",1.901174,1.094538,8.07269080102899,"planktivore","pelagic","Not cryptobenthic","Yes","Yes","No",8,40,0.00769625,3.11845,"AT14-1_5",5.18525885701214
"2502","Caribbean","Bocas","Sweet Bocas SE Face","AT14-10","AT14-10-3","pre_exp","Clupeidae",1.346665,0.738311,6.13774474232255,"planktivore","pelagic","Not cryptobenthic","Yes","Yes","No",8,40,0.00769625,3.11845,"AT14-10_2",2.20620203340369
"2503","Caribbean","Bocas","Casa Blanca new","AT14-1","AT14-1-8","modern","Clupeidae",1.30022,0.703557,5.96892464861483,"planktivore","pelagic","Not cryptobenthic","Yes","Yes","No",8,40,0.00769625,3.11845,"AT14-1_6",2.02242464303565
"2504","Caribbean","Bocas","Casa Blanca new","AT14-1","AT14-1-8","modern","Clupeidae",1.028566,0.625272,4.95464220726921,"planktivore","pelagic","Not cryptobenthic","Yes","Yes","No",8,40,0.00769625,3.11845,"AT14-1_6",1.13146276697076
"2505","Caribbean","Bocas","Punta Donato","AT14-2","AT14-2-5","modern","Clupeidae",1.471272,0.934003,6.58491464713844,"planktivore","pelagic","Not cryptobenthic","Yes","Yes","No",8,40,0.00769625,3.11845,"AT14-2_4",2.74717851967937
"2506","Caribbean","Bocas","Cayo Adriana","AT14-3","AT14-3-1","modern","Clupeidae",1.211071,0.738606,5.6413514436129,"planktivore","pelagic","Not cryptobenthic","Yes","Yes","No",8,40,0.00769625,3.11845,"AT14-3_1",1.69601609709645
"2507","Caribbean","Bocas","Cayo Adriana","AT14-3","AT14-3-3","modern","Clupeidae",1.045611,0.642363,5.01977828437942,"planktivore","pelagic","Not cryptobenthic","Yes","Yes","No",8,40,0.00769625,3.11845,"AT14-3_2",1.17849801740138
"2508","Caribbean","Bocas","Sweet Bocas SE Face","AT14-7","AT14-7-1","pre_exp","Clupeidae",1.329803,0.780206,6.07659448949916,"planktivore","pelagic","Not cryptobenthic","Yes","Yes","No",8,40,0.00769625,3.11845,"AT14-7_1",2.13837806186839
"2509","Caribbean","Bocas","Cayo Adriana","AT14-3","AT14-3-5","modern","Clupeidae",1.226532,0.671943,5.69850766921588,"planktivore","pelagic","Not cryptobenthic","Yes","Yes","No",8,40,0.00769625,3.11845,"AT14-3_4",1.75017906465336
"2510","Caribbean","Bocas","Cayo Adriana","AT14-3","AT14-3-5","modern","Clupeidae",0.944103,0.542349,4.62850712010211,"planktivore","pelagic","Not cryptobenthic","Yes","Yes","No",8,40,0.00769625,3.11845,"AT14-3_4",0.915004971925888
"2511","Caribbean","Bocas","Cayo Adriana","AT14-3","AT14-3-5","modern","Clupeidae",1.141748,0.662779,5.38319961820111,"planktivore","pelagic","Not cryptobenthic","Yes","Yes","No",8,40,0.00769625,3.11845,"AT14-3_4",1.46552207807457
"2512","Caribbean","Bocas","Cayo Adriana","AT14-3","AT14-3-5","modern","Clupeidae",1.075002,0.625263,5.13158468864789,"planktivore","pelagic","Not cryptobenthic","Yes","Yes","No",8,40,0.00769625,3.11845,"AT14-3_4",1.2623010944785
"2513","Caribbean","Bocas","Punta Caracol","AT13-10","AT13-10-3-1","modern","Clupeidae",1.300202,0.744497,5.96885898398371,"planktivore","pelagic","Not cryptobenthic","Yes","Yes","No",8,40,0.00769625,3.11845,"AT13-10_4",2.02235526188703
"2514","Caribbean","Bocas","Punta Caracol","AT13-10","AT13-10-4-1","modern","Clupeidae",0.900476,0.588607,4.45772172046065,"planktivore","pelagic","Not cryptobenthic","Yes","Yes","No",8,40,0.00769625,3.11845,"AT13-10_6",0.813777085222707
"2515","Caribbean","Bocas","Casa Blanca","AT13-12","AT13-12-1-1","modern","Clupeidae",1.082054,0.729865,5.15831732712504,"planktivore","pelagic","Not cryptobenthic","Yes","Yes","No",8,40,0.00769625,3.11845,"AT13-12_1",1.28292099330068
"2516","Caribbean","Bocas","Casa Blanca","AT13-12","AT13-12-1-1","modern","Clupeidae",1.127744,0.651557,5.33066437605116,"planktivore","pelagic","Not cryptobenthic","Yes","Yes","No",8,40,0.00769625,3.11845,"AT13-12_1",1.42138077025279
"2517","Caribbean","Bocas","Punta Caracol","AT13-10","AT13-10-4-2","modern","Clupeidae",1.232346,0.662963,5.7199625150803,"planktivore","pelagic","Not cryptobenthic","Yes","Yes","No",8,40,0.00769625,3.11845,"AT13-10_7",1.77080988344655
"2518","Caribbean","Bocas","Casa Blanca","AT13-12","AT13-12-2-2","modern","Clupeidae",1.232338,0.709904,5.71993300774908,"planktivore","pelagic","Not cryptobenthic","Yes","Yes","No",8,40,0.00769625,3.11845,"AT13-12_4",1.77078139655264
"2519","Caribbean","Bocas","Casa Blanca","AT13-12","AT13-12-2-2","modern","Clupeidae",1.115508,0.650994,5.28465195718225,"planktivore","pelagic","Not cryptobenthic","Yes","Yes","No",8,40,0.00769625,3.11845,"AT13-12_4",1.38346962691942
"2520","Caribbean","Bocas","Casa Blanca","AT13-12","AT13-12-3-2","modern","Clupeidae",1.048602,0.602437,5.03118557521404,"planktivore","pelagic","Not cryptobenthic","Yes","Yes","No",8,40,0.00769625,3.11845,"AT13-12_6",1.18686965883516
"2521","Caribbean","Bocas","Casa Blanca","AT13-12","AT13-12-3-2","modern","Clupeidae",1.235808,0.702295,5.73272812520511,"planktivore","pelagic","Not cryptobenthic","Yes","Yes","No",8,40,0.00769625,3.11845,"AT13-12_6",1.78316325213867
"2522","Caribbean","Bocas","Casa Blanca","AT13-12","AT13-12-4-1","modern","Clupeidae",NA,1.003049,9.50799872855223,"planktivore","pelagic","Not cryptobenthic","Yes","Yes","No",8,40,0.00769625,3.11845,"AT13-12_7",8.63776068012151
"2523","Caribbean","Bocas","Sweet Bocas Trench","AT13-2","AT13-2-9","pre_exp","Acanthuridae",NA,1.499396,12.5291544223241,"herbivore","demersal","Not cryptobenthic","Yes","Yes","Yes",6,8,0.02508,2.9376375,"AT13-2_2",42.1331250367565
"2524","Caribbean","Bocas","STRI Point","AT12-1","AT12-1-4-1","modern","Batrachoididae",4.092606,2.022222,9.44852994831408,"omnivore_carnivore","demersal","Not cryptobenthic","No","Yes","Yes",6,9,0.00845777777777778,3.16755555555556,"AT12-1_5",10.3938560993944
"2525","Caribbean","Bocas","Sweet Bocas Trench","AT13-9","AT13-9-1","pre_exp","Batrachoididae",1.102801,1.078572,1.32961937704976,"omnivore_carnivore","demersal","Not cryptobenthic","No","Yes","Yes",6,9,0.00845777777777778,3.16755555555556,"AT13-9_1",0.0208530449562755
"2526","Caribbean","Bocas","Cayo Adriana","AT14-3","AT14-3-3","modern","Batrachoididae",2.542331,1.367849,4.63620598983949,"omnivore_carnivore","demersal","Not cryptobenthic","No","Yes","Yes",6,9,0.00845777777777778,3.16755555555556,"AT14-3_2",1.08984241660415
"2527","Caribbean","Bocas","Cayo Adriana","AT14-3","AT14-3-6","modern","Batrachoididae",1.373724,0.83832,1.84668319011147,"omnivore_carnivore","demersal","Not cryptobenthic","No","Yes","Yes",6,9,0.00845777777777778,3.16755555555556,"AT14-3_5",0.0590294835889837
"2528","Caribbean","Bocas","Cayo Adriana","AT14-3","AT14-3-6","modern","Batrachoididae",2.015826,1.200063,3.27685556314372,"omnivore_carnivore","demersal","Not cryptobenthic","No","Yes","Yes",6,9,0.00845777777777778,3.16755555555556,"AT14-3_5",0.36307462823828
"2529","Caribbean","Bocas","Sunset Point","AT12-2","AT12-2-2","pre_exp","Opistognathidae",1.165825,0.698507,5.47321532551861,"omnivore_carnivore","demersal","Cryptobenthic","Yes","No","Yes",3,3,0.01881,2.8,"AT12-2_2",2.19516864996245
"2530","Caribbean","Bocas","Sweet Bocas Trench","AT13-8","AT13-8-1","pre_exp","Opistognathidae",2.682128,1.536005,10.6117183418751,"omnivore_carnivore","demersal","Cryptobenthic","Yes","No","Yes",3,3,0.01881,2.8,"AT13-8_1",14.0148610303489
"2531","Caribbean","Bocas","Sunset Point","AT12-2","AT12-2-3","pre_exp","Synodontidae",NA,1.029056,9.67651928770552,"piscivore","demersal","Not cryptobenthic","No","No","Yes",12,33,0.00710333333333333,3.07133636363636,"AT12-2_3",7.56723664771195
"2532","Caribbean","Bocas","Sweet Bocas Trench","AT13-4","AT13-4-3","pre_exp","Synodontidae",NA,1.135892,10.3552886850399,"piscivore","demersal","Not cryptobenthic","No","No","Yes",12,33,0.00710333333333333,3.07133636363636,"AT13-4_2",9.31894626746225
"2533","Caribbean","Bocas","Casa Blanca","AT13-12","AT13-12-3-2","modern","Synodontidae",NA,1.215956,10.8508807875668,"piscivore","demersal","Not cryptobenthic","No","No","Yes",12,33,0.00710333333333333,3.07133636363636,"AT13-12_6",10.7578003148859
"2534","Caribbean","Bocas","Casa Blanca","AT13-12","AT13-12-3-2","modern","Synodontidae",NA,1.025893,9.65609559495023,"piscivore","demersal","Not cryptobenthic","No","No","Yes",12,33,0.00710333333333333,3.07133636363636,"AT13-12_6",7.51828918985896
"2535","Caribbean","Bocas","Sunset Point","AT12-2","AT12-2-5","pre_exp","Scaridae",1.563146,0.978297,10.3724549419175,"herbivore","demersal","Not cryptobenthic","Yes","Yes","Yes",12,22,0.0161404545454545,3.07098636363636,"AT12-2_5",21.2654300318106
"2536","Caribbean","Bocas","Punta Caracol","AT13-10","AT13-10-1-1","modern","Scaridae",NA,1.136171,10.3570343383216,"herbivore","demersal","Not cryptobenthic","Yes","Yes","Yes",12,22,0.0161404545454545,3.07098636363636,"AT13-10_1",21.1684900046261
"2537","Caribbean","Bocas","Punta Caracol","AT13-10","AT13-10-1-2","modern","Scaridae",1.602571,1.016643,10.59249859494,"herbivore","demersal","Not cryptobenthic","Yes","Yes","Yes",12,22,0.0161404545454545,3.07098636363636,"AT13-10_2",22.6815075241233
"2538","Caribbean","Bocas","Sweet Bocas Trench","AT13-6","AT13-6-1","pre_exp","Scaridae",2.081883,1.228917,13.2059586858209,"herbivore","demersal","Not cryptobenthic","Yes","Yes","Yes",12,22,0.0161404545454545,3.07098636363636,"AT13-6_1",44.6462458089122
"2539","Caribbean","Bocas","Sweet Bocas Trench","AT13-9","AT13-9-1","pre_exp","Scaridae",1.498476,0.955789,10.0096051257047,"herbivore","demersal","Not cryptobenthic","Yes","Yes","Yes",12,22,0.0161404545454545,3.07098636363636,"AT13-9_1",19.0626185453009
"2540","Caribbean","Bocas","Casa Blanca new","AT14-1","AT14-1-5","modern","Scaridae",2.852923,1.784876,17.2222239789582,"herbivore","demersal","Not cryptobenthic","Yes","Yes","Yes",12,22,0.0161404545454545,3.07098636363636,"AT14-1_4",100.908776387
"2541","Caribbean","Bocas","Cayo Adriana","AT14-3","AT14-3-1","modern","Scaridae",1.063653,0.695699,7.49843879887421,"herbivore","demersal","Not cryptobenthic","Yes","Yes","Yes",12,22,0.0161404545454545,3.07098636363636,"AT14-3_1",7.85125916990151
"2542","Caribbean","Bocas","Cayo Adriana","AT14-3","AT14-3-2","modern","Scaridae",1.176696,0.81787,8.16466467803091,"herbivore","demersal","Not cryptobenthic","Yes","Yes","Yes",12,22,0.0161404545454545,3.07098636363636,"AT14-3_1",10.1968494593973
"2543","Caribbean","Bocas","Cayo Adriana","AT14-3","AT14-3-6","modern","Scaridae",2.379087,1.399427,14.7778686982119,"herbivore","demersal","Not cryptobenthic","Yes","Yes","Yes",12,22,0.0161404545454545,3.07098636363636,"AT14-3_5",63.0634404945627
"2544","Caribbean","Bocas","Sweet Bocas SE Face","AT14-6","AT14-6-3","pre_exp","Scaridae",1.407248,0.8442,9.49351208544677,"herbivore","demersal","Not cryptobenthic","Yes","Yes","Yes",12,22,0.0161404545454545,3.07098636363636,"AT14-6_1",16.2024416383174
"2545","Caribbean","Bocas","Casa Blanca new","AT14-1","AT14-1-2","modern","Atherinidae",1.322996,1.073789,2.33630633765729,"planktivore","pelagic","Not cryptobenthic","Yes","No","Yes",1,2,0.0059,3.18135,"AT14-1_2",0.087755480755443
"2546","Caribbean","Bocas","Casa Blanca new","AT14-1","AT14-1-2","modern","Atherinidae",1.112984,0.89274,1.79506317621492,"planktivore","pelagic","Not cryptobenthic","Yes","No","Yes",1,2,0.0059,3.18135,"AT14-1_2",0.0379462257327409
"2547","Caribbean","Bocas","Casa Blanca new","AT14-1","AT14-1-2","modern","Atherinidae",1.310232,1.023894,2.30202894430168,"planktivore","pelagic","Not cryptobenthic","Yes","No","Yes",1,2,0.0059,3.18135,"AT14-1_2",0.0837246115420807
"2548","Caribbean","Bocas","Casa Blanca new","AT14-1","AT14-1-2","modern","Atherinidae",NA,1.034615,5.01597812601779,"planktivore","pelagic","Not cryptobenthic","Yes","No","Yes",1,2,0.0059,3.18135,"AT14-1_2",0.997535609020875
"2549","Caribbean","Bocas","Casa Blanca new","AT14-1","AT14-1-2","modern","Atherinidae",1.552357,1.309932,2.98116801585424,"planktivore","pelagic","Not cryptobenthic","Yes","No","Yes",1,2,0.0059,3.18135,"AT14-1_2",0.190564216837387
"2550","Caribbean","Bocas","Casa Blanca new","AT14-1","AT14-1-2","modern","Atherinidae",1.547229,1.162665,2.96616709103513,"planktivore","pelagic","Not cryptobenthic","Yes","No","Yes",1,2,0.0059,3.18135,"AT14-1_2",0.187530331999215
"2551","Caribbean","Bocas","Casa Blanca new","AT14-1","AT14-1-2","modern","Atherinidae",1.618222,1.295115,3.17614179679101,"planktivore","pelagic","Not cryptobenthic","Yes","No","Yes",1,2,0.0059,3.18135,"AT14-1_2",0.233115528647576
"2552","Caribbean","Bocas","Casa Blanca new","AT14-1","AT14-1-2","modern","Atherinidae",1.519626,1.259746,2.88586879750251,"planktivore","pelagic","Not cryptobenthic","Yes","No","Yes",1,2,0.0059,3.18135,"AT14-1_2",0.171851337875365
"2553","Caribbean","Bocas","Casa Blanca new","AT14-1","AT14-1-2","modern","Atherinidae",1.583415,1.325367,3.07257641575541,"planktivore","pelagic","Not cryptobenthic","Yes","No","Yes",1,2,0.0059,3.18135,"AT14-1_2",0.209782232610236
"2554","Caribbean","Bocas","Casa Blanca new","AT14-1","AT14-1-2","modern","Atherinidae",NA,0.957687,4.72519624369946,"planktivore","pelagic","Not cryptobenthic","Yes","No","Yes",1,2,0.0059,3.18135,"AT14-1_2",0.824930957023969
"2555","Caribbean","Bocas","Casa Blanca new","AT14-1","AT14-1-2","modern","Atherinidae",1.967742,1.818553,4.2794013926989,"planktivore","pelagic","Not cryptobenthic","Yes","No","Yes",1,2,0.0059,3.18135,"AT14-1_2",0.601869580662707
"2556","Caribbean","Bocas","Casa Blanca new","AT14-1","AT14-1-2","modern","Atherinidae",2.091463,1.983871,4.69631422054184,"planktivore","pelagic","Not cryptobenthic","Yes","No","Yes",1,2,0.0059,3.18135,"AT14-1_2",0.808996441078331
"2557","Caribbean","Bocas","Casa Blanca new","AT14-1","AT14-1-2","modern","Atherinidae",2.092008,1.961999,4.69818010594945,"planktivore","pelagic","Not cryptobenthic","Yes","No","Yes",1,2,0.0059,3.18135,"AT14-1_2",0.810019437387784
"2558","Caribbean","Bocas","Casa Blanca new","AT14-1","AT14-1-2","modern","Atherinidae",1.44047,1.294557,2.6598469666435,"planktivore","pelagic","Not cryptobenthic","Yes","No","Yes",1,2,0.0059,3.18135,"AT14-1_2",0.132577466720525
"2559","Caribbean","Bocas","Casa Blanca new","AT14-1","AT14-1-2","modern","Atherinidae",NA,1.333513,6.10304735803705,"planktivore","pelagic","Not cryptobenthic","Yes","No","Yes",1,2,0.0059,3.18135,"AT14-1_2",1.86187762509113
"2560","Caribbean","Bocas","Casa Blanca new","AT14-1","AT14-1-2","modern","Atherinidae",0.773295,0.649539,1.03032940777687,"planktivore","pelagic","Not cryptobenthic","Yes","No","Yes",1,2,0.0059,3.18135,"AT14-1_2",0.00648833871638433
"2561","Caribbean","Bocas","Casa Blanca new","AT14-1","AT14-1-5","modern","Atherinidae",0.916053,0.789689,1.33397623449421,"planktivore","pelagic","Not cryptobenthic","Yes","No","Yes",1,2,0.0059,3.18135,"AT14-1_4",0.014756789952247
"2562","Caribbean","Bocas","Casa Blanca new","AT14-1","AT14-1-5","modern","Atherinidae",1.263354,0.998136,2.17764480919283,"planktivore","pelagic","Not cryptobenthic","Yes","No","Yes",1,2,0.0059,3.18135,"AT14-1_4",0.0701628295858579
"2563","Caribbean","Bocas","Casa Blanca new","AT14-1","AT14-1-5","modern","Atherinidae",1.538686,1.247531,2.94123416366059,"planktivore","pelagic","Not cryptobenthic","Yes","No","Yes",1,2,0.0059,3.18135,"AT14-1_4",0.182561275117119
"2564","Caribbean","Bocas","Casa Blanca new","AT14-1","AT14-1-5","modern","Atherinidae",1.392403,1.139366,2.52572099782805,"planktivore","pelagic","Not cryptobenthic","Yes","No","Yes",1,2,0.0059,3.18135,"AT14-1_4",0.112455505931299
"2565","Caribbean","Bocas","Casa Blanca new","AT14-1","AT14-1-5","modern","Atherinidae",1.990272,2.038904,4.35432658015403,"planktivore","pelagic","Not cryptobenthic","Yes","No","Yes",1,2,0.0059,3.18135,"AT14-1_4",0.636038391294397
"2566","Caribbean","Bocas","Casa Blanca new","AT14-1","AT14-1-5","modern","Atherinidae",1.748152,1.635234,3.5730257601781,"planktivore","pelagic","Not cryptobenthic","Yes","No","Yes",1,2,0.0059,3.18135,"AT14-1_4",0.339042044993674
"2567","Caribbean","Bocas","Casa Blanca new","AT14-1","AT14-1-7","modern","Atherinidae",0.971919,0.761309,1.45997151485108,"planktivore","pelagic","Not cryptobenthic","Yes","No","Yes",1,2,0.0059,3.18135,"AT14-1_5",0.0196647764075937
"2568","Caribbean","Bocas","Casa Blanca new","AT14-1","AT14-1-7","modern","Atherinidae",1.238503,0.941006,2.11267612448952,"planktivore","pelagic","Not cryptobenthic","Yes","No","Yes",1,2,0.0059,3.18135,"AT14-1_5",0.0637175745152269
"2569","Caribbean","Bocas","Casa Blanca new","AT14-1","AT14-1-7","modern","Atherinidae",1.448512,1.201304,2.68251966760894,"planktivore","pelagic","Not cryptobenthic","Yes","No","Yes",1,2,0.0059,3.18135,"AT14-1_5",0.136206242921096
"2570","Caribbean","Bocas","Casa Blanca new","AT14-1","AT14-1-7","modern","Atherinidae",1.215194,0.974326,2.05235690924049,"planktivore","pelagic","Not cryptobenthic","Yes","No","Yes",1,2,0.0059,3.18135,"AT14-1_5",0.0581082419360541
"2571","Caribbean","Bocas","Casa Blanca new","AT14-1","AT14-1-7","modern","Atherinidae",1.204275,0.9683,2.02430801534907,"planktivore","pelagic","Not cryptobenthic","Yes","No","Yes",1,2,0.0059,3.18135,"AT14-1_5",0.0556192407739151
"2572","Caribbean","Bocas","Casa Blanca new","AT14-1","AT14-1-7","modern","Atherinidae",1.284184,1.139691,2.23262070843763,"planktivore","pelagic","Not cryptobenthic","Yes","No","Yes",1,2,0.0059,3.18135,"AT14-1_5",0.0759546643011115
"2573","Caribbean","Bocas","Casa Blanca new","AT14-1","AT14-1-7","modern","Atherinidae",1.058647,0.798014,1.66317778941507,"planktivore","pelagic","Not cryptobenthic","Yes","No","Yes",1,2,0.0059,3.18135,"AT14-1_5",0.0297670139258458
"2574","Caribbean","Bocas","Casa Blanca new","AT14-1","AT14-1-7","modern","Atherinidae",1.010077,NA,1.54825388172319,"planktivore","pelagic","Not cryptobenthic","Yes","No","Yes",1,2,0.0059,3.18135,"AT14-1_5",0.0237031695536951
"2575","Caribbean","Bocas","Casa Blanca new","AT14-1","AT14-1-7","modern","Atherinidae",2.15469,1.882155,4.91447429494468,"planktivore","pelagic","Not cryptobenthic","Yes","No","Yes",1,2,0.0059,3.18135,"AT14-1_5",0.934722251551314
"2576","Caribbean","Bocas","Casa Blanca new","AT14-1","AT14-1-7","modern","Atherinidae",1.085218,0.927635,1.72723761494044,"planktivore","pelagic","Not cryptobenthic","Yes","No","Yes",1,2,0.0059,3.18135,"AT14-1_5",0.0335700566803624
"2577","Caribbean","Bocas","Casa Blanca new","AT14-1","AT14-1-7","modern","Atherinidae",0.999563,0.840663,1.52375094290677,"planktivore","pelagic","Not cryptobenthic","Yes","No","Yes",1,2,0.0059,3.18135,"AT14-1_5",0.0225302196306441
"2578","Caribbean","Bocas","Casa Blanca new","AT14-1","AT14-1-7","modern","Atherinidae",1.389256,1.207776,2.51702315878613,"planktivore","pelagic","Not cryptobenthic","Yes","No","Yes",1,2,0.0059,3.18135,"AT14-1_5",0.111228105924162
"2579","Caribbean","Bocas","Casa Blanca new","AT14-1","AT14-1-7","modern","Atherinidae",1.261245,1.186663,2.17210493203673,"planktivore","pelagic","Not cryptobenthic","Yes","No","Yes",1,2,0.0059,3.18135,"AT14-1_5",0.0695965561927999
"2580","Caribbean","Bocas","Casa Blanca new","AT14-1","AT14-1-7","modern","Atherinidae",1.651089,1.42282,3.27501390630915,"planktivore","pelagic","Not cryptobenthic","Yes","No","Yes",1,2,0.0059,3.18135,"AT14-1_5",0.256995406798469
"2581","Caribbean","Bocas","Casa Blanca new","AT14-1","AT14-1-7","modern","Atherinidae",1.633738,1.427261,3.22268781994112,"planktivore","pelagic","Not cryptobenthic","Yes","No","Yes",1,2,0.0059,3.18135,"AT14-1_5",0.244158642737511
"2582","Caribbean","Bocas","Casa Blanca new","AT14-1","AT14-1-7","modern","Atherinidae",1.860126,1.788533,3.92774976843483,"planktivore","pelagic","Not cryptobenthic","Yes","No","Yes",1,2,0.0059,3.18135,"AT14-1_5",0.458175040548128
"2583","Caribbean","Bocas","Casa Blanca new","AT14-1","AT14-1-8","modern","Atherinidae",2.003492,1.942187,4.39849857708665,"planktivore","pelagic","Not cryptobenthic","Yes","No","Yes",1,2,0.0059,3.18135,"AT14-1_6",0.656793191535993
"2584","Caribbean","Bocas","Casa Blanca new","AT14-1","AT14-1-8","modern","Atherinidae",1.461795,1.276516,2.72011298379909,"planktivore","pelagic","Not cryptobenthic","Yes","No","Yes",1,2,0.0059,3.18135,"AT14-1_6",0.142372196129561
"2585","Caribbean","Bocas","Casa Blanca new","AT14-1","AT14-1-8","modern","Atherinidae",0.913624,0.754971,1.32858727960557,"planktivore","pelagic","Not cryptobenthic","Yes","No","Yes",1,2,0.0059,3.18135,"AT14-1_6",0.014567971211231
"2586","Caribbean","Bocas","Casa Blanca new","AT14-1","AT14-1-8","modern","Atherinidae",1.287778,1.090351,2.24215385203064,"planktivore","pelagic","Not cryptobenthic","Yes","No","Yes",1,2,0.0059,3.18135,"AT14-1_6",0.0769912574489988
"2587","Caribbean","Bocas","Casa Blanca new","AT14-1","AT14-1-8","modern","Atherinidae",1.51191,1.29773,2.86355853604341,"planktivore","pelagic","Not cryptobenthic","Yes","No","Yes",1,2,0.0059,3.18135,"AT14-1_6",0.167660255004707
"2588","Caribbean","Bocas","Casa Blanca new","AT14-1","AT14-1-1","modern","Atherinidae",2.113563,2.180242,4.77218089994351,"planktivore","pelagic","Not cryptobenthic","Yes","No","Yes",1,2,0.0059,3.18135,"AT14-1_1",0.851310550422176
"2589","Caribbean","Bocas","Casa Blanca new","AT14-1","AT14-1-1","modern","Atherinidae",1.393121,1.06894,2.52770688889839,"planktivore","pelagic","Not cryptobenthic","Yes","No","Yes",1,2,0.0059,3.18135,"AT14-1_1",0.112737042370246
"2590","Caribbean","Bocas","Punta Donato","AT14-2","AT14-2-1","modern","Atherinidae",1.397636,1.186167,2.54020706946746,"planktivore","pelagic","Not cryptobenthic","Yes","No","Yes",1,2,0.0059,3.18135,"AT14-2_1",0.11452027642926
"2591","Caribbean","Bocas","Punta Donato","AT14-2","AT14-2-1","modern","Atherinidae",1.738586,1.469206,3.54326014722343,"planktivore","pelagic","Not cryptobenthic","Yes","No","Yes",1,2,0.0059,3.18135,"AT14-2_1",0.330137890152338
"2592","Caribbean","Bocas","Punta Donato","AT14-2","AT14-2-2","modern","Atherinidae",1.732997,1.359858,3.52590907724539,"planktivore","pelagic","Not cryptobenthic","Yes","No","Yes",1,2,0.0059,3.18135,"AT14-2_2",0.325022146449341
"2593","Caribbean","Bocas","Punta Donato","AT14-2","AT14-2-4","modern","Atherinidae",1.529912,1.281435,2.91570254088394,"planktivore","pelagic","Not cryptobenthic","Yes","No","Yes",1,2,0.0059,3.18135,"AT14-2_3",0.177567238095662
"2594","Caribbean","Bocas","Punta Donato","AT14-2","AT14-2-4","modern","Atherinidae",1.506811,1.221524,2.84884786751155,"planktivore","pelagic","Not cryptobenthic","Yes","No","Yes",1,2,0.0059,3.18135,"AT14-2_3",0.164935467327491
"2595","Caribbean","Bocas","Punta Donato","AT14-2","AT14-2-4","modern","Atherinidae",1.340177,1.134175,2.38271994232574,"planktivore","pelagic","Not cryptobenthic","Yes","No","Yes",1,2,0.0059,3.18135,"AT14-2_3",0.0934228687723901
"2596","Caribbean","Bocas","Cayo Adriana","AT14-3","AT14-3-3","modern","Atherinidae",1.236406,1.020029,2.1072249115449,"planktivore","pelagic","Not cryptobenthic","Yes","No","Yes",1,2,0.0059,3.18135,"AT14-3_2",0.0631960097569897
"2597","Caribbean","Bocas","Cayo Adriana","AT14-3","AT14-3-3","modern","Atherinidae",1.399521,1.180146,2.5454321356302,"planktivore","pelagic","Not cryptobenthic","Yes","No","Yes",1,2,0.0059,3.18135,"AT14-3_2",0.115271363922549
"2598","Caribbean","Bocas","Cayo Adriana","AT14-3","AT14-3-4","modern","Atherinidae",1.645417,1.402513,3.25787674059814,"planktivore","pelagic","Not cryptobenthic","Yes","No","Yes",1,2,0.0059,3.18135,"AT14-3_3",0.252741557489907
"2599","Caribbean","Bocas","Cayo Adriana","AT14-3","AT14-3-4","modern","Atherinidae",1.225741,0.997711,2.07957603930053,"planktivore","pelagic","Not cryptobenthic","Yes","No","Yes",1,2,0.0059,3.18135,"AT14-3_3",0.0605956093590958
"2600","Caribbean","Bocas","Cayo Adriana","AT14-3","AT14-3-4","modern","Atherinidae",1.025023,0.802014,1.58331638077987,"planktivore","pelagic","Not cryptobenthic","Yes","No","Yes",1,2,0.0059,3.18135,"AT14-3_3",0.0254534543461091
"2601","Caribbean","Bocas","Cayo Adriana","AT14-3","AT14-3-5","modern","Atherinidae",1.696495,1.495711,3.41331185258392,"planktivore","pelagic","Not cryptobenthic","Yes","No","Yes",1,2,0.0059,3.18135,"AT14-3_4",0.293137500233284
"2602","Caribbean","Bocas","Cayo Adriana","AT14-3","AT14-3-5","modern","Atherinidae",1.292702,1.10761,2.25523751517786,"planktivore","pelagic","Not cryptobenthic","Yes","No","Yes",1,2,0.0059,3.18135,"AT14-3_4",0.0784296532219086
"2603","Caribbean","Bocas","Cayo Adriana","AT14-3","AT14-3-5","modern","Atherinidae",0.919595,0.736702,1.3418479217508,"planktivore","pelagic","Not cryptobenthic","Yes","No","Yes",1,2,0.0059,3.18135,"AT14-3_4",0.0150356046716007
"2604","Caribbean","Bocas","Cayo Adriana","AT14-3","AT14-3-6","modern","Atherinidae",1.711012,1.430434,3.45794160033012,"planktivore","pelagic","Not cryptobenthic","Yes","No","Yes",1,2,0.0059,3.18135,"AT14-3_5",0.30550586804904
"2605","Caribbean","Bocas","Cayo Adriana","AT14-3","AT14-3-6","modern","Atherinidae",1.849363,1.475226,3.89315372853295,"planktivore","pelagic","Not cryptobenthic","Yes","No","Yes",1,2,0.0059,3.18135,"AT14-3_5",0.445459122541215
"2606","Caribbean","Bocas","STRI Point","AT12-1","AT12-1-2-1","modern","Atherinidae",1.188094,0.96355,1.98298694572195,"planktivore","pelagic","Not cryptobenthic","Yes","No","Yes",1,2,0.0059,3.18135,"AT12-1_2",0.0520871425320302
"2607","Caribbean","Bocas","STRI Point","AT12-1","AT12-1-2-2","modern","Atherinidae",1.323384,1.00577,2.33735102951478,"planktivore","pelagic","Not cryptobenthic","Yes","No","Yes",1,2,0.0059,3.18135,"AT12-1_3",0.0878803788794307
"2608","Caribbean","Bocas","STRI Point","AT12-1","AT12-1-2-2","modern","Atherinidae",1.542985,1.461367,2.95377183483585,"planktivore","pelagic","Not cryptobenthic","Yes","No","Yes",1,2,0.0059,3.18135,"AT12-1_3",0.18504855823758
"2609","Caribbean","Bocas","STRI Point","AT12-1","AT12-1-3-1","modern","Atherinidae",1.392739,1.11565,2.52665026161161,"planktivore","pelagic","Not cryptobenthic","Yes","No","Yes",1,2,0.0059,3.18135,"AT12-1_4",0.112587186009659
"2610","Caribbean","Bocas","STRI Point","AT12-1","AT12-1-3-1","modern","Atherinidae",1.375092,1.212712,2.47800400489305,"planktivore","pelagic","Not cryptobenthic","Yes","No","Yes",1,2,0.0059,3.18135,"AT12-1_4",0.105834782559442
"2611","Caribbean","Bocas","STRI Point","AT12-1","AT12-1-3-1","modern","Atherinidae",1.660759,1.402626,3.30430172235529,"planktivore","pelagic","Not cryptobenthic","Yes","No","Yes",1,2,0.0059,3.18135,"AT12-1_4",0.264378543035771
"2612","Caribbean","Bocas","STRI Point","AT12-1","AT12-1-4-1","modern","Atherinidae",1.482353,1.301849,2.77864974368795,"planktivore","pelagic","Not cryptobenthic","Yes","No","Yes",1,2,0.0059,3.18135,"AT12-1_5",0.152350081576742
"2613","Caribbean","Bocas","STRI Point","AT12-1","AT12-1-4-1","modern","Atherinidae",1.154956,0.965512,1.89928337519837,"planktivore","pelagic","Not cryptobenthic","Yes","No","Yes",1,2,0.0059,3.18135,"AT12-1_5",0.045409170250503
"2614","Caribbean","Bocas","STRI Point","AT12-1","AT12-1-5-1","modern","Atherinidae",1.3377,1.197356,2.37600908483007,"planktivore","pelagic","Not cryptobenthic","Yes","No","Yes",1,2,0.0059,3.18135,"AT12-1_6",0.0925883521157446
"2615","Caribbean","Bocas","STRI Point","AT12-1","AT12-1-5-1","modern","Atherinidae",1.243823,0.996492,2.12652734428965,"planktivore","pelagic","Not cryptobenthic","Yes","No","Yes",1,2,0.0059,3.18135,"AT12-1_6",0.0650561048524021
"2616","Caribbean","Bocas","STRI Point","AT12-1","AT12-1-6-1","modern","Atherinidae",1.431681,1.161345,2.63514409423163,"planktivore","pelagic","Not cryptobenthic","Yes","No","Yes",1,2,0.0059,3.18135,"AT12-1_7",0.128699834468058
"2617","Caribbean","Bocas","Punta Caracol","AT13-10","AT13-10-3-1","modern","Atherinidae",2.080024,2.028911,4.65721007272236,"planktivore","pelagic","Not cryptobenthic","Yes","No","Yes",1,2,0.0059,3.18135,"AT13-10_4",0.787760344506828
"2618","Caribbean","Bocas","Punta Caracol","AT13-10","AT13-10-4-2","modern","Atherinidae",NA,1.243263,5.78126953329795,"planktivore","pelagic","Not cryptobenthic","Yes","No","Yes",1,2,0.0059,3.18135,"AT13-10_7",1.56716446090704
"2619","Caribbean","Bocas","Crawl Cay","AT13-11","AT13-11-2-1","modern","Atherinidae",1.659573,1.276797,3.30070482346819,"planktivore","pelagic","Not cryptobenthic","Yes","No","Yes",1,2,0.0059,3.18135,"AT13-11_1",0.263464070881803
"2620","Caribbean","Bocas","Punta Caracol","AT13-10","AT13-10-2-1","modern","Atherinidae",NA,1.450853,6.51412629655151,"planktivore","pelagic","Not cryptobenthic","Yes","No","Yes",1,2,0.0059,3.18135,"AT13-10_3",2.29093808586897
"2621","Caribbean","Bocas","Punta Caracol","AT13-10","AT13-10-2-1","modern","Atherinidae",NA,1.224901,5.71516182951352,"planktivore","pelagic","Not cryptobenthic","Yes","No","Yes",1,2,0.0059,3.18135,"AT13-10_3",1.51086177249611
"2622","Caribbean","Bocas","Punta Caracol","AT13-10","AT13-10-2-1","modern","Atherinidae",2.267899,2.030588,5.31351848541455,"planktivore","pelagic","Not cryptobenthic","Yes","No","Yes",1,2,0.0059,3.18135,"AT13-10_3",1.19824785508026
"2623","Caribbean","Bocas","Punta Caracol","AT13-10","AT13-10-2-1","modern","Atherinidae",1.598229,1.304002,3.11650983028761,"planktivore","pelagic","Not cryptobenthic","Yes","No","Yes",1,2,0.0059,3.18135,"AT13-10_3",0.219474615900065
"2624","Caribbean","Bocas","Punta Caracol","AT13-10","AT13-10-3-2","modern","Atherinidae",1.965,1.704063,4.27031324567708,"planktivore","pelagic","Not cryptobenthic","Yes","No","Yes",1,2,0.0059,3.18135,"AT13-10_5",0.5978126283564
"2625","Caribbean","Bocas","Punta Caracol","AT13-10","AT13-10-3-2","modern","Atherinidae",1.165717,0.921952,1.92632839338942,"planktivore","pelagic","Not cryptobenthic","Yes","No","Yes",1,2,0.0059,3.18135,"AT13-10_5",0.0474983840146359
"2626","Caribbean","Bocas","Punta Caracol","AT13-10","AT13-10-3-2","modern","Atherinidae",1.759994,1.535632,3.60999188877155,"planktivore","pelagic","Not cryptobenthic","Yes","No","Yes",1,2,0.0059,3.18135,"AT13-10_5",0.350327672741961
"2627","Caribbean","Bocas","Punta Caracol","AT13-10","AT13-10-3-2","modern","Atherinidae",1.281963,1.103736,2.22673646047431,"planktivore","pelagic","Not cryptobenthic","Yes","No","Yes",1,2,0.0059,3.18135,"AT13-10_5",0.0753196360995235
"2628","Caribbean","Bocas","Casa Blanca","AT13-12","AT13-12-2-1","modern","Atherinidae",1.657074,1.42295,3.29313027407623,"planktivore","pelagic","Not cryptobenthic","Yes","No","Yes",1,2,0.0059,3.18135,"AT13-12_3",0.261545421647726
"2629","Caribbean","Bocas","Casa Blanca","AT13-12","AT13-12-2-1","modern","Atherinidae",1.647103,1.385656,3.26296752553206,"planktivore","pelagic","Not cryptobenthic","Yes","No","Yes",1,2,0.0059,3.18135,"AT13-12_3",0.254000129883723
"2630","Caribbean","Bocas","Casa Blanca","AT13-12","AT13-12-2-1","modern","Atherinidae",1.716927,1.469305,3.47618326948533,"planktivore","pelagic","Not cryptobenthic","Yes","No","Yes",1,2,0.0059,3.18135,"AT13-12_3",0.310662601706985
"2631","Caribbean","Bocas","Casa Blanca","AT13-12","AT13-12-2-1","modern","Atherinidae",1.356709,1.136175,2.42767600332636,"planktivore","pelagic","Not cryptobenthic","Yes","No","Yes",1,2,0.0059,3.18135,"AT13-12_3",0.0991467599267469
"2632","Caribbean","Bocas","Casa Blanca","AT13-12","AT13-12-2-1","modern","Atherinidae",1.362147,1.208352,2.44252684622308,"planktivore","pelagic","Not cryptobenthic","Yes","No","Yes",1,2,0.0059,3.18135,"AT13-12_3",0.101089189486349
"2633","Caribbean","Bocas","Casa Blanca","AT13-12","AT13-12-2-1","modern","Atherinidae",1.45628,1.221096,2.70448267430075,"planktivore","pelagic","Not cryptobenthic","Yes","No","Yes",1,2,0.0059,3.18135,"AT13-12_3",0.139785811712848
"2634","Caribbean","Bocas","Crawl Cay","AT13-11","AT13-11-3-1","modern","Atherinidae",1.313103,1.200678,2.30972373908676,"planktivore","pelagic","Not cryptobenthic","Yes","No","Yes",1,2,0.0059,3.18135,"AT13-11_1",0.0846181913819157
"2635","Caribbean","Bocas","STRI Point","AT12-1","AT12-1-1-1","modern","Apogonidae",1.605716,1.192141,2.69870763235599,"planktivore","demersal","Cryptobenthic","No","No","Yes",5,6,0.015875,3.07606666666667,"AT12-1_1",0.336494393974057
"2636","Caribbean","Bocas","STRI Point","AT12-1","AT12-1-1-1","modern","Apogonidae",1.007019,0.760598,1.70399162572521,"planktivore","demersal","Cryptobenthic","No","No","Yes",5,6,0.015875,3.07606666666667,"AT12-1_1",0.0817943037722118
"2637","Caribbean","Bocas","STRI Point","AT12-1","AT12-1-3-1","modern","Apogonidae",NA,1.38054,4.40038655025419,"planktivore","demersal","Cryptobenthic","No","No","Yes",5,6,0.015875,3.07606666666667,"AT12-1_4",1.51402979589774
"2638","Caribbean","Bocas","STRI Point","AT12-1","AT12-1-3-1","modern","Apogonidae",1.957079,1.337452,3.27980036554083,"planktivore","demersal","Cryptobenthic","No","No","Yes",5,6,0.015875,3.07606666666667,"AT12-1_4",0.613048390762455
"2639","Caribbean","Bocas","STRI Point","AT12-1","AT12-1-3-1","modern","Apogonidae",3.16887,2.100033,5.27356126103556,"planktivore","demersal","Cryptobenthic","No","No","Yes",5,6,0.015875,3.07606666666667,"AT12-1_4",2.64212745611324
"2640","Caribbean","Bocas","STRI Point","AT12-1","AT12-1-2-2","modern","Apogonidae",2.00515,1.517402,3.35917690084928,"planktivore","demersal","Cryptobenthic","No","No","Yes",5,6,0.015875,3.07606666666667,"AT12-1_3",0.659843800084575
"2641","Caribbean","Bocas","STRI Point","AT12-1","AT12-1-4-1","modern","Apogonidae",1.469966,1.05996,2.47372542233563,"planktivore","demersal","Cryptobenthic","No","No","Yes",5,6,0.015875,3.07606666666667,"AT12-1_5",0.257447777942124
"2642","Caribbean","Bocas","STRI Point","AT12-1","AT12-1-4-1","modern","Apogonidae",1.235037,0.913915,2.08363892141646,"planktivore","demersal","Cryptobenthic","No","No","Yes",5,6,0.015875,3.07606666666667,"AT12-1_5",0.151856322937135
"2643","Caribbean","Bocas","STRI Point","AT12-1","AT12-1-5-1","modern","Apogonidae",2.190537,1.581632,3.66504142424934,"planktivore","demersal","Cryptobenthic","No","No","Yes",5,6,0.015875,3.07606666666667,"AT12-1_6",0.862696423506025
"2644","Caribbean","Bocas","STRI Point","AT12-1","AT12-1-6-1","modern","Apogonidae",1.537402,1.079166,2.58552502597013,"planktivore","demersal","Cryptobenthic","No","No","Yes",5,6,0.015875,3.07606666666667,"AT12-1_7",0.294945095727516
"2645","Caribbean","Bocas","STRI Point","AT12-1","AT12-1-6-1","modern","Apogonidae",1.393617,1.027673,2.34705913914812,"planktivore","demersal","Cryptobenthic","No","No","Yes",5,6,0.015875,3.07606666666667,"AT12-1_7",0.219013235036867
"2646","Caribbean","Bocas","Sunset Point","AT12-2","AT12-2-1","pre_exp","Apogonidae",1.551545,1.080954,2.60896303313261,"planktivore","demersal","Cryptobenthic","No","No","Yes",5,6,0.015875,3.07606666666667,"AT12-2_1",0.303247226483843
"2647","Caribbean","Bocas","Sunset Point","AT12-2","AT12-2-2","pre_exp","Apogonidae",1.137819,0.808234,1.92190877702325,"planktivore","demersal","Cryptobenthic","No","No","Yes",5,6,0.015875,3.07606666666667,"AT12-2_2",0.118438977770511
"2648","Caribbean","Bocas","Sunset Point","AT12-2","AT12-2-10","pre_exp","Apogonidae",1.087265,0.839396,1.83772970902056,"planktivore","demersal","Cryptobenthic","No","No","Yes",5,6,0.015875,3.07606666666667,"AT12-2_7",0.103195715341376
"2649","Caribbean","Bocas","Sunset Point","AT12-2","AT12-2-10","pre_exp","Apogonidae",1.175123,0.874172,1.98398988736087,"planktivore","demersal","Cryptobenthic","No","No","Yes",5,6,0.015875,3.07606666666667,"AT12-2_7",0.130606541981037
"2650","Caribbean","Bocas","Sweet Bocas Trench","AT13-2","AT13-2-1","pre_exp","Apogonidae",1.041619,0.758376,1.76167431798688,"planktivore","demersal","Cryptobenthic","No","No","Yes",5,6,0.015875,3.07606666666667,"AT13-2_1",0.0906144264388487
"2651","Caribbean","Bocas","Sweet Bocas Trench","AT13-2","AT13-2-8","pre_exp","Apogonidae",0.940694,0.719453,1.59333784931654,"planktivore","demersal","Cryptobenthic","No","No","Yes",5,6,0.015875,3.07606666666667,"AT13-2_2",0.0665313349926631
"2652","Caribbean","Bocas","Sweet Bocas Trench","AT13-3","AT13-3-10","pre_exp","Apogonidae",NA,1.705377,5.18232756575523,"planktivore","demersal","Cryptobenthic","No","No","Yes",5,6,0.015875,3.07606666666667,"AT13-3_1",2.50403179975648
"2653","Caribbean","Bocas","Sweet Bocas Trench","AT13-6","AT13-6-3","pre_exp","Apogonidae",1.138022,0.815967,1.92224668762841,"planktivore","demersal","Cryptobenthic","No","No","Yes",5,6,0.015875,3.07606666666667,"AT13-6_1",0.118503045407421
"2654","Caribbean","Bocas","Sweet Bocas Trench","AT13-9","AT13-9-1","pre_exp","Apogonidae",1.575834,1.103462,2.64920793122235,"planktivore","demersal","Cryptobenthic","No","No","Yes",5,6,0.015875,3.07606666666667,"AT13-9_1",0.317868067026613
"2655","Caribbean","Bocas","Sweet Bocas Trench","AT13-2","AT13-2-10","pre_exp","Apogonidae",1.885942,NA,3.16228425680084,"planktivore","demersal","Cryptobenthic","No","No","Yes",5,6,0.015875,3.07606666666667,"AT13-2_1",0.547961258031669
"2656","Caribbean","Bocas","Sweet Bocas Trench","AT13-4","AT13-4-3","pre_exp","Apogonidae",3.67812,2.670748,6.10781051929009,"planktivore","demersal","Cryptobenthic","No","No","Yes",5,6,0.015875,3.07606666666667,"AT13-4_2",4.15097478612175
"2657","Caribbean","Bocas","Sweet Bocas Trench","AT13-4","AT13-4-3","pre_exp","Apogonidae",1.479115,1.124498,2.48889749807157,"planktivore","demersal","Cryptobenthic","No","No","Yes",5,6,0.015875,3.07606666666667,"AT13-4_2",0.262335884257061
"2658","Caribbean","Bocas","Sweet Bocas Trench","AT13-4","AT13-4-3","pre_exp","Apogonidae",1.072108,0.882629,1.81248034724766,"planktivore","demersal","Cryptobenthic","No","No","Yes",5,6,0.015875,3.07606666666667,"AT13-4_2",0.0988962085495076
"2659","Caribbean","Bocas","Casa Blanca","AT13-12","AT13-12-4-2","modern","Apogonidae",2.578022,1.761689,4.30316161130241,"planktivore","demersal","Cryptobenthic","No","No","Yes",5,6,0.015875,3.07606666666667,"AT13-12_8",1.41347072869037
"2660","Caribbean","Bocas","Casa Blanca","AT13-12","AT13-12-4-2","modern","Apogonidae",1.964531,1.337438,3.29210720868003,"planktivore","demersal","Cryptobenthic","No","No","Yes",5,6,0.015875,3.07606666666667,"AT13-12_8",0.620152020666717
"2661","Caribbean","Bocas","Casa Blanca","AT13-12","AT13-12-4-2","modern","Apogonidae",1.053032,0.749455,1.78069512234727,"planktivore","demersal","Cryptobenthic","No","No","Yes",5,6,0.015875,3.07606666666667,"AT13-12_8",0.093657800509803
"2662","Caribbean","Bocas","Casa Blanca","AT13-12","AT13-12-4-2","modern","Apogonidae",1.690701,0.128512,2.83941346963412,"planktivore","demersal","Cryptobenthic","No","No","Yes",5,6,0.015875,3.07606666666667,"AT13-12_8",0.393437036676439
"2663","Caribbean","Bocas","Casa Blanca","AT13-12","AT13-12-4-2","modern","Apogonidae",1.820992,1.376885,3.0549326957767,"planktivore","demersal","Cryptobenthic","No","No","Yes",5,6,0.015875,3.07606666666667,"AT13-12_8",0.492732413348224
"2664","Caribbean","Bocas","Casa Blanca","AT13-12","AT13-12-4-2","modern","Apogonidae",1.642909,1.211006,2.76029938836917,"planktivore","demersal","Cryptobenthic","No","No","Yes",5,6,0.015875,3.07606666666667,"AT13-12_8",0.360681916782098
"2665","Caribbean","Bocas","Casa Blanca","AT13-12","AT13-12-4-2","modern","Apogonidae",2.05859,1.498135,3.44738651264609,"planktivore","demersal","Cryptobenthic","No","No","Yes",5,6,0.015875,3.07606666666667,"AT13-12_8",0.714609424513744
"2666","Caribbean","Bocas","Casa Blanca","AT13-12","AT13-12-4-2","modern","Apogonidae",NA,0.88227,3.11158879813599,"planktivore","demersal","Cryptobenthic","No","No","Yes",5,6,0.015875,3.07606666666667,"AT13-12_8",0.521386575158803
"2667","Caribbean","Bocas","Casa Blanca","AT13-12","AT13-12-4-2","modern","Apogonidae",1.824813,1.38596,3.0612496945466,"planktivore","demersal","Cryptobenthic","No","No","Yes",5,6,0.015875,3.07606666666667,"AT13-12_8",0.495873268463413
"2668","Caribbean","Bocas","Punta Caracol","AT13-10","AT13-10-1-1","modern","Apogonidae",1.810845,1.34126,3.03815641707938,"planktivore","demersal","Cryptobenthic","No","No","Yes",5,6,0.015875,3.07606666666667,"AT13-10_1",0.484456364785358
"2669","Caribbean","Bocas","Punta Caracol","AT13-10","AT13-10-1-2","modern","Apogonidae",1.964705,1.414551,3.29239455842145,"planktivore","demersal","Cryptobenthic","No","No","Yes",5,6,0.015875,3.07606666666667,"AT13-10_2",0.620318542083
"2670","Caribbean","Bocas","Punta Caracol","AT13-10","AT13-10-3-1","modern","Apogonidae",2.274919,1.577757,3.80413431301907,"planktivore","demersal","Cryptobenthic","No","No","Yes",5,6,0.015875,3.07606666666667,"AT13-10_4",0.967429638311476
"2671","Caribbean","Bocas","Punta Caracol","AT13-10","AT13-10-3-2","modern","Apogonidae",2.347151,1.626642,3.92313986452922,"planktivore","demersal","Cryptobenthic","No","No","Yes",5,6,0.015875,3.07606666666667,"AT13-10_5",1.06358169019014
"2672","Caribbean","Bocas","Punta Caracol","AT13-10","AT13-10-3-2","modern","Apogonidae",1.427238,1.025086,2.40284992910576,"planktivore","demersal","Cryptobenthic","No","No","Yes",5,6,0.015875,3.07606666666667,"AT13-10_5",0.235425924121115
"2673","Caribbean","Bocas","Punta Caracol","AT13-10","AT13-10-4-1","modern","Apogonidae",NA,1.818752,5.44705109111289,"planktivore","demersal","Cryptobenthic","No","No","Yes",5,6,0.015875,3.07606666666667,"AT13-10_6",2.91874012051872
"2674","Caribbean","Bocas","Punta Caracol","AT13-10","AT13-10-4-1","modern","Apogonidae",1.828407,1.375595,3.06719123437686,"planktivore","demersal","Cryptobenthic","No","No","Yes",5,6,0.015875,3.07606666666667,"AT13-10_6",0.498839748306823
"2675","Caribbean","Bocas","Punta Caracol","AT13-10","AT13-10-5-2","modern","Apogonidae",0.906798,0.709973,1.53674393498199,"planktivore","demersal","Cryptobenthic","No","No","Yes",5,6,0.015875,3.07606666666667,"AT13-10_9",0.0595267829100576
"2676","Caribbean","Bocas","Crawl Cay","AT13-11","AT13-11-1-1","modern","Apogonidae",1.911608,1.345217,3.20469098820531,"planktivore","demersal","Cryptobenthic","No","No","Yes",5,6,0.015875,3.07606666666667,"AT13-11_1",0.57088111742419
"2677","Caribbean","Bocas","Crawl Cay","AT13-11","AT13-11-1-1","modern","Apogonidae",1.70733,1.215176,2.86693317661354,"planktivore","demersal","Cryptobenthic","No","No","Yes",5,6,0.015875,3.07606666666667,"AT13-11_1",0.405285134962093
"2678","Caribbean","Bocas","Crawl Cay","AT13-11","AT13-11-3-1","modern","Apogonidae",1.684639,1.216504,2.82938035349672,"planktivore","demersal","Cryptobenthic","No","No","Yes",5,6,0.015875,3.07606666666667,"AT13-11_1",0.389176303573633
"2679","Caribbean","Bocas","Crawl Cay","AT13-11","AT13-11-2-1","modern","Apogonidae",2.3712,1.750729,3.96274981882942,"planktivore","demersal","Cryptobenthic","No","No","Yes",5,6,0.015875,3.07606666666667,"AT13-11_1",1.09696131083179
"2680","Caribbean","Bocas","Crawl Cay","AT13-11","AT13-11-2-1","modern","Apogonidae",2.198527,1.556473,3.67821520234172,"planktivore","demersal","Cryptobenthic","No","No","Yes",5,6,0.015875,3.07606666666667,"AT13-11_1",0.872270671692814
"2681","Caribbean","Bocas","Crawl Cay","AT13-11","AT13-11-2-1","modern","Apogonidae",1.314967,0.962625,2.2164698639007,"planktivore","demersal","Cryptobenthic","No","No","Yes",5,6,0.015875,3.07606666666667,"AT13-11_1",0.183650692237754
"2682","Caribbean","Bocas","Crawl Cay","AT13-11","AT13-11-2-1","modern","Apogonidae",2.241968,1.454441,3.74982789460293,"planktivore","demersal","Cryptobenthic","No","No","Yes",5,6,0.015875,3.07606666666667,"AT13-11_1",0.925573408931726
"2683","Caribbean","Bocas","Casa Blanca","AT13-12","AT13-12-1-1","modern","Apogonidae",1.634503,1.263545,2.74638080653982,"planktivore","demersal","Cryptobenthic","No","No","Yes",5,6,0.015875,3.07606666666667,"AT13-12_1",0.35511667688359
"2684","Caribbean","Bocas","Casa Blanca","AT13-12","AT13-12-1-1","modern","Apogonidae",NA,1.610169,4.95693900716723,"planktivore","demersal","Cryptobenthic","No","No","Yes",5,6,0.015875,3.07606666666667,"AT13-12_1",2.18392157480895
"2685","Caribbean","Bocas","Casa Blanca","AT13-12","AT13-12-1-1","modern","Apogonidae",2.063587,1.700978,3.45563299204832,"planktivore","demersal","Cryptobenthic","No","No","Yes",5,6,0.015875,3.07606666666667,"AT13-12_1",0.719880764838637
"2686","Caribbean","Bocas","Casa Blanca","AT13-12","AT13-12-1-2","modern","Apogonidae",NA,1.070367,3.61366306755602,"planktivore","demersal","Cryptobenthic","No","No","Yes",5,6,0.015875,3.07606666666667,"AT13-12_2",0.826034000771987
"2687","Caribbean","Bocas","Casa Blanca","AT13-12","AT13-12-1-2","modern","Apogonidae",1.559566,1.062005,2.62225418283333,"planktivore","demersal","Cryptobenthic","No","No","Yes",5,6,0.015875,3.07606666666667,"AT13-12_2",0.308024520325129
"2688","Caribbean","Bocas","Casa Blanca","AT13-12","AT13-12-1-2","modern","Apogonidae",1.9139,1.490024,3.20847754880657,"planktivore","demersal","Cryptobenthic","No","No","Yes",5,6,0.015875,3.07606666666667,"AT13-12_2",0.572958577751972
"2689","Caribbean","Bocas","Casa Blanca","AT13-12","AT13-12-1-2","modern","Apogonidae",2.338744,1.571749,3.90929171080679,"planktivore","demersal","Cryptobenthic","No","No","Yes",5,6,0.015875,3.07606666666667,"AT13-12_2",1.05207547548483
"2690","Caribbean","Bocas","Casa Blanca","AT13-12","AT13-12-2-1","modern","Apogonidae",2.318917,1.707793,3.87662947066942,"planktivore","demersal","Cryptobenthic","No","No","Yes",5,6,0.015875,3.07606666666667,"AT13-12_3",1.02527028253029
"2691","Caribbean","Bocas","Casa Blanca","AT13-12","AT13-12-2-1","modern","Apogonidae",2.319064,1.655221,3.87687164771776,"planktivore","demersal","Cryptobenthic","No","No","Yes",5,6,0.015875,3.07606666666667,"AT13-12_3",1.02546731643508
"2692","Caribbean","Bocas","Casa Blanca","AT13-12","AT13-12-2-1","modern","Apogonidae",2.000492,1.468191,3.35148666636002,"planktivore","demersal","Cryptobenthic","No","No","Yes",5,6,0.015875,3.07606666666667,"AT13-12_3",0.655208144532756
"2693","Caribbean","Bocas","Casa Blanca","AT13-12","AT13-12-2-1","modern","Apogonidae",1.874345,1.333514,3.14312033365787,"planktivore","demersal","Cryptobenthic","No","No","Yes",5,6,0.015875,3.07606666666667,"AT13-12_3",0.537810593659562
"2694","Caribbean","Bocas","Casa Blanca","AT13-12","AT13-12-2-1","modern","Apogonidae",1.347673,0.959719,2.27078781476523,"planktivore","demersal","Cryptobenthic","No","No","Yes",5,6,0.015875,3.07606666666667,"AT13-12_3",0.197850231406042
"2695","Caribbean","Bocas","Casa Blanca","AT13-12","AT13-12-2-2","modern","Apogonidae",NA,1.165522,3.85991179967863,"planktivore","demersal","Cryptobenthic","No","No","Yes",5,6,0.015875,3.07606666666667,"AT13-12_4",1.01173054776607
"2696","Caribbean","Bocas","Casa Blanca","AT13-12","AT13-12-2-2","modern","Apogonidae",1.975186,1.356449,3.30970257136191,"planktivore","demersal","Cryptobenthic","No","No","Yes",5,6,0.015875,3.07606666666667,"AT13-12_4",0.630404420992195
"2697","Caribbean","Bocas","Casa Blanca","AT13-12","AT13-12-2-2","modern","Apogonidae",1.878564,1.398967,3.15009238644963,"planktivore","demersal","Cryptobenthic","No","No","Yes",5,6,0.015875,3.07606666666667,"AT13-12_4",0.541488700906199
"2698","Caribbean","Bocas","Casa Blanca","AT13-12","AT13-12-2-2","modern","Apogonidae",1.551625,1.078544,2.60909560156844,"planktivore","demersal","Cryptobenthic","No","No","Yes",5,6,0.015875,3.07606666666667,"AT13-12_4",0.303294627504632
"2699","Caribbean","Bocas","Casa Blanca","AT13-12","AT13-12-3-2","modern","Apogonidae",2.47298,1.695543,4.13032288539408,"planktivore","demersal","Cryptobenthic","No","No","Yes",5,6,0.015875,3.07606666666667,"AT13-12_6",1.24601019242661
"2700","Caribbean","Bocas","Casa Blanca","AT13-12","AT13-12-3-2","modern","Apogonidae",0.983627,0.704696,1.66497787242912,"planktivore","demersal","Cryptobenthic","No","No","Yes",5,6,0.015875,3.07606666666667,"AT13-12_6",0.0761694704475668
"2701","Caribbean","Bocas","Casa Blanca","AT13-12","AT13-12-3-2","modern","Apogonidae",NA,1.326593,4.26669234630623,"planktivore","demersal","Cryptobenthic","No","No","Yes",5,6,0.015875,3.07606666666667,"AT13-12_6",1.37694523480669
"2702","Caribbean","Bocas","Casa Blanca","AT13-12","AT13-12-3-2","modern","Apogonidae",1.307966,0.998227,2.20484010712061,"planktivore","demersal","Cryptobenthic","No","No","Yes",5,6,0.015875,3.07606666666667,"AT13-12_6",0.180702676985336
"2703","Caribbean","Bocas","Sweet Bocas SE Face","AT14-10","AT14-10-2","pre_exp","Apogonidae",1.552759,1.033067,2.61097474847297,"planktivore","demersal","Cryptobenthic","No","No","Yes",5,6,0.015875,3.07606666666667,"AT14-10_2",0.303967071084905
"2704","Caribbean","Bocas","Sweet Bocas SE Face","AT14-6","AT14-6-3","pre_exp","Apogonidae",1.520598,1.057751,2.55767309372093,"planktivore","demersal","Cryptobenthic","No","No","Yes",5,6,0.015875,3.07606666666667,"AT14-6_1",0.285280607515704
"2705","Caribbean","Bocas","Sweet Bocas SE Face","AT14-7","AT14-7-1","pre_exp","Apogonidae",1.286306,0.945146,2.16885370985946,"planktivore","demersal","Cryptobenthic","No","No","Yes",5,6,0.015875,3.07606666666667,"AT14-7_1",0.171783096926853
"2706","Caribbean","Bocas","Cayo Adriana","AT14-3","AT14-3-2","modern","Apogonidae",3.331243,2.232826,5.53975709897783,"planktivore","demersal","Cryptobenthic","No","No","Yes",5,6,0.015875,3.07606666666667,"AT14-3_1",3.07426119361883
"2707","Caribbean","Bocas","Punta Donato","AT14-2","AT14-2-1","modern","Apogonidae",2.157287,1.607832,3.6102118575237,"planktivore","demersal","Cryptobenthic","No","No","Yes",5,6,0.015875,3.07606666666667,"AT14-2_1",0.823609698386672
"2708","Caribbean","Bocas","Punta Donato","AT14-2","AT14-2-1","modern","Apogonidae",NA,1.555108,4.82522141254245,"planktivore","demersal","Cryptobenthic","No","No","Yes",5,6,0.015875,3.07606666666667,"AT14-2_1",2.0102883307421
"2709","Caribbean","Bocas","Sweet Bocas SE Face","AT14-5","AT14-5-2","pre_exp","Apogonidae",2.173562,1.472682,3.63705100931977,"planktivore","demersal","Cryptobenthic","No","No","Yes",5,6,0.015875,3.07606666666667,"AT14-5_1",0.842589896451432
"2710","Caribbean","Bocas","Sweet Bocas SE Face","AT14-10","AT14-10-2","pre_exp","Apogonidae",1.344399,0.945006,2.26535124296457,"planktivore","demersal","Cryptobenthic","No","No","Yes",5,6,0.015875,3.07606666666667,"AT14-10_2",0.196396777846273
"2711","Caribbean","Bocas","Sweet Bocas SE Face","AT14-10","AT14-10-2","pre_exp","Apogonidae",1.215411,0.913845,2.05100483747912,"planktivore","demersal","Cryptobenthic","No","No","Yes",5,6,0.015875,3.07606666666667,"AT14-10_2",0.144658532102773
"2712","Caribbean","Bocas","Cayo Adriana","AT14-3","AT14-3-5","modern","Apogonidae",NA,1.841673,5.50011080952039,"planktivore","demersal","Cryptobenthic","No","No","Yes",5,6,0.015875,3.07606666666667,"AT14-3_4",3.00708454855646
"2713","Caribbean","Bocas","Cayo Adriana","AT14-3","AT14-3-5","modern","Apogonidae",2.251126,1.481425,3.76492231562718,"planktivore","demersal","Cryptobenthic","No","No","Yes",5,6,0.015875,3.07606666666667,"AT14-3_4",0.937082081873454
"2714","Caribbean","Bocas","Punta Donato","AT14-2","AT14-2-5","modern","Apogonidae",2.07356,1.457751,3.47209042861862,"planktivore","demersal","Cryptobenthic","No","No","Yes",5,6,0.015875,3.07606666666667,"AT14-2_4",0.730479065660599
"2715","Caribbean","Bocas","Punta Donato","AT14-2","AT14-2-5","modern","Apogonidae",1.847099,1.371045,3.09808980439726,"planktivore","demersal","Cryptobenthic","No","No","Yes",5,6,0.015875,3.07606666666667,"AT14-2_4",0.514460014082677
"2716","Caribbean","Bocas","Cayo Adriana","AT14-3","AT14-3-4","modern","Apogonidae",1.426618,0.990735,2.40182127333868,"planktivore","demersal","Cryptobenthic","No","No","Yes",5,6,0.015875,3.07606666666667,"AT14-3_3",0.235116039203016
"2717","Caribbean","Bocas","Cayo Adriana","AT14-3","AT14-3-6","modern","Apogonidae",NA,2.151723,6.2040569220414,"planktivore","demersal","Cryptobenthic","No","No","Yes",5,6,0.015875,3.07606666666667,"AT14-3_5",4.35549238952997
"2718","Caribbean","Bocas","Cayo Adriana","AT14-3","AT14-3-6","modern","Apogonidae",1.960888,1.341006,3.28609094497009,"planktivore","demersal","Cryptobenthic","No","No","Yes",5,6,0.015875,3.07606666666667,"AT14-3_5",0.616672473649416
"2719","Caribbean","Bocas","Cayo Adriana","AT14-3","AT14-3-1","modern","Apogonidae",2.011344,1.395888,3.36940262885339,"planktivore","demersal","Cryptobenthic","No","No","Yes",5,6,0.015875,3.07606666666667,"AT14-3_1",0.666042061665786
"2720","Caribbean","Bocas","Cayo Adriana","AT14-3","AT14-3-1","modern","Apogonidae",1.396197,0.894094,2.35134108555221,"planktivore","demersal","Cryptobenthic","No","No","Yes",5,6,0.015875,3.07606666666667,"AT14-3_1",0.220244653082916
"2721","Caribbean","Bocas","Cayo Adriana","AT14-3","AT14-3-1","modern","Apogonidae",2.00725,1.421539,3.3626438602833,"planktivore","demersal","Cryptobenthic","No","No","Yes",5,6,0.015875,3.07606666666667,"AT14-3_1",0.661940894427761
"2722","Caribbean","Bocas","Casa Blanca","AT13-12","AT13-12-4-1","modern","Apogonidae",2.26244,1.647294,3.78356907323906,"planktivore","demersal","Cryptobenthic","No","No","Yes",5,6,0.015875,3.07606666666667,"AT13-12_7",0.951432074385932
"2723","Caribbean","Bocas","Casa Blanca","AT13-12","AT13-12-4-1","modern","Apogonidae",1.778269,1.292457,2.98428846814602,"planktivore","demersal","Cryptobenthic","No","No","Yes",5,6,0.015875,3.07606666666667,"AT13-12_7",0.458517264814761
"2724","Caribbean","Bocas","Casa Blanca","AT13-12","AT13-12-4-1","modern","Apogonidae",1.664986,1.219124,2.79684938234153,"planktivore","demersal","Cryptobenthic","No","No","Yes",5,6,0.015875,3.07606666666667,"AT13-12_7",0.37557579848022
"2725","Caribbean","Bocas","Casa Blanca","AT13-12","AT13-12-4-1","modern","Apogonidae",1.514284,1.052709,2.54720674819026,"planktivore","demersal","Cryptobenthic","No","No","Yes",5,6,0.015875,3.07606666666667,"AT13-12_7",0.281704817289182
"2726","Caribbean","Bocas","Casa Blanca","AT13-12","AT13-12-4-1","modern","Apogonidae",1.872442,1.318567,3.13997548155931,"planktivore","demersal","Cryptobenthic","No","No","Yes",5,6,0.015875,3.07606666666667,"AT13-12_7",0.53615705946431
"2727","Caribbean","Bocas","Sunset Point","AT12-2","AT12-2-10","pre_exp","Apogonidae",NA,1.162331,3.85172946468807,"planktivore","demersal","Cryptobenthic","No","No","Yes",5,6,0.015875,3.07606666666667,"AT12-2_7",1.00514784092758
"2728","Caribbean","Bocas","STRI Point","AT12-1","AT12-1-1-1","modern","Engraulidae",3.328776,1.954216,12.4013950870714,"planktivore","pelagic","Not cryptobenthic","Yes","No","No",16,60,0.00646266666666667,3.19177016666667,"AT12-1_1",19.9764547331296
"2729","Caribbean","Bocas","STRI Point","AT12-1","AT12-1-2-1","modern","Engraulidae",2.158373,1.198967,7.64773941577046,"planktivore","pelagic","Not cryptobenthic","Yes","No","No",16,60,0.00646266666666667,3.19177016666667,"AT12-1_2",4.27018103686935
"2730","Caribbean","Bocas","STRI Point","AT12-1","AT12-1-5-1","modern","Engraulidae",2.557342,1.561768,9.24106111281543,"planktivore","pelagic","Not cryptobenthic","Yes","No","No",16,60,0.00646266666666667,3.19177016666667,"AT12-1_6",7.81221023224737
"2731","Caribbean","Bocas","STRI Point","AT12-1","AT12-1-5-1","modern","Engraulidae",2.075197,1.325075,7.3196510891953,"planktivore","pelagic","Not cryptobenthic","Yes","No","No",16,60,0.00646266666666667,3.19177016666667,"AT12-1_6",3.71249912320577
"2732","Caribbean","Bocas","STRI Point","AT12-1","AT12-1-5-1","modern","Engraulidae",1.249098,0.793647,4.15440547137181,"planktivore","pelagic","Not cryptobenthic","Yes","No","No",16,60,0.00646266666666667,3.19177016666667,"AT12-1_6",0.608905577697591
"2733","Caribbean","Bocas","STRI Point","AT12-1","AT12-1-5-1","modern","Engraulidae",2.159522,1.205549,7.65228204276125,"planktivore","pelagic","Not cryptobenthic","Yes","No","No",16,60,0.00646266666666667,3.19177016666667,"AT12-1_6",4.27828196104313
"2734","Caribbean","Bocas","STRI Point","AT12-1","AT12-1-6-1","modern","Engraulidae",2.238776,1.419198,7.96628467815319,"planktivore","pelagic","Not cryptobenthic","Yes","No","No",16,60,0.00646266666666667,3.19177016666667,"AT12-1_7",4.86421991637489
"2735","Caribbean","Bocas","Sunset Point","AT12-2","AT12-2-4","pre_exp","Engraulidae",NA,0.768381,8.38138710831194,"planktivore","pelagic","Not cryptobenthic","Yes","No","No",16,60,0.00646266666666667,3.19177016666667,"AT12-2_4",5.72036709098359
"2736","Caribbean","Bocas","Sunset Point","AT12-2","AT12-2-4","pre_exp","Engraulidae",NA,0.745086,8.22440985061465,"planktivore","pelagic","Not cryptobenthic","Yes","No","No",16,60,0.00646266666666667,3.19177016666667,"AT12-2_4",5.38537288598815
"2737","Caribbean","Bocas","Sunset Point","AT12-2","AT12-2-4","pre_exp","Engraulidae",1.382028,0.735951,4.65064308094918,"planktivore","pelagic","Not cryptobenthic","Yes","No","No",16,60,0.00646266666666667,3.19177016666667,"AT12-2_4",0.872890704422144
"2738","Caribbean","Bocas","Sunset Point","AT12-2","AT12-2-4","pre_exp","Engraulidae",1.598654,0.982798,5.47104686276149,"planktivore","pelagic","Not cryptobenthic","Yes","No","No",16,60,0.00646266666666667,3.19177016666667,"AT12-2_4",1.46609783010235
"2739","Caribbean","Bocas","Sunset Point","AT12-2","AT12-2-4","pre_exp","Engraulidae",1.319115,0.653827,4.41506102236161,"planktivore","pelagic","Not cryptobenthic","Yes","No","No",16,60,0.00646266666666667,3.19177016666667,"AT12-2_4",0.739437562387123
"2740","Caribbean","Bocas","Sunset Point","AT12-2","AT12-2-4","pre_exp","Engraulidae",1.453082,0.946601,4.9182042349957,"planktivore","pelagic","Not cryptobenthic","Yes","No","No",16,60,0.00646266666666667,3.19177016666667,"AT12-2_4",1.04351643597804
"2741","Caribbean","Bocas","Sunset Point","AT12-2","AT12-2-4","pre_exp","Engraulidae",1.929269,1.016773,6.74774118608136,"planktivore","pelagic","Not cryptobenthic","Yes","No","No",16,60,0.00646266666666667,3.19177016666667,"AT12-2_4",2.86348461361919
"2742","Caribbean","Bocas","Sunset Point","AT12-2","AT12-2-4","pre_exp","Engraulidae",1.881523,0.988824,6.56168563828714,"planktivore","pelagic","Not cryptobenthic","Yes","No","No",16,60,0.00646266666666667,3.19177016666667,"AT12-2_4",2.61901026025277
"2743","Caribbean","Bocas","Sunset Point","AT12-2","AT12-2-4","pre_exp","Engraulidae",2.149977,1.128883,7.61455392819951,"planktivore","pelagic","Not cryptobenthic","Yes","No","No",16,60,0.00646266666666667,3.19177016666667,"AT12-2_4",4.21132019640826
"2744","Caribbean","Bocas","Sunset Point","AT12-2","AT12-2-4","pre_exp","Engraulidae",2.079918,1.165482,7.33823295315995,"planktivore","pelagic","Not cryptobenthic","Yes","No","No",16,60,0.00646266666666667,3.19177016666667,"AT12-2_4",3.74266421361177
"2745","Caribbean","Bocas","Sunset Point","AT12-2","AT12-2-4","pre_exp","Engraulidae",2.007336,1.069997,7.05309560940616,"planktivore","pelagic","Not cryptobenthic","Yes","No","No",16,60,0.00646266666666667,3.19177016666667,"AT12-2_4",3.29795708105615
"2746","Caribbean","Bocas","Sunset Point","AT12-2","AT12-2-4","pre_exp","Engraulidae",2.132921,1.203867,7.54718571691098,"planktivore","pelagic","Not cryptobenthic","Yes","No","No",16,60,0.00646266666666667,3.19177016666667,"AT12-2_4",4.09354765100828
"2747","Caribbean","Bocas","Sunset Point","AT12-2","AT12-2-4","pre_exp","Engraulidae",2.382446,1.332267,8.5387627459132,"planktivore","pelagic","Not cryptobenthic","Yes","No","No",16,60,0.00646266666666667,3.19177016666667,"AT12-2_4",6.07030287213671
"2748","Caribbean","Bocas","Sunset Point","AT12-2","AT12-2-4","pre_exp","Engraulidae",1.503909,0.829522,5.11053439817838,"planktivore","pelagic","Not cryptobenthic","Yes","No","No",16,60,0.00646266666666667,3.19177016666667,"AT12-2_4",1.17943335905607
"2749","Caribbean","Bocas","Sunset Point","AT12-2","AT12-2-4","pre_exp","Engraulidae",2.241265,1.204392,7.97616713890749,"planktivore","pelagic","Not cryptobenthic","Yes","No","No",16,60,0.00646266666666667,3.19177016666667,"AT12-2_4",4.88350601553043
"2750","Caribbean","Bocas","Sunset Point","AT12-2","AT12-2-4","pre_exp","Engraulidae",1.776486,0.942973,6.1543184440881,"planktivore","pelagic","Not cryptobenthic","Yes","No","No",16,60,0.00646266666666667,3.19177016666667,"AT12-2_4",2.13448360061671
"2751","Caribbean","Bocas","STRI Point","AT12-1","AT12-1-2-1","modern","Engraulidae",1.624099,0.873065,5.56829549774675,"planktivore","pelagic","Not cryptobenthic","Yes","No","No",16,60,0.00646266666666667,3.19177016666667,"AT12-1_2",1.55090738542189
"2752","Caribbean","Bocas","STRI Point","AT12-1","AT12-1-2-1","modern","Engraulidae",NA,1.123583,10.5843984522506,"planktivore","pelagic","Not cryptobenthic","Yes","No","No",16,60,0.00646266666666667,3.19177016666667,"AT12-1_2",12.0478819195998
"2753","Caribbean","Bocas","STRI Point","AT12-1","AT12-1-2-1","modern","Engraulidae",1.872114,1.214982,6.52508484080379,"planktivore","pelagic","Not cryptobenthic","Yes","No","No",16,60,0.00646266666666667,3.19177016666667,"AT12-1_2",2.57266696043552
"2754","Caribbean","Bocas","STRI Point","AT12-1","AT12-1-2-1","modern","Engraulidae",1.846031,1.144527,6.42373414785448,"planktivore","pelagic","Not cryptobenthic","Yes","No","No",16,60,0.00646266666666667,3.19177016666667,"AT12-1_2",2.4472818428315
"2755","Caribbean","Bocas","STRI Point","AT12-1","AT12-1-2-1","modern","Engraulidae",2.19014,1.37497,7.77343443233135,"planktivore","pelagic","Not cryptobenthic","Yes","No","No",16,60,0.00646266666666667,3.19177016666667,"AT12-1_2",4.49824977955905
"2756","Caribbean","Bocas","STRI Point","AT12-1","AT12-1-2-1","modern","Engraulidae",2.109423,1.313555,7.45447491126599,"planktivore","pelagic","Not cryptobenthic","Yes","No","No",16,60,0.00646266666666667,3.19177016666667,"AT12-1_2",3.93519713266766
"2757","Caribbean","Bocas","Sunset Point","AT12-2","AT12-2-10","pre_exp","Engraulidae",1.150466,0.750042,3.79010493191455,"planktivore","pelagic","Not cryptobenthic","Yes","No","No",16,60,0.00646266666666667,3.19177016666667,"AT12-2_7",0.454290339487634
"2758","Caribbean","Bocas","Sunset Point","AT12-2","AT12-2-10","pre_exp","Engraulidae",1.352766,0.805762,4.54091156220705,"planktivore","pelagic","Not cryptobenthic","Yes","No","No",16,60,0.00646266666666667,3.19177016666667,"AT12-2_7",0.808837575357947
"2759","Caribbean","Bocas","Sunset Point","AT12-2","AT12-2-10","pre_exp","Engraulidae",NA,1.048604,10.1448573323565,"planktivore","pelagic","Not cryptobenthic","Yes","No","No",16,60,0.00646266666666667,3.19177016666667,"AT12-2_7",10.5224662249589
"2760","Caribbean","Bocas","Sunset Point","AT12-2","AT12-2-10","pre_exp","Engraulidae",NA,0.902085,9.24918369506035,"planktivore","pelagic","Not cryptobenthic","Yes","No","No",16,60,0.00646266666666667,3.19177016666667,"AT12-2_7",7.83414818441666
"2761","Caribbean","Bocas","Sunset Point","AT12-2","AT12-2-10","pre_exp","Engraulidae",2.202792,1.182421,7.82355457084368,"planktivore","pelagic","Not cryptobenthic","Yes","No","No",16,60,0.00646266666666667,3.19177016666667,"AT12-2_7",4.59147645067958
"2762","Caribbean","Bocas","Sunset Point","AT12-2","AT12-2-5","pre_exp","Engraulidae",1.806782,1.000095,6.27153713213401,"planktivore","pelagic","Not cryptobenthic","Yes","No","No",16,60,0.00646266666666667,3.19177016666667,"AT12-2_5",2.26697272358703
"2763","Caribbean","Bocas","Sunset Point","AT12-2","AT12-2-5","pre_exp","Engraulidae",1.775242,0.931745,6.14951018303587,"planktivore","pelagic","Not cryptobenthic","Yes","No","No",16,60,0.00646266666666667,3.19177016666667,"AT12-2_5",2.12916545012285
"2764","Caribbean","Bocas","Sunset Point","AT12-2","AT12-2-5","pre_exp","Engraulidae",1.898814,0.960033,6.62900242704756,"planktivore","pelagic","Not cryptobenthic","Yes","No","No",16,60,0.00646266666666667,3.19177016666667,"AT12-2_5",2.70573677509231
"2765","Caribbean","Bocas","Sunset Point","AT12-2","AT12-2-5","pre_exp","Engraulidae",1.983852,1.039297,6.96109225069806,"planktivore","pelagic","Not cryptobenthic","Yes","No","No",16,60,0.00646266666666667,3.19177016666667,"AT12-2_5",3.16260029672918
"2766","Caribbean","Bocas","Sunset Point","AT12-2","AT12-2-5","pre_exp","Engraulidae",1.972282,1.073256,6.91581065735351,"planktivore","pelagic","Not cryptobenthic","Yes","No","No",16,60,0.00646266666666667,3.19177016666667,"AT12-2_5",3.09740425200737
"2767","Caribbean","Bocas","Sunset Point","AT12-2","AT12-2-5","pre_exp","Engraulidae",2.177565,1.170682,7.72365252180352,"planktivore","pelagic","Not cryptobenthic","Yes","No","No",16,60,0.00646266666666667,3.19177016666667,"AT12-2_5",4.40694722925602
"2768","Caribbean","Bocas","Sunset Point","AT12-2","AT12-2-5","pre_exp","Engraulidae",1.989873,1.086989,6.98466878931464,"planktivore","pelagic","Not cryptobenthic","Yes","No","No",16,60,0.00646266666666667,3.19177016666667,"AT12-2_5",3.19691574704188
"2769","Caribbean","Bocas","Sunset Point","AT12-2","AT12-2-5","pre_exp","Engraulidae",1.973708,1.014597,6.92138994645544,"planktivore","pelagic","Not cryptobenthic","Yes","No","No",16,60,0.00646266666666667,3.19177016666667,"AT12-2_5",3.10538694055337
"2770","Caribbean","Bocas","Sunset Point","AT12-2","AT12-2-5","pre_exp","Engraulidae",2.051642,1.033306,7.22701186870435,"planktivore","pelagic","Not cryptobenthic","Yes","No","No",16,60,0.00646266666666667,3.19177016666667,"AT12-2_5",3.56459937211921
"2771","Caribbean","Bocas","Sunset Point","AT12-2","AT12-2-5","pre_exp","Engraulidae",1.741871,0.931551,6.02067221029949,"planktivore","pelagic","Not cryptobenthic","Yes","No","No",16,60,0.00646266666666667,3.19177016666667,"AT12-2_5",1.99002876503249
"2772","Caribbean","Bocas","Sunset Point","AT12-2","AT12-2-5","pre_exp","Engraulidae",1.900555,1.054673,6.63578437810293,"planktivore","pelagic","Not cryptobenthic","Yes","No","No",16,60,0.00646266666666667,3.19177016666667,"AT12-2_5",2.71458203241105
"2773","Caribbean","Bocas","Sunset Point","AT12-2","AT12-2-5","pre_exp","Engraulidae",2.087086,1.080321,7.36645554477021,"planktivore","pelagic","Not cryptobenthic","Yes","No","No",16,60,0.00646266666666667,3.19177016666667,"AT12-2_5",3.78880099015759
"2774","Caribbean","Bocas","Sunset Point","AT12-2","AT12-2-5","pre_exp","Engraulidae",2.331986,1.225129,8.33722788847274,"planktivore","pelagic","Not cryptobenthic","Yes","No","No",16,60,0.00646266666666667,3.19177016666667,"AT12-2_5",5.62472447789344
"2775","Caribbean","Bocas","Sunset Point","AT12-2","AT12-2-5","pre_exp","Engraulidae",2.111447,1.096065,7.46245587038563,"planktivore","pelagic","Not cryptobenthic","Yes","No","No",16,60,0.00646266666666667,3.19177016666667,"AT12-2_5",3.94866024909244
"2776","Caribbean","Bocas","Sunset Point","AT12-2","AT12-2-5","pre_exp","Engraulidae",2.114533,1.096052,7.47462617139839,"planktivore","pelagic","Not cryptobenthic","Yes","No","No",16,60,0.00646266666666667,3.19177016666667,"AT12-2_5",3.96925122467207
"2777","Caribbean","Bocas","Sunset Point","AT12-2","AT12-2-5","pre_exp","Engraulidae",2.036655,1.102753,7.16813361248564,"planktivore","pelagic","Not cryptobenthic","Yes","No","No",16,60,0.00646266666666667,3.19177016666667,"AT12-2_5",3.47273305438147
"2778","Caribbean","Bocas","Sunset Point","AT12-2","AT12-2-5","pre_exp","Engraulidae",NA,0.872575,9.06217344591706,"planktivore","pelagic","Not cryptobenthic","Yes","No","No",16,60,0.00646266666666667,3.19177016666667,"AT12-2_5",7.3396859518389
"2779","Caribbean","Bocas","Sunset Point","AT12-2","AT12-2-5","pre_exp","Engraulidae",1.777083,0.960104,6.1566260839913,"planktivore","pelagic","Not cryptobenthic","Yes","No","No",16,60,0.00646266666666667,3.19177016666667,"AT12-2_5",2.13703918930877
"2780","Caribbean","Bocas","Sunset Point","AT12-2","AT12-2-5","pre_exp","Engraulidae",1.474498,0.80279,4.99914933695275,"planktivore","pelagic","Not cryptobenthic","Yes","No","No",16,60,0.00646266666666667,3.19177016666667,"AT12-2_5",1.09932856057429
"2781","Caribbean","Bocas","Sunset Point","AT12-2","AT12-2-5","pre_exp","Engraulidae",1.584148,0.928493,5.41568611170558,"planktivore","pelagic","Not cryptobenthic","Yes","No","No",16,60,0.00646266666666667,3.19177016666667,"AT12-2_5",1.41927013006271
"2782","Caribbean","Bocas","Sunset Point","AT12-2","AT12-2-5","pre_exp","Engraulidae",1.779412,0.955258,6.16562944303197,"planktivore","pelagic","Not cryptobenthic","Yes","No","No",16,60,0.00646266666666667,3.19177016666667,"AT12-2_5",2.14703002320476
"2783","Caribbean","Bocas","Sunset Point","AT12-2","AT12-2-5","pre_exp","Engraulidae",1.62373,0.973332,5.56688394367702,"planktivore","pelagic","Not cryptobenthic","Yes","No","No",16,60,0.00646266666666667,3.19177016666667,"AT12-2_5",1.54965288137822
"2784","Caribbean","Bocas","Sunset Point","AT12-2","AT12-2-5","pre_exp","Engraulidae",1.209843,0.761805,4.00900146535191,"planktivore","pelagic","Not cryptobenthic","Yes","No","No",16,60,0.00646266666666667,3.19177016666667,"AT12-2_5",0.54345646154647
"2785","Caribbean","Bocas","Sunset Point","AT12-2","AT12-2-5","pre_exp","Engraulidae",1.34969,0.855327,4.52939251419733,"planktivore","pelagic","Not cryptobenthic","Yes","No","No",16,60,0.00646266666666667,3.19177016666667,"AT12-2_5",0.802306891034019
"2786","Caribbean","Bocas","Sunset Point","AT12-2","AT12-2-5","pre_exp","Engraulidae",1.349919,0.850852,4.5302499720118,"planktivore","pelagic","Not cryptobenthic","Yes","No","No",16,60,0.00646266666666667,3.19177016666667,"AT12-2_5",0.802791771887019
"2787","Caribbean","Bocas","Sunset Point","AT12-2","AT12-2-5","pre_exp","Engraulidae",1.772454,1.262671,6.13873552925112,"planktivore","pelagic","Not cryptobenthic","Yes","No","No",16,60,0.00646266666666667,3.19177016666667,"AT12-2_5",2.11728125691019
"2788","Caribbean","Bocas","Sunset Point","AT12-2","AT12-2-5","pre_exp","Engraulidae",NA,0.925214,9.39411100920234,"planktivore","pelagic","Not cryptobenthic","Yes","No","No",16,60,0.00646266666666667,3.19177016666667,"AT12-2_5",8.23272326760173
"2789","Caribbean","Bocas","Sunset Point","AT12-2","AT12-2-6","pre_exp","Engraulidae",1.272001,0.790585,4.23948596145532,"planktivore","pelagic","Not cryptobenthic","Yes","No","No",16,60,0.00646266666666667,3.19177016666667,"AT12-2_6",0.649607930218186
"2790","Caribbean","Bocas","Sunset Point","AT12-2","AT12-2-6","pre_exp","Engraulidae",1.259207,0.800567,4.19193650628548,"planktivore","pelagic","Not cryptobenthic","Yes","No","No",16,60,0.00646266666666667,3.19177016666667,"AT12-2_6",0.626637547885342
"2791","Caribbean","Bocas","Sunset Point","AT12-2","AT12-2-6","pre_exp","Engraulidae",NA,0.915338,9.33240060898283,"planktivore","pelagic","Not cryptobenthic","Yes","No","No",16,60,0.00646266666666667,3.19177016666667,"AT12-2_6",8.06134795604319
"2792","Caribbean","Bocas","Sunset Point","AT12-2","AT12-2-6","pre_exp","Engraulidae",1.899116,1.056928,6.63017879661655,"planktivore","pelagic","Not cryptobenthic","Yes","No","No",16,60,0.00646266666666667,3.19177016666667,"AT12-2_6",2.70726961647044
"2793","Caribbean","Bocas","Sunset Point","AT12-2","AT12-2-6","pre_exp","Engraulidae",1.445608,0.757258,4.88998747659306,"planktivore","pelagic","Not cryptobenthic","Yes","No","No",16,60,0.00646266666666667,3.19177016666667,"AT12-2_6",1.02452759062566
"2794","Caribbean","Bocas","Sunset Point","AT12-2","AT12-2-7","pre_exp","Engraulidae",1.561498,0.890246,5.32936202845995,"planktivore","pelagic","Not cryptobenthic","Yes","No","No",16,60,0.00646266666666667,3.19177016666667,"AT12-2_6",1.34831713825902
"2795","Caribbean","Bocas","Sunset Point","AT12-2","AT12-2-7","pre_exp","Engraulidae",1.143347,0.75655,3.76394674244302,"planktivore","pelagic","Not cryptobenthic","Yes","No","No",16,60,0.00646266666666667,3.19177016666667,"AT12-2_6",0.44435841588497
"2796","Caribbean","Bocas","Sunset Point","AT12-2","AT12-2-7","pre_exp","Engraulidae",1.505514,0.941672,5.11662014242952,"planktivore","pelagic","Not cryptobenthic","Yes","No","No",16,60,0.00646266666666667,3.19177016666667,"AT12-2_6",1.18392204328912
"2797","Caribbean","Bocas","Sunset Point","AT12-2","AT12-2-7","pre_exp","Engraulidae",NA,0.86134,8.9903357282194,"planktivore","pelagic","Not cryptobenthic","Yes","No","No",16,60,0.00646266666666667,3.19177016666667,"AT12-2_6",7.15558675549636
"2798","Caribbean","Bocas","Sunset Point","AT12-2","AT12-2-7","pre_exp","Engraulidae",1.788069,0.987546,6.19910728862203,"planktivore","pelagic","Not cryptobenthic","Yes","No","No",16,60,0.00646266666666667,3.19177016666667,"AT12-2_6",2.1844610649871
"2799","Caribbean","Bocas","Sunset Point","AT12-2","AT12-2-7","pre_exp","Engraulidae",2.263594,1.213733,8.06488008577452,"planktivore","pelagic","Not cryptobenthic","Yes","No","No",16,60,0.00646266666666667,3.19177016666667,"AT12-2_6",5.05899130079569
"2800","Caribbean","Bocas","Sunset Point","AT12-2","AT12-2-9","pre_exp","Engraulidae",2.022151,1.129658,7.11120060951346,"planktivore","pelagic","Not cryptobenthic","Yes","No","No",16,60,0.00646266666666667,3.19177016666667,"AT12-2_7",3.38546076753943
"2801","Caribbean","Bocas","Punta Caracol","AT13-10","AT13-10-2-1","modern","Engraulidae",2.031355,1.203849,7.14732389817408,"planktivore","pelagic","Not cryptobenthic","Yes","No","No",16,60,0.00646266666666667,3.19177016666667,"AT13-10_3",3.4406570142798
"2802","Caribbean","Bocas","Punta Caracol","AT13-10","AT13-10-2-1","modern","Engraulidae",1.976486,1.118303,6.9322603359935,"planktivore","pelagic","Not cryptobenthic","Yes","No","No",16,60,0.00646266666666667,3.19177016666667,"AT13-10_3",3.1209805419468
"2803","Caribbean","Bocas","Punta Caracol","AT13-10","AT13-10-2-1","modern","Engraulidae",1.408611,0.9791,4.75056200059844,"planktivore","pelagic","Not cryptobenthic","Yes","No","No",16,60,0.00646266666666667,3.19177016666667,"AT13-10_3",0.93417066971089
"2804","Caribbean","Bocas","Punta Caracol","AT13-10","AT13-10-2-2","modern","Engraulidae",1.894731,1.165887,6.61310019318675,"planktivore","pelagic","Not cryptobenthic","Yes","No","No",16,60,0.00646266666666667,3.19177016666667,"AT13-10_3",2.68507417446107
"2805","Caribbean","Bocas","Punta Caracol","AT13-10","AT13-10-2-2","modern","Engraulidae",1.6778,0.953016,5.77411265225433,"planktivore","pelagic","Not cryptobenthic","Yes","No","No",16,60,0.00646266666666667,3.19177016666667,"AT13-10_3",1.74139650356028
"2806","Caribbean","Bocas","Punta Caracol","AT13-10","AT13-10-3-1","modern","Engraulidae",1.667804,0.941796,5.73574295612507,"planktivore","pelagic","Not cryptobenthic","Yes","No","No",16,60,0.00646266666666667,3.19177016666667,"AT13-10_4",1.70473024790055
"2807","Caribbean","Bocas","Punta Caracol","AT13-10","AT13-10-3-1","modern","Engraulidae",2.130789,1.087213,7.53876906389976,"planktivore","pelagic","Not cryptobenthic","Yes","No","No",16,60,0.00646266666666667,3.19177016666667,"AT13-10_4",4.07899456850465
"2808","Caribbean","Bocas","Punta Caracol","AT13-10","AT13-10-3-1","modern","Engraulidae",2.137751,1.077926,7.56625706364195,"planktivore","pelagic","Not cryptobenthic","Yes","No","No",16,60,0.00646266666666667,3.19177016666667,"AT13-10_4",4.12665542607145
"2809","Caribbean","Bocas","Punta Caracol","AT13-10","AT13-10-3-1","modern","Engraulidae",2.075566,1.332103,7.3211032976879,"planktivore","pelagic","Not cryptobenthic","Yes","No","No",16,60,0.00646266666666667,3.19177016666667,"AT13-10_4",3.71485054741765
"2810","Caribbean","Bocas","Punta Caracol","AT13-10","AT13-10-3-1","modern","Engraulidae",1.951156,1.212904,6.83320909203293,"planktivore","pelagic","Not cryptobenthic","Yes","No","No",16,60,0.00646266666666667,3.19177016666667,"AT13-10_4",2.98086293080446
"2811","Caribbean","Bocas","Punta Caracol","AT13-10","AT13-10-3-2","modern","Engraulidae",1.779899,0.982585,6.16751224148432,"planktivore","pelagic","Not cryptobenthic","Yes","No","No",16,60,0.00646266666666667,3.19177016666667,"AT13-10_5",2.14912337139584
"2812","Caribbean","Bocas","Punta Caracol","AT13-10","AT13-10-3-2","modern","Engraulidae",2.08649,1.157225,7.36410848366252,"planktivore","pelagic","Not cryptobenthic","Yes","No","No",16,60,0.00646266666666667,3.19177016666667,"AT13-10_5",3.7849493333611
"2813","Caribbean","Bocas","Punta Caracol","AT13-10","AT13-10-3-2","modern","Engraulidae",2.108215,1.119026,7.44971199434548,"planktivore","pelagic","Not cryptobenthic","Yes","No","No",16,60,0.00646266666666667,3.19177016666667,"AT13-10_5",3.92717758392293
"2814","Caribbean","Bocas","Punta Caracol","AT13-10","AT13-10-3-2","modern","Engraulidae",1.89825,1.06489,6.62680555643918,"planktivore","pelagic","Not cryptobenthic","Yes","No","No",16,60,0.00646266666666667,3.19177016666667,"AT13-10_5",2.7028757891671
"2815","Caribbean","Bocas","Punta Caracol","AT13-10","AT13-10-3-2","modern","Engraulidae",NA,0.971816,9.6819431044396,"planktivore","pelagic","Not cryptobenthic","Yes","No","No",16,60,0.00646266666666667,3.19177016666667,"AT13-10_5",9.06520298047116
"2816","Caribbean","Bocas","Punta Caracol","AT13-10","AT13-10-3-2","modern","Engraulidae",NA,0.651766,7.57555235819048,"planktivore","pelagic","Not cryptobenthic","Yes","No","No",16,60,0.00646266666666667,3.19177016666667,"AT13-10_5",4.14285846484922
"2817","Caribbean","Bocas","Punta Caracol","AT13-10","AT13-10-3-2","modern","Engraulidae",NA,1.040276,10.0952999414152,"planktivore","pelagic","Not cryptobenthic","Yes","No","No",16,60,0.00646266666666667,3.19177016666667,"AT13-10_5",10.3592794383267
"2818","Caribbean","Bocas","Punta Caracol","AT13-10","AT13-10-3-2","modern","Engraulidae",1.713715,0.975306,5.91218997879322,"planktivore","pelagic","Not cryptobenthic","Yes","No","No",16,60,0.00646266666666667,3.19177016666667,"AT13-10_5",1.87782542479622
"2819","Caribbean","Bocas","Punta Caracol","AT13-10","AT13-10-4-1","modern","Engraulidae",NA,1.414519,12.1922033180248,"planktivore","pelagic","Not cryptobenthic","Yes","No","No",16,60,0.00646266666666667,3.19177016666667,"AT13-10_6",18.920669919108
"2820","Caribbean","Bocas","Punta Caracol","AT13-10","AT13-10-4-1","modern","Engraulidae",2.351399,1.413663,8.41470334686848,"planktivore","pelagic","Not cryptobenthic","Yes","No","No",16,60,0.00646266666666667,3.19177016666667,"AT13-10_6",5.79326017113394
"2821","Caribbean","Bocas","Punta Caracol","AT13-10","AT13-10-4-1","modern","Engraulidae",1.974368,1.18082,6.92397238410149,"planktivore","pelagic","Not cryptobenthic","Yes","No","No",16,60,0.00646266666666667,3.19177016666667,"AT13-10_6",3.10908659725028
"2822","Caribbean","Bocas","Punta Caracol","AT13-10","AT13-10-4-1","modern","Engraulidae",2.014306,1.097902,7.08042605679173,"planktivore","pelagic","Not cryptobenthic","Yes","No","No",16,60,0.00646266666666667,3.19177016666667,"AT13-10_6",3.33891960784088
"2823","Caribbean","Bocas","Punta Caracol","AT13-10","AT13-10-4-1","modern","Engraulidae",2.40454,1.454064,8.62716141260438,"planktivore","pelagic","Not cryptobenthic","Yes","No","No",16,60,0.00646266666666667,3.19177016666667,"AT13-10_6",6.27317026302539
"2824","Caribbean","Bocas","Punta Caracol","AT13-10","AT13-10-4-1","modern","Engraulidae",NA,1.118179,10.5531055418249,"planktivore","pelagic","Not cryptobenthic","Yes","No","No",16,60,0.00646266666666667,3.19177016666667,"AT13-10_6",11.9345598885369
"2825","Caribbean","Bocas","Punta Caracol","AT13-10","AT13-10-4-1","modern","Engraulidae",1.815801,1.054041,6.30647681691819,"planktivore","pelagic","Not cryptobenthic","Yes","No","No",16,60,0.00646266666666667,3.19177016666667,"AT13-10_6",2.30753031722386
"2826","Caribbean","Bocas","Punta Caracol","AT13-10","AT13-10-4-2","modern","Engraulidae",1.99934,1.160037,7.02175558576269,"planktivore","pelagic","Not cryptobenthic","Yes","No","No",16,60,0.00646266666666667,3.19177016666667,"AT13-10_7",3.25141134032271
"2827","Caribbean","Bocas","Punta Caracol","AT13-10","AT13-10-4-2","modern","Engraulidae",1.580916,1.125299,5.403359467593,"planktivore","pelagic","Not cryptobenthic","Yes","No","No",16,60,0.00646266666666667,3.19177016666667,"AT13-10_7",1.40898512772387
"2828","Caribbean","Bocas","Punta Caracol","AT13-10","AT13-10-5-1","modern","Engraulidae",1.70088,0.978482,5.86280623211215,"planktivore","pelagic","Not cryptobenthic","Yes","No","No",16,60,0.00646266666666667,3.19177016666667,"AT13-10_8",1.82821852984788
"2829","Caribbean","Bocas","Punta Caracol","AT13-10","AT13-10-5-1","modern","Engraulidae",1.587809,1.072859,5.42965245113314,"planktivore","pelagic","Not cryptobenthic","Yes","No","No",16,60,0.00646266666666667,3.19177016666667,"AT13-10_8",1.43098541032239
"2830","Caribbean","Bocas","Punta Caracol","AT13-10","AT13-10-5-1","modern","Engraulidae",1.859332,1.050649,6.47539726801479,"planktivore","pelagic","Not cryptobenthic","Yes","No","No",16,60,0.00646266666666667,3.19177016666667,"AT13-10_8",2.51065885612098
"2831","Caribbean","Bocas","Punta Caracol","AT13-10","AT13-10-5-1","modern","Engraulidae",1.576419,0.869372,5.38621304678374,"planktivore","pelagic","Not cryptobenthic","Yes","No","No",16,60,0.00646266666666667,3.19177016666667,"AT13-10_8",1.39476391507657
"2832","Caribbean","Bocas","Punta Caracol","AT13-10","AT13-10-5-1","modern","Engraulidae",2.00352,1.014243,7.0381371337073,"planktivore","pelagic","Not cryptobenthic","Yes","No","No",16,60,0.00646266666666667,3.19177016666667,"AT13-10_8",3.275684298756
"2833","Caribbean","Bocas","Punta Caracol","AT13-10","AT13-10-5-2","modern","Engraulidae",2.071485,1.261484,7.30504408619399,"planktivore","pelagic","Not cryptobenthic","Yes","No","No",16,60,0.00646266666666667,3.19177016666667,"AT13-10_9",3.68890419552708
"2834","Caribbean","Bocas","Punta Caracol","AT13-10","AT13-10-5-2","modern","Engraulidae",1.817354,1.082116,6.31249518281194,"planktivore","pelagic","Not cryptobenthic","Yes","No","No",16,60,0.00646266666666667,3.19177016666667,"AT13-10_9",2.31456630277958
"2835","Caribbean","Bocas","Punta Caracol","AT13-10","AT13-10-5-2","modern","Engraulidae",2.268641,1.365017,8.08494585321454,"planktivore","pelagic","Not cryptobenthic","Yes","No","No",16,60,0.00646266666666667,3.19177016666667,"AT13-10_9",5.09927572040802
"2836","Caribbean","Bocas","Punta Caracol","AT13-10","AT13-10-5-2","modern","Engraulidae",2.020175,1.097388,7.10344780546689,"planktivore","pelagic","Not cryptobenthic","Yes","No","No",16,60,0.00646266666666667,3.19177016666667,"AT13-10_9",3.37369429433668
"2837","Caribbean","Bocas","Punta Caracol","AT13-10","AT13-10-5-2","modern","Engraulidae",1.732067,0.980196,5.98287518193493,"planktivore","pelagic","Not cryptobenthic","Yes","No","No",16,60,0.00646266666666667,3.19177016666667,"AT13-10_9",1.95042714596919
"2838","Caribbean","Bocas","Punta Caracol","AT13-10","AT13-10-5-2","modern","Engraulidae",1.857492,0.98293,6.46824786953696,"planktivore","pelagic","Not cryptobenthic","Yes","No","No",16,60,0.00646266666666667,3.19177016666667,"AT13-10_9",2.501822019216
"2839","Caribbean","Bocas","Punta Caracol","AT13-10","AT13-10-4-2","modern","Engraulidae",2.33586,1.388594,8.35268271629472,"planktivore","pelagic","Not cryptobenthic","Yes","No","No",16,60,0.00646266666666667,3.19177016666667,"AT13-10_7",5.65807152378296
"2840","Caribbean","Bocas","Crawl Cay","AT13-11","AT13-11-2-1","modern","Engraulidae",1.800437,0.977386,6.24696863514257,"planktivore","pelagic","Not cryptobenthic","Yes","No","No",16,60,0.00646266666666667,3.19177016666667,"AT13-11_1",2.23874882955884
"2841","Caribbean","Bocas","Crawl Cay","AT13-11","AT13-11-2-1","modern","Engraulidae",NA,0.851911,8.92976626245839,"planktivore","pelagic","Not cryptobenthic","Yes","No","No",16,60,0.00646266666666667,3.19177016666667,"AT13-11_1",7.00284950336077
"2842","Caribbean","Bocas","Crawl Cay","AT13-11","AT13-11-3-1","modern","Engraulidae",1.655831,1.02902,5.68981957261038,"planktivore","pelagic","Not cryptobenthic","Yes","No","No",16,60,0.00646266666666667,3.19177016666667,"AT13-11_1",1.66154690277516
"2843","Caribbean","Bocas","Crawl Cay","AT13-11","AT13-11-3-1","modern","Engraulidae",1.789207,0.985242,6.20350949321665,"planktivore","pelagic","Not cryptobenthic","Yes","No","No",16,60,0.00646266666666667,3.19177016666667,"AT13-11_1",2.18941619361698
"2844","Caribbean","Bocas","Crawl Cay","AT13-11","AT13-11-3-1","modern","Engraulidae",2.060219,1.333066,7.26073008722836,"planktivore","pelagic","Not cryptobenthic","Yes","No","No",16,60,0.00646266666666667,3.19177016666667,"AT13-11_1",3.61795339257725
"2845","Caribbean","Bocas","Casa Blanca","AT13-12","AT13-12-1-2","modern","Engraulidae",NA,1.098812,10.4404746030484,"planktivore","pelagic","Not cryptobenthic","Yes","No","No",16,60,0.00646266666666667,3.19177016666667,"AT13-12_2",11.5327434367678
"2846","Caribbean","Bocas","Casa Blanca","AT13-12","AT13-12-1-2","modern","Engraulidae",1.335447,0.860388,4.4760948303756,"planktivore","pelagic","Not cryptobenthic","Yes","No","No",16,60,0.00646266666666667,3.19177016666667,"AT13-12_2",0.772560778854011
"2847","Caribbean","Bocas","Casa Blanca","AT13-12","AT13-12-1-2","modern","Engraulidae",1.226727,0.873179,4.07147539547908,"planktivore","pelagic","Not cryptobenthic","Yes","No","No",16,60,0.00646266666666667,3.19177016666667,"AT13-12_2",0.570951748570069
"2848","Caribbean","Bocas","Casa Blanca","AT13-12","AT13-12-1-2","modern","Engraulidae",1.317866,0.771952,4.41039700914998,"planktivore","pelagic","Not cryptobenthic","Yes","No","No",16,60,0.00646266666666667,3.19177016666667,"AT13-12_2",0.736947252875552
"2849","Caribbean","Bocas","Casa Blanca","AT13-12","AT13-12-1-2","modern","Engraulidae",NA,0.909583,9.29632188889097,"planktivore","pelagic","Not cryptobenthic","Yes","No","No",16,60,0.00646266666666667,3.19177016666667,"AT13-12_2",7.96229760901639
"2850","Caribbean","Bocas","Casa Blanca","AT13-12","AT13-12-1-2","modern","Engraulidae",2.027848,1.096754,7.13355760316362,"planktivore","pelagic","Not cryptobenthic","Yes","No","No",16,60,0.00646266666666667,3.19177016666667,"AT13-12_2",3.41954986195405
"2851","Caribbean","Bocas","Casa Blanca","AT13-12","AT13-12-1-2","modern","Engraulidae",1.767888,0.958349,6.12109375981197,"planktivore","pelagic","Not cryptobenthic","Yes","No","No",16,60,0.00646266666666667,3.19177016666667,"AT13-12_2",2.09792127165656
"2852","Caribbean","Bocas","Casa Blanca","AT13-12","AT13-12-1-2","modern","Engraulidae",2.215436,1.105198,7.87367631872899,"planktivore","pelagic","Not cryptobenthic","Yes","No","No",16,60,0.00646266666666667,3.19177016666667,"AT13-12_2",4.68602442236966
"2853","Caribbean","Bocas","Casa Blanca","AT13-12","AT13-12-1-1","modern","Engraulidae",NA,1.103583,10.4682915155966,"planktivore","pelagic","Not cryptobenthic","Yes","No","No",16,60,0.00646266666666667,3.19177016666667,"AT13-12_1",11.6311038786437
"2854","Caribbean","Bocas","Casa Blanca","AT13-12","AT13-12-1-1","modern","Engraulidae",1.386182,0.801125,4.66624238503072,"planktivore","pelagic","Not cryptobenthic","Yes","No","No",16,60,0.00646266666666667,3.19177016666667,"AT13-12_1",0.882270195735503
"2855","Caribbean","Bocas","Casa Blanca","AT13-12","AT13-12-1-1","modern","Engraulidae",1.776321,1.135286,6.15368066999667,"planktivore","pelagic","Not cryptobenthic","Yes","No","No",16,60,0.00646266666666667,3.19177016666667,"AT13-12_1",2.13377766999717
"2856","Caribbean","Bocas","Casa Blanca","AT13-12","AT13-12-1-1","modern","Engraulidae",1.569694,0.941382,5.36058214597475,"planktivore","pelagic","Not cryptobenthic","Yes","No","No",16,60,0.00646266666666667,3.19177016666667,"AT13-12_1",1.37368995105901
"2857","Caribbean","Bocas","Casa Blanca","AT13-12","AT13-12-1-1","modern","Engraulidae",2.087634,1.297206,7.3686136492839,"planktivore","pelagic","Not cryptobenthic","Yes","No","No",16,60,0.00646266666666667,3.19177016666667,"AT13-12_1",3.79234493318997
"2858","Caribbean","Bocas","Casa Blanca","AT13-12","AT13-12-2-1","modern","Engraulidae",NA,1.050704,10.1573297872964,"planktivore","pelagic","Not cryptobenthic","Yes","No","No",16,60,0.00646266666666667,3.19177016666667,"AT13-12_3",10.5638128605827
"2859","Caribbean","Bocas","Casa Blanca","AT13-12","AT13-12-2-1","modern","Engraulidae",NA,1.047758,10.1398299917524,"planktivore","pelagic","Not cryptobenthic","Yes","No","No",16,60,0.00646266666666667,3.19177016666667,"AT13-12_3",10.5058318821783
"2860","Caribbean","Bocas","Casa Blanca","AT13-12","AT13-12-2-1","modern","Engraulidae",2.108336,1.284772,7.45018906036669,"planktivore","pelagic","Not cryptobenthic","Yes","No","No",16,60,0.00646266666666667,3.19177016666667,"AT13-12_3",3.92798033635699
"2861","Caribbean","Bocas","Casa Blanca","AT13-12","AT13-12-2-1","modern","Engraulidae",2.417324,1.413787,8.67835353915851,"planktivore","pelagic","Not cryptobenthic","Yes","No","No",16,60,0.00646266666666667,3.19177016666667,"AT13-12_3",6.39275494029727
"2862","Caribbean","Bocas","Casa Blanca","AT13-12","AT13-12-2-1","modern","Engraulidae",2.009309,1.068533,7.06083093445592,"planktivore","pelagic","Not cryptobenthic","Yes","No","No",16,60,0.00646266666666667,3.19177016666667,"AT13-12_3",3.3095154697332
"2863","Caribbean","Bocas","Casa Blanca","AT13-12","AT13-12-2-1","modern","Engraulidae",1.853853,1.004977,6.45411079417979,"planktivore","pelagic","Not cryptobenthic","Yes","No","No",16,60,0.00646266666666667,3.19177016666667,"AT13-12_3",2.48441115273489
"2864","Caribbean","Bocas","Casa Blanca","AT13-12","AT13-12-2-1","modern","Engraulidae",1.98492,1.095221,6.96527363408408,"planktivore","pelagic","Not cryptobenthic","Yes","No","No",16,60,0.00646266666666667,3.19177016666667,"AT13-12_3",3.16866772118899
"2865","Caribbean","Bocas","Casa Blanca","AT13-12","AT13-12-2-2","modern","Engraulidae",NA,0.89259,9.18927330490946,"planktivore","pelagic","Not cryptobenthic","Yes","No","No",16,60,0.00646266666666667,3.19177016666667,"AT13-12_4",7.67332957227053
"2866","Caribbean","Bocas","Casa Blanca","AT13-12","AT13-12-2-2","modern","Engraulidae",2.218012,1.311381,7.88389183947631,"planktivore","pelagic","Not cryptobenthic","Yes","No","No",16,60,0.00646266666666667,3.19177016666667,"AT13-12_4",4.70545727173683
"2867","Caribbean","Bocas","Casa Blanca","AT13-12","AT13-12-2-2","modern","Engraulidae",1.711651,0.96269,5.90424566701977,"planktivore","pelagic","Not cryptobenthic","Yes","No","No",16,60,0.00646266666666667,3.19177016666667,"AT13-12_4",1.86978359141669
"2868","Caribbean","Bocas","Casa Blanca","AT13-12","AT13-12-2-2","modern","Engraulidae",2.352568,1.35765,8.41937108597257,"planktivore","pelagic","Not cryptobenthic","Yes","No","No",16,60,0.00646266666666667,3.19177016666667,"AT13-12_4",5.80352345624737
"2869","Caribbean","Bocas","Casa Blanca","AT13-12","AT13-12-2-2","modern","Engraulidae",2.048828,1.226465,7.21595291912225,"planktivore","pelagic","Not cryptobenthic","Yes","No","No",16,60,0.00646266666666667,3.19177016666667,"AT13-12_4",3.54721860304489
"2870","Caribbean","Bocas","Casa Blanca","AT13-12","AT13-12-2-2","modern","Engraulidae",2.067201,1.124203,7.28818998555511,"planktivore","pelagic","Not cryptobenthic","Yes","No","No",16,60,0.00646266666666667,3.19177016666667,"AT13-12_4",3.66180769087285
"2871","Caribbean","Bocas","Casa Blanca","AT13-12","AT13-12-2-2","modern","Engraulidae",2.268693,1.187434,8.08515262074795,"planktivore","pelagic","Not cryptobenthic","Yes","No","No",16,60,0.00646266666666667,3.19177016666667,"AT13-12_4",5.09969197353517
"2872","Caribbean","Bocas","Casa Blanca","AT13-12","AT13-12-2-2","modern","Engraulidae",2.071118,1.058193,7.30360007770137,"planktivore","pelagic","Not cryptobenthic","Yes","No","No",16,60,0.00646266666666667,3.19177016666667,"AT13-12_4",3.68657727360568
"2873","Caribbean","Bocas","Casa Blanca","AT13-12","AT13-12-2-2","modern","Engraulidae",1.50041,0.859058,5.09726970328562,"planktivore","pelagic","Not cryptobenthic","Yes","No","No",16,60,0.00646266666666667,3.19177016666667,"AT13-12_4",1.1696901917043
"2874","Caribbean","Bocas","Casa Blanca","AT13-12","AT13-12-2-2","modern","Engraulidae",1.625594,1.080363,5.57401477547215,"planktivore","pelagic","Not cryptobenthic","Yes","No","No",16,60,0.00646266666666667,3.19177016666667,"AT13-12_4",1.55599747180888
"2875","Caribbean","Bocas","Casa Blanca","AT13-12","AT13-12-2-2","modern","Engraulidae",2.03716,1.317899,7.17011675224758,"planktivore","pelagic","Not cryptobenthic","Yes","No","No",16,60,0.00646266666666667,3.19177016666667,"AT13-12_4",3.47580053558129
"2876","Caribbean","Bocas","Casa Blanca","AT13-12","AT13-12-3-1","modern","Engraulidae",2.146716,1.260246,7.60166875094072,"planktivore","pelagic","Not cryptobenthic","Yes","No","No",16,60,0.00646266666666667,3.19177016666667,"AT13-12_5",4.1886168314863
"2877","Caribbean","Bocas","Casa Blanca","AT13-12","AT13-12-3-1","modern","Engraulidae",1.504588,0.950462,5.11310889859455,"planktivore","pelagic","Not cryptobenthic","Yes","No","No",16,60,0.00646266666666667,3.19177016666667,"AT13-12_5",1.18133081372946
"2878","Caribbean","Bocas","Casa Blanca","AT13-12","AT13-12-3-1","modern","Engraulidae",1.894103,1.098365,6.61065464659089,"planktivore","pelagic","Not cryptobenthic","Yes","No","No",16,60,0.00646266666666667,3.19177016666667,"AT13-12_5",2.68190619231697
"2879","Caribbean","Bocas","Casa Blanca","AT13-12","AT13-12-3-1","modern","Engraulidae",1.864829,1.057322,6.49676097131168,"planktivore","pelagic","Not cryptobenthic","Yes","No","No",16,60,0.00646266666666667,3.19177016666667,"AT13-12_5",2.53719262072789
"2880","Caribbean","Bocas","Casa Blanca","AT13-12","AT13-12-3-1","modern","Engraulidae",1.727241,1.011784,5.96427875256714,"planktivore","pelagic","Not cryptobenthic","Yes","No","No",16,60,0.00646266666666667,3.19177016666667,"AT13-12_5",1.93114297689585
"2881","Caribbean","Bocas","Casa Blanca","AT13-12","AT13-12-3-1","modern","Engraulidae",1.684669,0.964392,5.80049469590586,"planktivore","pelagic","Not cryptobenthic","Yes","No","No",16,60,0.00646266666666667,3.19177016666667,"AT13-12_5",1.76691913968708
"2882","Caribbean","Bocas","Casa Blanca","AT13-12","AT13-12-3-1","modern","Engraulidae",1.69748,0.916464,5.84973165667491,"planktivore","pelagic","Not cryptobenthic","Yes","No","No",16,60,0.00646266666666667,3.19177016666667,"AT13-12_5",1.8152371746271
"2883","Caribbean","Bocas","Casa Blanca","AT13-12","AT13-12-3-1","modern","Engraulidae",2.281393,1.429042,8.1356680153349,"planktivore","pelagic","Not cryptobenthic","Yes","No","No",16,60,0.00646266666666667,3.19177016666667,"AT13-12_5",5.20208771564678
"2884","Caribbean","Bocas","Casa Blanca","AT13-12","AT13-12-3-1","modern","Engraulidae",1.023819,0.732446,3.327651201427,"planktivore","pelagic","Not cryptobenthic","Yes","No","No",16,60,0.00646266666666667,3.19177016666667,"AT13-12_5",0.299885593618402
"2885","Caribbean","Bocas","Casa Blanca","AT13-12","AT13-12-3-1","modern","Engraulidae",1.639185,1.170481,5.62603642344313,"planktivore","pelagic","Not cryptobenthic","Yes","No","No",16,60,0.00646266666666667,3.19177016666667,"AT13-12_5",1.60282401516734
"2886","Caribbean","Bocas","Casa Blanca","AT13-12","AT13-12-3-2","modern","Engraulidae",2.069221,1.215587,7.29613656060781,"planktivore","pelagic","Not cryptobenthic","Yes","No","No",16,60,0.00646266666666667,3.19177016666667,"AT13-12_6",3.67456638699133
"2887","Caribbean","Bocas","Casa Blanca","AT13-12","AT13-12-3-2","modern","Engraulidae",NA,1.101904,10.4585075493969,"planktivore","pelagic","Not cryptobenthic","Yes","No","No",16,60,0.00646266666666667,3.19177016666667,"AT13-12_6",11.5964424232558
"2888","Caribbean","Bocas","Casa Blanca","AT13-12","AT13-12-3-2","modern","Engraulidae",NA,0.999853,9.85254493762454,"planktivore","pelagic","Not cryptobenthic","Yes","No","No",16,60,0.00646266666666667,3.19177016666667,"AT13-12_6",9.58495275094256
"2889","Caribbean","Bocas","Casa Blanca","AT13-12","AT13-12-3-2","modern","Engraulidae",1.950132,1.192693,6.82920792605238,"planktivore","pelagic","Not cryptobenthic","Yes","No","No",16,60,0.00646266666666667,3.19177016666667,"AT13-12_6",2.97529547514521
"2890","Caribbean","Bocas","Casa Blanca","AT13-12","AT13-12-3-2","modern","Engraulidae",2.305412,1.380978,8.23129464566762,"planktivore","pelagic","Not cryptobenthic","Yes","No","No",16,60,0.00646266666666667,3.19177016666667,"AT13-12_6",5.39977519176699
"2891","Caribbean","Bocas","Casa Blanca","AT13-12","AT13-12-3-2","modern","Engraulidae",2.067663,1.064454,7.29000739030765,"planktivore","pelagic","Not cryptobenthic","Yes","No","No",16,60,0.00646266666666667,3.19177016666667,"AT13-12_6",3.66472295423362
"2892","Caribbean","Bocas","Casa Blanca","AT13-12","AT13-12-3-2","modern","Engraulidae",1.943422,1.078044,6.80299537104997,"planktivore","pelagic","Not cryptobenthic","Yes","No","No",16,60,0.00646266666666667,3.19177016666667,"AT13-12_6",2.93899829499373
"2893","Caribbean","Bocas","Casa Blanca","AT13-12","AT13-12-3-2","modern","Engraulidae",1.755554,1.150488,6.07346496849906,"planktivore","pelagic","Not cryptobenthic","Yes","No","No",16,60,0.00646266666666667,3.19177016666667,"AT13-12_6",2.0462613575817
"2894","Caribbean","Bocas","Casa Blanca","AT13-12","AT13-12-3-2","modern","Engraulidae",1.245075,0.854656,4.13947929901776,"planktivore","pelagic","Not cryptobenthic","Yes","No","No",16,60,0.00646266666666667,3.19177016666667,"AT13-12_6",0.601950367862442
"2895","Caribbean","Bocas","Casa Blanca","AT13-12","AT13-12-3-2","modern","Engraulidae",1.486623,1.036968,5.04503815774664,"planktivore","pelagic","Not cryptobenthic","Yes","No","No",16,60,0.00646266666666667,3.19177016666667,"AT13-12_6",1.13186219934658
"2896","Caribbean","Bocas","Casa Blanca","AT13-12","AT13-12-3-2","modern","Engraulidae",1.71472,1.132921,5.91605861302352,"planktivore","pelagic","Not cryptobenthic","Yes","No","No",16,60,0.00646266666666667,3.19177016666667,"AT13-12_6",1.88175013426561
"2897","Caribbean","Bocas","Casa Blanca","AT13-12","AT13-12-3-2","modern","Engraulidae",2.261017,1.446834,8.05463649403021,"planktivore","pelagic","Not cryptobenthic","Yes","No","No",16,60,0.00646266666666667,3.19177016666667,"AT13-12_6",5.0385105786914
"2898","Caribbean","Bocas","Sweet Bocas Trench","AT13-2","AT13-2-8","pre_exp","Engraulidae",2.01323,1.033985,7.07620617898076,"planktivore","pelagic","Not cryptobenthic","Yes","No","No",16,60,0.00646266666666667,3.19177016666667,"AT13-2_2",3.3325722296138
"2899","Caribbean","Bocas","Sweet Bocas Trench","AT13-3","AT13-3-12","pre_exp","Engraulidae",1.818105,1.076076,6.31540575877857,"planktivore","pelagic","Not cryptobenthic","Yes","No","No",16,60,0.00646266666666667,3.19177016666667,"AT13-3_1",2.31797429462463
"2900","Caribbean","Bocas","Sweet Bocas Trench","AT13-3","AT13-3-13","pre_exp","Engraulidae",NA,1.083064,10.3483246038458,"planktivore","pelagic","Not cryptobenthic","Yes","No","No",16,60,0.00646266666666667,3.19177016666667,"AT13-3_2",11.2109827146043
"2901","Caribbean","Bocas","Sweet Bocas Trench","AT13-3","AT13-3-13","pre_exp","Engraulidae",2.136276,1.223743,7.56043246860059,"planktivore","pelagic","Not cryptobenthic","Yes","No","No",16,60,0.00646266666666667,3.19177016666667,"AT13-3_2",4.11652452586273
"2902","Caribbean","Bocas","Sweet Bocas Trench","AT13-3","AT13-3-13","pre_exp","Engraulidae",1.724678,0.913219,5.9544049742141,"planktivore","pelagic","Not cryptobenthic","Yes","No","No",16,60,0.00646266666666667,3.19177016666667,"AT13-3_2",1.92095745285942
"2903","Caribbean","Bocas","Sweet Bocas Trench","AT13-3","AT13-3-10","pre_exp","Engraulidae",1.710118,0.99989,5.89834588553836,"planktivore","pelagic","Not cryptobenthic","Yes","No","No",16,60,0.00646266666666667,3.19177016666667,"AT13-3_1",1.8638267119363
"2904","Caribbean","Bocas","Sweet Bocas Trench","AT13-3","AT13-3-10","pre_exp","Engraulidae",1.267088,0.700953,4.22122000584466,"planktivore","pelagic","Not cryptobenthic","Yes","No","No",16,60,0.00646266666666667,3.19177016666667,"AT13-3_1",0.640716733763453
"2905","Caribbean","Bocas","Sweet Bocas Trench","AT13-3","AT13-3-10","pre_exp","Engraulidae",NA,1.086304,10.3673256032361,"planktivore","pelagic","Not cryptobenthic","Yes","No","No",16,60,0.00646266666666667,3.19177016666667,"AT13-3_1",11.2768174873892
"2906","Caribbean","Bocas","Sweet Bocas Trench","AT13-3","AT13-3-10","pre_exp","Engraulidae",1.750915,0.969187,6.05556108168428,"planktivore","pelagic","Not cryptobenthic","Yes","No","No",16,60,0.00646266666666667,3.19177016666667,"AT13-3_1",2.02707025725207
"2907","Caribbean","Bocas","Sweet Bocas Trench","AT13-3","AT13-3-10","pre_exp","Engraulidae",1.955219,1.028859,6.84908720660297,"planktivore","pelagic","Not cryptobenthic","Yes","No","No",16,60,0.00646266666666667,3.19177016666667,"AT13-3_1",3.00302719768545
"2908","Caribbean","Bocas","Sweet Bocas Trench","AT13-3","AT13-3-14","pre_exp","Engraulidae",NA,0.993993,9.81704170402672,"planktivore","pelagic","Not cryptobenthic","Yes","No","No",16,60,0.00646266666666667,3.19177016666667,"AT13-3_2",9.47514699057441
"2909","Caribbean","Bocas","Sweet Bocas Trench","AT13-3","AT13-3-14","pre_exp","Engraulidae",2.015292,1.105558,7.08429319995301,"planktivore","pelagic","Not cryptobenthic","Yes","No","No",16,60,0.00646266666666667,3.19177016666667,"AT13-3_2",3.3447437015579
"2910","Caribbean","Bocas","Sweet Bocas Trench","AT13-3","AT13-3-14","pre_exp","Engraulidae",1.443525,0.841191,4.88212648507247,"planktivore","pelagic","Not cryptobenthic","Yes","No","No",16,60,0.00646266666666667,3.19177016666667,"AT13-3_2",1.01928000463523
"2911","Caribbean","Bocas","Sweet Bocas Trench","AT13-4","AT13-4-4","pre_exp","Engraulidae",2.220721,1.208667,7.8946362735613,"planktivore","pelagic","Not cryptobenthic","Yes","No","No",16,60,0.00646266666666667,3.19177016666667,"AT13-4_1",4.72595590110985
"2912","Caribbean","Bocas","Sweet Bocas Trench","AT13-4","AT13-4-5","pre_exp","Engraulidae",2.152548,1.204989,7.6247143061416,"planktivore","pelagic","Not cryptobenthic","Yes","No","No",16,60,0.00646266666666667,3.19177016666667,"AT13-4_1",4.22928201072904
"2913","Caribbean","Bocas","Sweet Bocas Trench","AT13-6","AT13-6-1","pre_exp","Engraulidae",2.036396,1.13057,7.16711653912387,"planktivore","pelagic","Not cryptobenthic","Yes","No","No",16,60,0.00646266666666667,3.19177016666667,"AT13-6_1",3.47116058691614
"2914","Caribbean","Bocas","Sweet Bocas Trench","AT13-6","AT13-6-1","pre_exp","Engraulidae",2.771021,1.609746,10.1066416982075,"planktivore","pelagic","Not cryptobenthic","Yes","No","No",16,60,0.00646266666666667,3.19177016666667,"AT13-6_1",10.3964720668529
"2915","Caribbean","Bocas","Sweet Bocas Trench","AT13-6","AT13-6-2","pre_exp","Engraulidae",NA,1.136696,10.660091369795,"planktivore","pelagic","Not cryptobenthic","Yes","No","No",16,60,0.00646266666666667,3.19177016666667,"AT13-6_1",12.3250424007672
"2916","Caribbean","Bocas","Sweet Bocas Trench","AT13-6","AT13-6-3","pre_exp","Engraulidae",2.112271,1.118076,7.46570528926132,"planktivore","pelagic","Not cryptobenthic","Yes","No","No",16,60,0.00646266666666667,3.19177016666667,"AT13-6_1",3.95415075708495
"2917","Caribbean","Bocas","Sweet Bocas Trench","AT13-6","AT13-6-3","pre_exp","Engraulidae",2.123442,1.121523,7.50977224480615,"planktivore","pelagic","Not cryptobenthic","Yes","No","No",16,60,0.00646266666666667,3.19177016666667,"AT13-6_1",4.02912874764865
"2918","Caribbean","Bocas","Sweet Bocas Trench","AT13-6","AT13-6-3","pre_exp","Engraulidae",2.202066,1.215303,7.82067766234244,"planktivore","pelagic","Not cryptobenthic","Yes","No","No",16,60,0.00646266666666667,3.19177016666667,"AT13-6_1",4.58608965029359
"2919","Caribbean","Bocas","Sweet Bocas Trench","AT13-8","AT13-8-2","pre_exp","Engraulidae",1.740157,1.110691,6.01406250404115,"planktivore","pelagic","Not cryptobenthic","Yes","No","No",16,60,0.00646266666666667,3.19177016666667,"AT13-8_1",1.98306401466798
"2920","Caribbean","Bocas","Sweet Bocas Trench","AT13-8","AT13-8-2","pre_exp","Engraulidae",1.970163,1.091371,6.90752083709597,"planktivore","pelagic","Not cryptobenthic","Yes","No","No",16,60,0.00646266666666667,3.19177016666667,"AT13-8_1",3.08556945199525
"2921","Caribbean","Bocas","Casa Blanca","AT13-12","AT13-12-4-1","modern","Engraulidae",1.890584,1.140042,6.59695275563752,"planktivore","pelagic","Not cryptobenthic","Yes","No","No",16,60,0.00646266666666667,3.19177016666667,"AT13-12_7",2.66420410615775
"2922","Caribbean","Bocas","Casa Blanca","AT13-12","AT13-12-4-1","modern","Engraulidae",1.467532,0.849345,4.97280522559345,"planktivore","pelagic","Not cryptobenthic","Yes","No","No",16,60,0.00646266666666667,3.19177016666667,"AT13-12_7",1.08094470830143
"2923","Caribbean","Bocas","Casa Blanca","AT13-12","AT13-12-4-1","modern","Engraulidae",1.508586,0.980916,5.12827046448976,"planktivore","pelagic","Not cryptobenthic","Yes","No","No",16,60,0.00646266666666667,3.19177016666667,"AT13-12_7",1.19254771228484
"2924","Caribbean","Bocas","Casa Blanca","AT13-12","AT13-12-4-1","modern","Engraulidae",NA,1.159275,10.7896405855149,"planktivore","pelagic","Not cryptobenthic","Yes","No","No",16,60,0.00646266666666667,3.19177016666667,"AT13-12_7",12.8095127710439
"2925","Caribbean","Bocas","Casa Blanca","AT13-12","AT13-12-4-1","modern","Engraulidae",2.4375,1.425739,8.7592098372617,"planktivore","pelagic","Not cryptobenthic","Yes","No","No",16,60,0.00646266666666667,3.19177016666667,"AT13-12_7",6.5848093393984
"2926","Caribbean","Bocas","Casa Blanca","AT13-12","AT13-12-4-1","modern","Engraulidae",1.772849,1.131048,6.14026194815285,"planktivore","pelagic","Not cryptobenthic","Yes","No","No",16,60,0.00646266666666667,3.19177016666667,"AT13-12_7",2.11896208506813
"2927","Caribbean","Bocas","Casa Blanca","AT13-12","AT13-12-4-1","modern","Engraulidae",2.351164,1.417635,8.41376503994891,"planktivore","pelagic","Not cryptobenthic","Yes","No","No",16,60,0.00646266666666667,3.19177016666667,"AT13-12_7",5.79119855558359
"2928","Caribbean","Bocas","Casa Blanca","AT13-12","AT13-12-4-1","modern","Engraulidae",2.419234,1.411497,8.68600461989339,"planktivore","pelagic","Not cryptobenthic","Yes","No","No",16,60,0.00646266666666667,3.19177016666667,"AT13-12_7",6.4107612475874
"2929","Caribbean","Bocas","Casa Blanca","AT13-12","AT13-12-4-1","modern","Engraulidae",2.09207,1.303763,7.38608568153916,"planktivore","pelagic","Not cryptobenthic","Yes","No","No",16,60,0.00646266666666667,3.19177016666667,"AT13-12_7",3.82112058634627
"2930","Caribbean","Bocas","Casa Blanca","AT13-12","AT13-12-4-1","modern","Engraulidae",1.944284,1.076554,6.80636218068677,"planktivore","pelagic","Not cryptobenthic","Yes","No","No",16,60,0.00646266666666667,3.19177016666667,"AT13-12_7",2.94364328576446
"2931","Caribbean","Bocas","Casa Blanca","AT13-12","AT13-12-4-1","modern","Engraulidae",1.786894,0.986965,6.19456229463277,"planktivore","pelagic","Not cryptobenthic","Yes","No","No",16,60,0.00646266666666667,3.19177016666667,"AT13-12_7",2.17935329773728
"2932","Caribbean","Bocas","Casa Blanca","AT13-12","AT13-12-4-1","modern","Engraulidae",2.126974,1.388906,7.523710741334,"planktivore","pelagic","Not cryptobenthic","Yes","No","No",16,60,0.00646266666666667,3.19177016666667,"AT13-12_7",4.05304620652533
"2933","Caribbean","Bocas","Casa Blanca","AT13-12","AT13-12-4-1","modern","Engraulidae",2.205645,1.415994,7.83486117078383,"planktivore","pelagic","Not cryptobenthic","Yes","No","No",16,60,0.00646266666666667,3.19177016666667,"AT13-12_7",4.61268932681071
"2934","Caribbean","Bocas","Casa Blanca","AT13-12","AT13-12-4-2","modern","Engraulidae",1.57681,1.019248,5.38770364962999,"planktivore","pelagic","Not cryptobenthic","Yes","No","No",16,60,0.00646266666666667,3.19177016666667,"AT13-12_8",1.39599628882864
"2935","Caribbean","Bocas","Casa Blanca","AT13-12","AT13-12-4-2","modern","Engraulidae",1.749607,1.00979,6.05051394139237,"planktivore","pelagic","Not cryptobenthic","Yes","No","No",16,60,0.00646266666666667,3.19177016666667,"AT13-12_8",2.02168266561426
"2936","Caribbean","Bocas","Casa Blanca","AT13-12","AT13-12-4-2","modern","Engraulidae",1.831265,1.118663,6.36643120182745,"planktivore","pelagic","Not cryptobenthic","Yes","No","No",16,60,0.00646266666666667,3.19177016666667,"AT13-12_8",2.37828111170721
"2937","Caribbean","Bocas","Casa Blanca","AT13-12","AT13-12-4-2","modern","Engraulidae",2.237943,1.310055,7.96297757367246,"planktivore","pelagic","Not cryptobenthic","Yes","No","No",16,60,0.00646266666666667,3.19177016666667,"AT13-12_8",4.85777764055586
"2938","Caribbean","Bocas","Casa Blanca","AT13-12","AT13-12-4-2","modern","Engraulidae",1.793583,1.129991,6.22044049633608,"planktivore","pelagic","Not cryptobenthic","Yes","No","No",16,60,0.00646266666666667,3.19177016666667,"AT13-12_8",2.2085456926855
"2939","Caribbean","Bocas","Casa Blanca","AT13-12","AT13-12-4-2","modern","Engraulidae",2.142946,1.14209,7.58677518749712,"planktivore","pelagic","Not cryptobenthic","Yes","No","No",16,60,0.00646266666666667,3.19177016666667,"AT13-12_8",4.16247962497002
"2940","Caribbean","Bocas","Casa Blanca","AT13-12","AT13-12-4-2","modern","Engraulidae",2.061843,1.016759,7.2671162476712,"planktivore","pelagic","Not cryptobenthic","Yes","No","No",16,60,0.00646266666666667,3.19177016666667,"AT13-12_8",3.62811992068372
"2941","Caribbean","Bocas","Casa Blanca","AT13-12","AT13-12-4-2","modern","Engraulidae",1.933835,0.981793,6.7655620218177,"planktivore","pelagic","Not cryptobenthic","Yes","No","No",16,60,0.00646266666666667,3.19177016666667,"AT13-12_8",2.8876922600698
"2942","Caribbean","Bocas","Casa Blanca","AT13-12","AT13-12-4-2","modern","Engraulidae",2.396632,1.589244,8.59551045055869,"planktivore","pelagic","Not cryptobenthic","Yes","No","No",16,60,0.00646266666666667,3.19177016666667,"AT13-12_8",6.20000741282845
"2943","Caribbean","Bocas","Sweet Bocas Trench","AT13-9","AT13-9-2","pre_exp","Engraulidae",1.574654,1.067683,5.37948489914409,"planktivore","pelagic","Not cryptobenthic","Yes","No","No",16,60,0.00646266666666667,3.19177016666667,"AT13-9_1",1.38921063375882
"2944","Caribbean","Bocas","Sweet Bocas Trench","AT13-9","AT13-9-2","pre_exp","Engraulidae",NA,1.194862,10.9918652130651,"planktivore","pelagic","Not cryptobenthic","Yes","No","No",16,60,0.00646266666666667,3.19177016666667,"AT13-9_1",13.5916559902672
"2945","Caribbean","Bocas","Sweet Bocas Trench","AT13-9","AT13-9-2","pre_exp","Engraulidae",1.897142,0.984938,6.6224899384595,"planktivore","pelagic","Not cryptobenthic","Yes","No","No",16,60,0.00646266666666667,3.19177016666667,"AT13-9_1",2.69726160716783
"2946","Caribbean","Bocas","Sweet Bocas Trench","AT13-9","AT13-9-2","pre_exp","Engraulidae",1.173898,0.851464,3.87633574532864,"planktivore","pelagic","Not cryptobenthic","Yes","No","No",16,60,0.00646266666666667,3.19177016666667,"AT13-9_1",0.488109861175464
"2947","Caribbean","Bocas","Casa Blanca new","AT14-1","AT14-1-1","modern","Engraulidae",1.514528,0.818253,5.15081282854882,"planktivore","pelagic","Not cryptobenthic","Yes","No","No",16,60,0.00646266666666667,3.19177016666667,"AT14-1_1",1.20935999187972
"2948","Caribbean","Bocas","Casa Blanca new","AT14-1","AT14-1-1","modern","Engraulidae",1.170796,0.800216,3.8649087136958,"planktivore","pelagic","Not cryptobenthic","Yes","No","No",16,60,0.00646266666666667,3.19177016666667,"AT14-1_1",0.483532052884417
"2949","Caribbean","Bocas","Casa Blanca new","AT14-1","AT14-1-1","modern","Engraulidae",2.050926,1.25606,7.22419783999117,"planktivore","pelagic","Not cryptobenthic","Yes","No","No",16,60,0.00646266666666667,3.19177016666667,"AT14-1_1",3.56017117684233
"2950","Caribbean","Bocas","Casa Blanca new","AT14-1","AT14-1-1","modern","Engraulidae",1.547883,0.872983,5.27754186869766,"planktivore","pelagic","Not cryptobenthic","Yes","No","No",16,60,0.00646266666666667,3.19177016666667,"AT14-1_1",1.30691596628501
"2951","Caribbean","Bocas","Casa Blanca new","AT14-1","AT14-1-1","modern","Engraulidae",1.816188,1.222819,6.30797650853011,"planktivore","pelagic","Not cryptobenthic","Yes","No","No",16,60,0.00646266666666667,3.19177016666667,"AT14-1_1",2.30928220934775
"2952","Caribbean","Bocas","Casa Blanca new","AT14-1","AT14-1-1","modern","Engraulidae",1.853334,1.011131,6.45209480344898,"planktivore","pelagic","Not cryptobenthic","Yes","No","No",16,60,0.00646266666666667,3.19177016666667,"AT14-1_1",2.4819351077752
"2953","Caribbean","Bocas","Casa Blanca new","AT14-1","AT14-1-1","modern","Engraulidae",2.988191,1.72396,10.9943201661785,"planktivore","pelagic","Not cryptobenthic","Yes","No","No",16,60,0.00646266666666667,3.19177016666667,"AT14-1_1",13.601347291351
"2954","Caribbean","Bocas","Casa Blanca new","AT14-1","AT14-1-1","modern","Engraulidae",1.807547,1.16152,6.27449996672746,"planktivore","pelagic","Not cryptobenthic","Yes","No","No",16,60,0.00646266666666667,3.19177016666667,"AT14-1_1",2.27039280262955
"2955","Caribbean","Bocas","Casa Blanca new","AT14-1","AT14-1-3","modern","Engraulidae",1.314927,0.803145,4.39942422057739,"planktivore","pelagic","Not cryptobenthic","Yes","No","No",16,60,0.00646266666666667,3.19177016666667,"AT14-1_3",0.731111151905403
"2956","Caribbean","Bocas","Casa Blanca new","AT14-1","AT14-1-3","modern","Engraulidae",1.702775,1.005151,5.87009469861618,"planktivore","pelagic","Not cryptobenthic","Yes","No","No",16,60,0.00646266666666667,3.19177016666667,"AT14-1_3",1.83548263125901
"2957","Caribbean","Bocas","Casa Blanca new","AT14-1","AT14-1-3","modern","Engraulidae",1.79956,1.01359,6.24357358781869,"planktivore","pelagic","Not cryptobenthic","Yes","No","No",16,60,0.00646266666666667,3.19177016666667,"AT14-1_3",2.23486772975747
"2958","Caribbean","Bocas","Casa Blanca new","AT14-1","AT14-1-3","modern","Engraulidae",NA,1.783728,14.0584703463041,"planktivore","pelagic","Not cryptobenthic","Yes","No","No",16,60,0.00646266666666667,3.19177016666667,"AT14-1_3",29.8102925901825
"2959","Caribbean","Bocas","Casa Blanca new","AT14-1","AT14-1-3","modern","Engraulidae",1.077205,1.946221,3.52182835875432,"planktivore","pelagic","Not cryptobenthic","Yes","No","No",16,60,0.00646266666666667,3.19177016666667,"AT14-1_3",0.359393436223264
"2960","Caribbean","Bocas","Casa Blanca new","AT14-1","AT14-1-3","modern","Engraulidae",1.165781,1.521468,3.8464420592141,"planktivore","pelagic","Not cryptobenthic","Yes","No","No",16,60,0.00646266666666667,3.19177016666667,"AT14-1_3",0.47619654505976
"2961","Caribbean","Bocas","Casa Blanca new","AT14-1","AT14-1-3","modern","Engraulidae",1.030905,2.17019,3.35335849890372,"planktivore","pelagic","Not cryptobenthic","Yes","No","No",16,60,0.00646266666666667,3.19177016666667,"AT14-1_3",0.307342837356061
"2962","Caribbean","Bocas","Casa Blanca new","AT14-1","AT14-1-3","modern","Engraulidae",1.328058,1.932892,4.44847086276358,"planktivore","pelagic","Not cryptobenthic","Yes","No","No",16,60,0.00646266666666667,3.19177016666667,"AT14-1_3",0.757445676325251
"2963","Caribbean","Bocas","Casa Blanca new","AT14-1","AT14-1-5","modern","Engraulidae",1.638326,0.97131,5.62274698588903,"planktivore","pelagic","Not cryptobenthic","Yes","No","No",16,60,0.00646266666666667,3.19177016666667,"AT14-1_4",1.59983479252738
"2964","Caribbean","Bocas","Casa Blanca new","AT14-1","AT14-1-5","modern","Engraulidae",2.156096,1.367934,7.63873801340183,"planktivore","pelagic","Not cryptobenthic","Yes","No","No",16,60,0.00646266666666667,3.19177016666667,"AT14-1_4",4.25415984894577
"2965","Caribbean","Bocas","Casa Blanca new","AT14-1","AT14-1-5","modern","Engraulidae",2.048577,1.29799,7.21496658076967,"planktivore","pelagic","Not cryptobenthic","Yes","No","No",16,60,0.00646266666666667,3.19177016666667,"AT14-1_4",3.5456712595356
"2966","Caribbean","Bocas","Sweet Bocas SE Face","AT14-10","AT14-10-3","pre_exp","Engraulidae",2.008566,1.174605,7.05791783246713,"planktivore","pelagic","Not cryptobenthic","Yes","No","No",16,60,0.00646266666666667,3.19177016666667,"AT14-10_2",3.30515935276234
"2967","Caribbean","Bocas","Sweet Bocas SE Face","AT14-10","AT14-10-3","pre_exp","Engraulidae",2.59998,1.575834,9.41313452454289,"planktivore","pelagic","Not cryptobenthic","Yes","No","No",16,60,0.00646266666666667,3.19177016666667,"AT14-10_2",8.28605352917684
"2968","Caribbean","Bocas","Casa Blanca new","AT14-1","AT14-1-8","modern","Engraulidae",NA,1.060676,10.2164253473872,"planktivore","pelagic","Not cryptobenthic","Yes","No","No",16,60,0.00646266666666667,3.19177016666667,"AT14-1_6",10.7612342442878
"2969","Caribbean","Bocas","Casa Blanca new","AT14-1","AT14-1-8","modern","Engraulidae",1.631733,0.846579,5.5975065354416,"planktivore","pelagic","Not cryptobenthic","Yes","No","No",16,60,0.00646266666666667,3.19177016666667,"AT14-1_6",1.57702520728306
"2970","Caribbean","Bocas","Casa Blanca new","AT14-1","AT14-1-8","modern","Engraulidae",1.57856,0.918603,5.39437566988735,"planktivore","pelagic","Not cryptobenthic","Yes","No","No",16,60,0.00646266666666667,3.19177016666667,"AT14-1_6",1.40152162634311
"2971","Caribbean","Bocas","Casa Blanca new","AT14-1","AT14-1-8","modern","Engraulidae",2.054433,1.081516,7.23798216327515,"planktivore","pelagic","Not cryptobenthic","Yes","No","No",16,60,0.00646266666666667,3.19177016666667,"AT14-1_6",3.58189849745079
"2972","Caribbean","Bocas","Casa Blanca new","AT14-1","AT14-1-8","modern","Engraulidae",1.863894,1.049521,6.49312664457679,"planktivore","pelagic","Not cryptobenthic","Yes","No","No",16,60,0.00646266666666667,3.19177016666667,"AT14-1_6",2.53266525199994
"2973","Caribbean","Bocas","Sweet Bocas SE Face","AT14-10","AT14-10-2","pre_exp","Engraulidae",1.701779,0.935027,5.86626380965664,"planktivore","pelagic","Not cryptobenthic","Yes","No","No",16,60,0.00646266666666667,3.19177016666667,"AT14-10_2",1.83166208278294
"2974","Caribbean","Bocas","Casa Blanca new","AT14-1","AT14-1-7","modern","Engraulidae",1.473121,1.039815,4.99394063543677,"planktivore","pelagic","Not cryptobenthic","Yes","No","No",16,60,0.00646266666666667,3.19177016666667,"AT14-1_5",1.09567684858047
"2975","Caribbean","Bocas","Casa Blanca new","AT14-1","AT14-1-7","modern","Engraulidae",1.186351,0.827258,3.92224474458123,"planktivore","pelagic","Not cryptobenthic","Yes","No","No",16,60,0.00646266666666667,3.19177016666667,"AT14-1_5",0.506801710515971
"2976","Caribbean","Bocas","Casa Blanca new","AT14-1","AT14-1-7","modern","Engraulidae",1.473242,1.002964,4.99439831284747,"planktivore","pelagic","Not cryptobenthic","Yes","No","No",16,60,0.00646266666666667,3.19177016666667,"AT14-1_5",1.09599738236845
"2977","Caribbean","Bocas","Casa Blanca new","AT14-1","AT14-1-7","modern","Engraulidae",1.627115,0.889963,5.57983414372793,"planktivore","pelagic","Not cryptobenthic","Yes","No","No",16,60,0.00646266666666667,3.19177016666667,"AT14-1_5",1.56118840012233
"2978","Caribbean","Bocas","Casa Blanca new","AT14-1","AT14-1-7","modern","Engraulidae",1.163972,0.769668,3.83978306167684,"planktivore","pelagic","Not cryptobenthic","Yes","No","No",16,60,0.00646266666666667,3.19177016666667,"AT14-1_5",0.473570251012439
"2979","Caribbean","Bocas","Casa Blanca new","AT14-1","AT14-1-7","modern","Engraulidae",1.997909,1.301301,7.01614836337029,"planktivore","pelagic","Not cryptobenthic","Yes","No","No",16,60,0.00646266666666667,3.19177016666667,"AT14-1_5",3.24313143263128
"2980","Caribbean","Bocas","Casa Blanca new","AT14-1","AT14-1-7","modern","Engraulidae",1.92063,NA,6.71403702834618,"planktivore","pelagic","Not cryptobenthic","Yes","No","No",16,60,0.00646266666666667,3.19177016666667,"AT14-1_5",2.81808287425477
"2981","Caribbean","Bocas","Casa Blanca new","AT14-1","AT14-1-7","modern","Engraulidae",NA,1.165452,10.8249116376106,"planktivore","pelagic","Not cryptobenthic","Yes","No","No",16,60,0.00646266666666667,3.19177016666667,"AT14-1_5",12.9436442511015
"2982","Caribbean","Bocas","Casa Blanca new","AT14-1","AT14-1-7","modern","Engraulidae",2.027128,1.055984,7.13073167294858,"planktivore","pelagic","Not cryptobenthic","Yes","No","No",16,60,0.00646266666666667,3.19177016666667,"AT14-1_5",3.41522803612632
"2983","Caribbean","Bocas","Casa Blanca new","AT14-1","AT14-1-7","modern","Engraulidae",1.707455,0.987998,5.88809873177751,"planktivore","pelagic","Not cryptobenthic","Yes","No","No",16,60,0.00646266666666667,3.19177016666667,"AT14-1_5",1.85351138253018
"2984","Caribbean","Bocas","Punta Donato","AT14-2","AT14-2-1","modern","Engraulidae",1.967888,1.250415,6.89862187208305,"planktivore","pelagic","Not cryptobenthic","Yes","No","No",16,60,0.00646266666666667,3.19177016666667,"AT14-2_1",3.07289961684889
"2985","Caribbean","Bocas","Punta Donato","AT14-2","AT14-2-1","modern","Engraulidae",NA,1.170917,10.8560570294738,"planktivore","pelagic","Not cryptobenthic","Yes","No","No",16,60,0.00646266666666667,3.19177016666667,"AT14-2_1",13.0628854649305
"2986","Caribbean","Bocas","Punta Donato","AT14-2","AT14-2-1","modern","Engraulidae",2.041452,1.205502,7.18697377248495,"planktivore","pelagic","Not cryptobenthic","Yes","No","No",16,60,0.00646266666666667,3.19177016666667,"AT14-2_1",3.50194980584577
"2987","Caribbean","Bocas","Punta Donato","AT14-2","AT14-2-1","modern","Engraulidae",2.076716,1.354069,7.32562934239097,"planktivore","pelagic","Not cryptobenthic","Yes","No","No",16,60,0.00646266666666667,3.19177016666667,"AT14-2_1",3.72218570532652
"2988","Caribbean","Bocas","Punta Donato","AT14-2","AT14-2-1","modern","Engraulidae",1.547892,1.077284,5.27757610629663,"planktivore","pelagic","Not cryptobenthic","Yes","No","No",16,60,0.00646266666666667,3.19177016666667,"AT14-2_1",1.30694302791649
"2989","Caribbean","Bocas","Punta Donato","AT14-2","AT14-2-4","modern","Engraulidae",1.360227,0.906818,4.56886420495022,"planktivore","pelagic","Not cryptobenthic","Yes","No","No",16,60,0.00646266666666667,3.19177016666667,"AT14-2_3",0.824836831121409
"2990","Caribbean","Bocas","Punta Donato","AT14-2","AT14-2-4","modern","Engraulidae",1.016558,0.769737,3.30133037817843,"planktivore","pelagic","Not cryptobenthic","Yes","No","No",16,60,0.00646266666666667,3.19177016666667,"AT14-2_3",0.292380089463871
"2991","Caribbean","Bocas","Punta Donato","AT14-2","AT14-2-4","modern","Engraulidae",1.145475,0.798839,3.77176393622581,"planktivore","pelagic","Not cryptobenthic","Yes","No","No",16,60,0.00646266666666667,3.19177016666667,"AT14-2_3",0.447310716481682
"2992","Caribbean","Bocas","Punta Donato","AT14-2","AT14-2-4","modern","Engraulidae",1.600759,1.067877,5.47908523708715,"planktivore","pelagic","Not cryptobenthic","Yes","No","No",16,60,0.00646266666666667,3.19177016666667,"AT14-2_3",1.47298421784453
"2993","Caribbean","Bocas","Cayo Adriana","AT14-3","AT14-3-2","modern","Engraulidae",2.097747,1.303508,7.40845188429742,"planktivore","pelagic","Not cryptobenthic","Yes","No","No",16,60,0.00646266666666667,3.19177016666667,"AT14-3_1",3.85817507485663
"2994","Caribbean","Bocas","Cayo Adriana","AT14-3","AT14-3-4","modern","Engraulidae",2.128592,1.376335,7.53009682538117,"planktivore","pelagic","Not cryptobenthic","Yes","No","No",16,60,0.00646266666666667,3.19177016666667,"AT14-3_3",4.06403676159469
"2995","Caribbean","Bocas","Cayo Adriana","AT14-3","AT14-3-4","modern","Engraulidae",2.338548,1.441765,8.36340789261765,"planktivore","pelagic","Not cryptobenthic","Yes","No","No",16,60,0.00646266666666667,3.19177016666667,"AT14-3_3",5.68129298283052
"2996","Caribbean","Bocas","Cayo Adriana","AT14-3","AT14-3-4","modern","Engraulidae",1.987739,1.259246,6.97631170091616,"planktivore","pelagic","Not cryptobenthic","Yes","No","No",16,60,0.00646266666666667,3.19177016666667,"AT14-3_3",3.18472297583155
"2997","Caribbean","Bocas","Cayo Adriana","AT14-3","AT14-3-6","modern","Engraulidae",NA,1.38955,12.0595771796447,"planktivore","pelagic","Not cryptobenthic","Yes","No","No",16,60,0.00646266666666667,3.19177016666667,"AT14-3_5",18.2715433927958
"2998","Caribbean","Bocas","Cayo Adriana","AT14-3","AT14-3-6","modern","Engraulidae",1.929135,1.308235,6.74721826545674,"planktivore","pelagic","Not cryptobenthic","Yes","No","No",16,60,0.00646266666666667,3.19177016666667,"AT14-3_5",2.862776395659
"2999","Caribbean","Bocas","Cayo Adriana","AT14-3","AT14-3-5","modern","Engraulidae",2.073541,1.42191,7.31313422896424,"planktivore","pelagic","Not cryptobenthic","Yes","No","No",16,60,0.00646266666666667,3.19177016666667,"AT14-3_4",3.70195956994233
"3000","Caribbean","Bocas","Cayo Adriana","AT14-3","AT14-3-5","modern","Engraulidae",1.556097,1.039909,5.3087989552936,"planktivore","pelagic","Not cryptobenthic","Yes","No","No",16,60,0.00646266666666667,3.19177016666667,"AT14-3_4",1.3317823355253
"3001","Caribbean","Bocas","Cayo Adriana","AT14-3","AT14-3-5","modern","Engraulidae",2.128832,1.147517,7.53104412922322,"planktivore","pelagic","Not cryptobenthic","Yes","No","No",16,60,0.00646266666666667,3.19177016666667,"AT14-3_4",4.06566882809199
"3002","Caribbean","Bocas","Sweet Bocas SE Face","AT14-5","AT14-5-2","pre_exp","Engraulidae",2.075355,1.112131,7.32027289838699,"planktivore","pelagic","Not cryptobenthic","Yes","No","No",16,60,0.00646266666666667,3.19177016666667,"AT14-5_1",3.71350583500611
"3003","Caribbean","Bocas","Sweet Bocas SE Face","AT14-5","AT14-5-3","pre_exp","Engraulidae",1.979664,1.162661,6.94469810526129,"planktivore","pelagic","Not cryptobenthic","Yes","No","No",16,60,0.00646266666666667,3.19177016666667,"AT14-5_1",3.1388884144109
"3004","Caribbean","Bocas","Sweet Bocas SE Face","AT14-6","AT14-6-1","pre_exp","Engraulidae",NA,0.773825,8.41780637331987,"planktivore","pelagic","Not cryptobenthic","Yes","No","No",16,60,0.00646266666666667,3.19177016666667,"AT14-6_1",5.80008162285155
"3005","Caribbean","Bocas","Sweet Bocas SE Face","AT14-6","AT14-6-1","pre_exp","Engraulidae",1.413937,0.799099,4.77060750943749,"planktivore","pelagic","Not cryptobenthic","Yes","No","No",16,60,0.00646266666666667,3.19177016666667,"AT14-6_1",0.946810374257256
"3006","Caribbean","Bocas","Sweet Bocas SE Face","AT14-6","AT14-6-1","pre_exp","Engraulidae",1.772419,0.914852,6.13860027884226,"planktivore","pelagic","Not cryptobenthic","Yes","No","No",16,60,0.00646266666666667,3.19177016666667,"AT14-6_1",2.11713236903183
"3007","Caribbean","Bocas","Sweet Bocas SE Face","AT14-6","AT14-6-1","pre_exp","Engraulidae",2.03974,1.093872,7.180249324305,"planktivore","pelagic","Not cryptobenthic","Yes","No","No",16,60,0.00646266666666667,3.19177016666667,"AT14-6_1",3.4915024413002
"3008","Caribbean","Bocas","Sweet Bocas SE Face","AT14-6","AT14-6-2","pre_exp","Engraulidae",2.120475,1.10782,7.49806550781411,"planktivore","pelagic","Not cryptobenthic","Yes","No","No",16,60,0.00646266666666667,3.19177016666667,"AT14-6_1",4.00911586009832
"3009","Caribbean","Bocas","Sweet Bocas SE Face","AT14-6","AT14-6-3","pre_exp","Engraulidae",1.285174,0.821308,4.28850185912322,"planktivore","pelagic","Not cryptobenthic","Yes","No","No",16,60,0.00646266666666667,3.19177016666667,"AT14-6_1",0.67388519501279
"3010","Caribbean","Bocas","Sweet Bocas SE Face","AT14-7","AT14-7-3","pre_exp","Engraulidae",1.372269,0.806994,4.6140169806137,"planktivore","pelagic","Not cryptobenthic","Yes","No","No",16,60,0.00646266666666667,3.19177016666667,"AT14-7_1",0.85113783919022
"3011","Caribbean","Bocas","Sweet Bocas SE Face","AT14-7","AT14-7-3","pre_exp","Engraulidae",1.700274,0.912983,5.86047565958649,"planktivore","pelagic","Not cryptobenthic","Yes","No","No",16,60,0.00646266666666667,3.19177016666667,"AT14-7_1",1.82589992043772
"3012","Caribbean","Bocas","Sweet Bocas SE Face","AT14-9","AT14-9-2","pre_exp","Engraulidae",1.736238,0.985359,5.99895247814552,"planktivore","pelagic","Not cryptobenthic","Yes","No","No",16,60,0.00646266666666667,3.19177016666667,"AT14-9_2",1.96720524847251
"3013","Caribbean","Bocas","Sweet Bocas SE Face","AT14-9","AT14-9-3","pre_exp","Engraulidae",2.00141,1.089472,7.02986748414554,"planktivore","pelagic","Not cryptobenthic","Yes","No","No",16,60,0.00646266666666667,3.19177016666667,"AT14-9_2",3.26341545268217
"3014","Caribbean","Bocas","Sunset Point","AT12-2","AT12-2-5","pre_exp","Gobiidae",1.217947,1.110402,3.27180548850748,"omnivore_carnivore","demersal","Cryptobenthic","No","No","Yes",19,37,0.00980621621621622,3.01654054054054,"AT12-2_5",0.350250494952604
"3015","Caribbean","Bocas","Sunset Point","AT12-2","AT12-2-5","pre_exp","Gobiidae",1.121156,1.002857,2.99606338137513,"omnivore_carnivore","demersal","Cryptobenthic","No","No","Yes",19,37,0.00980621621621622,3.01654054054054,"AT12-2_5",0.268557240353378
"3016","Caribbean","Bocas","Sunset Point","AT12-2","AT12-2-5","pre_exp","Gobiidae",1.083515,1.101328,2.88922929753779,"omnivore_carnivore","demersal","Cryptobenthic","No","No","Yes",19,37,0.00980621621621622,3.01654054054054,"AT12-2_5",0.240696113855096
"3017","Caribbean","Bocas","Sunset Point","AT12-2","AT12-2-5","pre_exp","Gobiidae",0.803215,1.035016,2.10163813653976,"omnivore_carnivore","demersal","Cryptobenthic","No","No","Yes",19,37,0.00980621621621622,3.01654054054054,"AT12-2_5",0.0921532315372119
"3018","Caribbean","Bocas","Sunset Point","AT12-2","AT12-2-5","pre_exp","Gobiidae",NA,0.970017,3.30015848486833,"omnivore_carnivore","demersal","Cryptobenthic","No","No","Yes",19,37,0.00980621621621622,3.01654054054054,"AT12-2_5",0.359486595091502
"3019","Caribbean","Bocas","Sunset Point","AT12-2","AT12-2-5","pre_exp","Gobiidae",0.754159,0.74811,1.9654334067058,"omnivore_carnivore","demersal","Cryptobenthic","No","No","Yes",19,37,0.00980621621621622,3.01654054054054,"AT12-2_5",0.0752888086079595
"3020","Caribbean","Bocas","Sunset Point","AT12-2","AT12-2-5","pre_exp","Gobiidae",NA,1.035314,3.52041027739247,"omnivore_carnivore","demersal","Cryptobenthic","No","No","Yes",19,37,0.00980621621621622,3.01654054054054,"AT12-2_5",0.436839854325839
"3021","Caribbean","Bocas","Sunset Point","AT12-2","AT12-2-10","pre_exp","Gobiidae",1.411233,1.296154,3.82651195644253,"omnivore_carnivore","demersal","Cryptobenthic","No","No","Yes",19,37,0.00980621621621622,3.01654054054054,"AT12-2_7",0.561759682478673
"3022","Caribbean","Bocas","Sunset Point","AT12-2","AT12-2-6","pre_exp","Gobiidae",1.270525,1.305518,3.42218117439141,"omnivore_carnivore","demersal","Cryptobenthic","No","No","Yes",19,37,0.00980621621621622,3.01654054054054,"AT12-2_6",0.401095804076251
"3023","Caribbean","Bocas","Sunset Point","AT12-2","AT12-2-6","pre_exp","Gobiidae",1.009421,0.975109,2.6796254671682,"omnivore_carnivore","demersal","Cryptobenthic","No","No","Yes",19,37,0.00980621621621622,3.01654054054054,"AT12-2_6",0.191780449278911
"3024","Caribbean","Bocas","Sunset Point","AT12-2","AT12-2-6","pre_exp","Gobiidae",0.975109,0.987726,2.58288556476892,"omnivore_carnivore","demersal","Cryptobenthic","No","No","Yes",19,37,0.00980621621621622,3.01654054054054,"AT12-2_6",0.171645887376604
"3025","Caribbean","Bocas","Sunset Point","AT12-2","AT12-2-6","pre_exp","Gobiidae",1.128141,1.405114,3.01591366174573,"omnivore_carnivore","demersal","Cryptobenthic","No","No","Yes",19,37,0.00980621621621622,3.01654054054054,"AT12-2_6",0.273960548033928
"3026","Caribbean","Bocas","Sunset Point","AT12-2","AT12-2-6","pre_exp","Gobiidae",0.845685,0.9408,2.21998372755542,"omnivore_carnivore","demersal","Cryptobenthic","No","No","Yes",19,37,0.00980621621621622,3.01654054054054,"AT12-2_6",0.108712541973372
"3027","Caribbean","Bocas","Sunset Point","AT12-2","AT12-2-9","pre_exp","Gobiidae",1.409134,1.286277,3.8204609688347,"omnivore_carnivore","demersal","Cryptobenthic","No","No","Yes",19,37,0.00980621621621622,3.01654054054054,"AT12-2_7",0.559084272779627
"3028","Caribbean","Bocas","Sunset Point","AT12-2","AT12-2-7","pre_exp","Gobiidae",NA,0.810815,2.76262456596965,"omnivore_carnivore","demersal","Cryptobenthic","No","No","Yes",19,37,0.00980621621621622,3.01654054054054,"AT12-2_6",0.21026489713739
"3029","Caribbean","Bocas","Sunset Point","AT12-2","AT12-2-7","pre_exp","Gobiidae",1.313131,1.2,3.54432624607248,"omnivore_carnivore","demersal","Cryptobenthic","No","No","Yes",19,37,0.00980621621621622,3.01654054054054,"AT12-2_6",0.445853439415607
"3030","Caribbean","Bocas","Sunset Point","AT12-2","AT12-2-7","pre_exp","Gobiidae",0.727941,0.827111,1.89286593909923,"omnivore_carnivore","demersal","Cryptobenthic","No","No","Yes",19,37,0.00980621621621622,3.01654054054054,"AT12-2_6",0.0672116792712133
"3031","Caribbean","Bocas","Sunset Point","AT12-2","AT12-2-7","pre_exp","Gobiidae",0.777561,0.836249,2.0303416904784,"omnivore_carnivore","demersal","Cryptobenthic","No","No","Yes",19,37,0.00980621621621622,3.01654054054054,"AT12-2_6",0.0830416981463432
"3032","Caribbean","Bocas","Sunset Point","AT12-2","AT12-2-7","pre_exp","Gobiidae",0.823102,0.772162,2.15700661233921,"omnivore_carnivore","demersal","Cryptobenthic","No","No","Yes",19,37,0.00980621621621622,3.01654054054054,"AT12-2_6",0.099673102794966
"3033","Caribbean","Bocas","Sunset Point","AT12-2","AT12-2-7","pre_exp","Gobiidae",1.591919,1.438475,4.34944653689265,"omnivore_carnivore","demersal","Cryptobenthic","No","No","Yes",19,37,0.00980621621621622,3.01654054054054,"AT12-2_6",0.826729621987302
"3034","Caribbean","Bocas","Sunset Point","AT12-2","AT12-2-7","pre_exp","Gobiidae",1.155556,1.127273,3.09389752455776,"omnivore_carnivore","demersal","Cryptobenthic","No","No","Yes",19,37,0.00980621621621622,3.01654054054054,"AT12-2_6",0.295891488662085
"3035","Caribbean","Bocas","STRI Point","AT12-1","AT12-1-5-1","modern","Gobiidae",1.568156,NA,4.28044826417147,"omnivore_carnivore","demersal","Cryptobenthic","No","No","Yes",19,37,0.00980621621621622,3.01654054054054,"AT12-1_6",0.787797131618513
"3036","Caribbean","Bocas","STRI Point","AT12-1","AT12-1-5-1","modern","Gobiidae",0.994442,1.002527,2.63736739082881,"omnivore_carnivore","demersal","Cryptobenthic","No","No","Yes",19,37,0.00980621621621622,3.01654054054054,"AT12-1_6",0.182801498318134
"3037","Caribbean","Bocas","STRI Point","AT12-1","AT12-1-5-1","modern","Gobiidae",1.059121,1.094155,2.82011807923046,"omnivore_carnivore","demersal","Cryptobenthic","No","No","Yes",19,37,0.00980621621621622,3.01654054054054,"AT12-1_6",0.223743798783297
"3038","Caribbean","Bocas","STRI Point","AT12-1","AT12-1-5-1","modern","Gobiidae",1.31133,1.264665,3.53915791394012,"omnivore_carnivore","demersal","Cryptobenthic","No","No","Yes",19,37,0.00980621621621622,3.01654054054054,"AT12-1_6",0.443895138924818
"3039","Caribbean","Bocas","STRI Point","AT12-1","AT12-1-5-1","modern","Gobiidae",0.905933,0.970909,2.38851087745039,"omnivore_carnivore","demersal","Cryptobenthic","No","No","Yes",19,37,0.00980621621621622,3.01654054054054,"AT12-1_6",0.135561873944906
"3040","Caribbean","Bocas","STRI Point","AT12-1","AT12-1-5-1","modern","Gobiidae",0.66147,0.624404,1.70963763550385,"omnivore_carnivore","demersal","Cryptobenthic","No","No","Yes",19,37,0.00980621621621622,3.01654054054054,"AT12-1_6",0.0494385851012744
"3041","Caribbean","Bocas","STRI Point","AT12-1","AT12-1-5-1","modern","Gobiidae",1.251834,1.137789,3.36867803865812,"omnivore_carnivore","demersal","Cryptobenthic","No","No","Yes",19,37,0.00980621621621622,3.01654054054054,"AT12-1_6",0.382476226429353
"3042","Caribbean","Bocas","STRI Point","AT12-1","AT12-1-5-1","modern","Gobiidae",1.592724,1.48762,4.35178508205292,"omnivore_carnivore","demersal","Cryptobenthic","No","No","Yes",19,37,0.00980621621621622,3.01654054054054,"AT12-1_6",0.828071212086465
"3043","Caribbean","Bocas","STRI Point","AT12-1","AT12-1-5-1","modern","Gobiidae",0.865954,0.911883,2.27659852396708,"omnivore_carnivore","demersal","Cryptobenthic","No","No","Yes",19,37,0.00980621621621622,3.01654054054054,"AT12-1_6",0.117292576301318
"3044","Caribbean","Bocas","STRI Point","AT12-1","AT12-1-5-1","modern","Gobiidae",1.28376,1.242659,3.46009662235506,"omnivore_carnivore","demersal","Cryptobenthic","No","No","Yes",19,37,0.00980621621621622,3.01654054054054,"AT12-1_6",0.414651227130358
"3045","Caribbean","Bocas","Punta Caracol","AT13-10","AT13-10-1-1","modern","Gobiidae",2.478003,2.040992,6.96254023364025,"omnivore_carnivore","demersal","Cryptobenthic","No","No","Yes",19,37,0.00980621621621622,3.01654054054054,"AT13-10_1",3.41778273596374
"3046","Caribbean","Bocas","Punta Caracol","AT13-10","AT13-10-1-2","modern","Gobiidae",1.756196,1.640305,4.82817698817159,"omnivore_carnivore","demersal","Cryptobenthic","No","No","Yes",19,37,0.00980621621621622,3.01654054054054,"AT13-10_2",1.13282064080069
"3047","Caribbean","Bocas","Punta Caracol","AT13-10","AT13-10-1-2","modern","Gobiidae",1.218703,1.233217,3.27396481996263,"omnivore_carnivore","demersal","Cryptobenthic","No","No","Yes",19,37,0.00980621621621622,3.01654054054054,"AT13-10_2",0.350948259217676
"3048","Caribbean","Bocas","Punta Caracol","AT13-10","AT13-10-1-2","modern","Gobiidae",1.406084,1.388395,3.81166945877329,"omnivore_carnivore","demersal","Cryptobenthic","No","No","Yes",19,37,0.00980621621621622,3.01654054054054,"AT13-10_2",0.555212355051465
"3049","Caribbean","Bocas","Punta Caracol","AT13-10","AT13-10-1-2","modern","Gobiidae",1.312385,1.254407,3.54218539444725,"omnivore_carnivore","demersal","Cryptobenthic","No","No","Yes",19,37,0.00980621621621622,3.01654054054054,"AT13-10_2",0.445041563522048
"3050","Caribbean","Bocas","Punta Caracol","AT13-10","AT13-10-2-1","modern","Gobiidae",1.659854,1.529558,4.54705906700817,"omnivore_carnivore","demersal","Cryptobenthic","No","No","Yes",19,37,0.00980621621621622,3.01654054054054,"AT13-10_3",0.94530612464089
"3051","Caribbean","Bocas","Punta Caracol","AT13-10","AT13-10-2-1","modern","Gobiidae",1.330478,1.192905,3.59412982378726,"omnivore_carnivore","demersal","Cryptobenthic","No","No","Yes",19,37,0.00980621621621622,3.01654054054054,"AT13-10_3",0.465021000857007
"3052","Caribbean","Bocas","Punta Caracol","AT13-10","AT13-10-3-1","modern","Gobiidae",0.810466,0.953961,2.12181610966906,"omnivore_carnivore","demersal","Cryptobenthic","No","No","Yes",19,37,0.00980621621621622,3.01654054054054,"AT13-10_4",0.0948480954450102
"3053","Caribbean","Bocas","Punta Caracol","AT13-10","AT13-10-3-1","modern","Gobiidae",1.715874,1.689063,4.71039890219347,"omnivore_carnivore","demersal","Cryptobenthic","No","No","Yes",19,37,0.00980621621621622,3.01654054054054,"AT13-10_4",1.05149512615056
"3054","Caribbean","Bocas","Punta Caracol","AT13-10","AT13-10-4-1","modern","Gobiidae",1.228147,1.058205,3.30094644819922,"omnivore_carnivore","demersal","Cryptobenthic","No","No","Yes",19,37,0.00980621621621622,3.01654054054054,"AT13-10_6",0.359745575925778
"3055","Caribbean","Bocas","Punta Caracol","AT13-10","AT13-10-4-1","modern","Gobiidae",1.149058,1.070135,3.07540282916365,"omnivore_carnivore","demersal","Cryptobenthic","No","No","Yes",19,37,0.00980621621621622,3.01654054054054,"AT13-10_6",0.290587986924825
"3056","Caribbean","Bocas","Punta Caracol","AT13-10","AT13-10-4-2","modern","Gobiidae",0.897574,0.989218,2.36508540871471,"omnivore_carnivore","demersal","Cryptobenthic","No","No","Yes",19,37,0.00980621621621622,3.01654054054054,"AT13-10_7",0.131590815865749
"3057","Caribbean","Bocas","Punta Caracol","AT13-10","AT13-10-4-2","modern","Gobiidae",1.358491,1.204852,3.67464221627184,"omnivore_carnivore","demersal","Cryptobenthic","No","No","Yes",19,37,0.00980621621621622,3.01654054054054,"AT13-10_7",0.497159345673338
"3058","Caribbean","Bocas","Punta Caracol","AT13-10","AT13-10-4-2","modern","Gobiidae",0.714286,0.832884,1.85513600003085,"omnivore_carnivore","demersal","Cryptobenthic","No","No","Yes",19,37,0.00980621621621622,3.01654054054054,"AT13-10_7",0.0632510594787219
"3059","Caribbean","Bocas","Punta Caracol","AT13-10","AT13-10-2-2","modern","Gobiidae",1.355361,1.286581,3.66564100661419,"omnivore_carnivore","demersal","Cryptobenthic","No","No","Yes",19,37,0.00980621621621622,3.01654054054054,"AT13-10_3",0.4934948219783
"3060","Caribbean","Bocas","Punta Caracol","AT13-10","AT13-10-2-2","modern","Gobiidae",0.962913,0.958867,2.54855136986851,"omnivore_carnivore","demersal","Cryptobenthic","No","No","Yes",19,37,0.00980621621621622,3.01654054054054,"AT13-10_3",0.164854935074562
"3061","Caribbean","Bocas","Punta Caracol","AT13-10","AT13-10-3-2","modern","Gobiidae",NA,1.181389,4.01272605776196,"omnivore_carnivore","demersal","Cryptobenthic","No","No","Yes",19,37,0.00980621621621622,3.01654054054054,"AT13-10_5",0.648337611863001
"3062","Caribbean","Bocas","Punta Caracol","AT13-10","AT13-10-3-2","modern","Gobiidae",1.019555,1.197572,2.70823758299016,"omnivore_carnivore","demersal","Cryptobenthic","No","No","Yes",19,37,0.00980621621621622,3.01654054054054,"AT13-10_5",0.198024360524714
"3063","Caribbean","Bocas","Punta Caracol","AT13-10","AT13-10-5-1","modern","Gobiidae",0.914363,0.894134,2.41214916518698,"omnivore_carnivore","demersal","Cryptobenthic","No","No","Yes",19,37,0.00980621621621622,3.01654054054054,"AT13-10_8",0.139649414215701
"3064","Caribbean","Bocas","Punta Caracol","AT13-10","AT13-10-5-2","modern","Gobiidae",1.505057,1.343223,4.09755723636013,"omnivore_carnivore","demersal","Cryptobenthic","No","No","Yes",19,37,0.00980621621621622,3.01654054054054,"AT13-10_9",0.690570537806689
"3065","Caribbean","Bocas","Punta Caracol","AT13-10","AT13-10-5-2","modern","Gobiidae",1.227242,1.024949,3.29836028163482,"omnivore_carnivore","demersal","Cryptobenthic","No","No","Yes",19,37,0.00980621621621622,3.01654054054054,"AT13-10_9",0.358896044340811
"3066","Caribbean","Bocas","Crawl Cay","AT13-11","AT13-11-1-1","modern","Gobiidae",1.427361,1.21284,3.87302461010882,"omnivore_carnivore","demersal","Cryptobenthic","No","No","Yes",19,37,0.00980621621621622,3.01654054054054,"AT13-11_1",0.582611299927445
"3067","Caribbean","Bocas","Crawl Cay","AT13-11","AT13-11-2-1","modern","Gobiidae",1.027683,1.103504,2.73119901073718,"omnivore_carnivore","demersal","Cryptobenthic","No","No","Yes",19,37,0.00980621621621622,3.01654054054054,"AT13-11_1",0.203132317972308
"3068","Caribbean","Bocas","Crawl Cay","AT13-11","AT13-11-2-1","modern","Gobiidae",0.725075,0.761181,1.88494319487189,"omnivore_carnivore","demersal","Cryptobenthic","No","No","Yes",19,37,0.00980621621621622,3.01654054054054,"AT13-11_1",0.0663666424840314
"3069","Caribbean","Bocas","Crawl Cay","AT13-11","AT13-11-2-1","modern","Gobiidae",0.784683,0.854552,2.05012012605501,"omnivore_carnivore","demersal","Cryptobenthic","No","No","Yes",19,37,0.00980621621621622,3.01654054054054,"AT13-11_1",0.0855059606150454
"3070","Caribbean","Bocas","Crawl Cay","AT13-11","AT13-11-2-1","modern","Gobiidae",1.459187,1.22002,3.96490701560458,"omnivore_carnivore","demersal","Cryptobenthic","No","No","Yes",19,37,0.00980621621621622,3.01654054054054,"AT13-11_1",0.625310299947542
"3071","Caribbean","Bocas","Crawl Cay","AT13-11","AT13-11-2-1","modern","Gobiidae",1.060128,1.297951,2.82296905905064,"omnivore_carnivore","demersal","Cryptobenthic","No","No","Yes",19,37,0.00980621621621622,3.01654054054054,"AT13-11_1",0.224426812819195
"3072","Caribbean","Bocas","Casa Blanca","AT13-12","AT13-12-1-1","modern","Gobiidae",1.983871,1.653226,5.49631227747463,"omnivore_carnivore","demersal","Cryptobenthic","No","No","Yes",19,37,0.00980621621621622,3.01654054054054,"AT13-12_1",1.67477644600734
"3073","Caribbean","Bocas","Casa Blanca","AT13-12","AT13-12-1-1","modern","Gobiidae",1.082028,0.884159,2.88501360329811,"omnivore_carnivore","demersal","Cryptobenthic","No","No","Yes",19,37,0.00980621621621622,3.01654054054054,"AT13-12_1",0.239638258564874
"3074","Caribbean","Bocas","Casa Blanca","AT13-12","AT13-12-1-1","modern","Gobiidae",1.169355,1.177419,3.1331941979314,"omnivore_carnivore","demersal","Cryptobenthic","No","No","Yes",19,37,0.00980621621621622,3.01654054054054,"AT13-12_1",0.307374123923116
"3075","Caribbean","Bocas","Casa Blanca","AT13-12","AT13-12-1-1","modern","Gobiidae",1.363356,1.246431,3.68863551689648,"omnivore_carnivore","demersal","Cryptobenthic","No","No","Yes",19,37,0.00980621621621622,3.01654054054054,"AT13-12_1",0.502892271605013
"3076","Caribbean","Bocas","Casa Blanca","AT13-12","AT13-12-1-1","modern","Gobiidae",0.717742,0.766129,1.86468094855019,"omnivore_carnivore","demersal","Cryptobenthic","No","No","Yes",19,37,0.00980621621621622,3.01654054054054,"AT13-12_1",0.0642378520720292
"3077","Caribbean","Bocas","Casa Blanca","AT13-12","AT13-12-1-1","modern","Gobiidae",1.556452,1.258065,4.24648874987724,"omnivore_carnivore","demersal","Cryptobenthic","No","No","Yes",19,37,0.00980621621621622,3.01654054054054,"AT13-12_1",0.7690938766344
"3078","Caribbean","Bocas","Casa Blanca","AT13-12","AT13-12-1-1","modern","Gobiidae",1.008154,1.049686,2.67604952043762,"omnivore_carnivore","demersal","Cryptobenthic","No","No","Yes",19,37,0.00980621621621622,3.01654054054054,"AT13-12_1",0.191009464230021
"3079","Caribbean","Bocas","Casa Blanca","AT13-12","AT13-12-1-1","modern","Gobiidae",0.715054,0.830645,1.85725684782426,"omnivore_carnivore","demersal","Cryptobenthic","No","No","Yes",19,37,0.00980621621621622,3.01654054054054,"AT13-12_1",0.0634694386580177
"3080","Caribbean","Bocas","Casa Blanca","AT13-12","AT13-12-1-1","modern","Gobiidae",0.951613,0.931452,2.51676412226996,"omnivore_carnivore","demersal","Cryptobenthic","No","No","Yes",19,37,0.00980621621621622,3.01654054054054,"AT13-12_1",0.158730052283045
"3081","Caribbean","Bocas","Casa Blanca","AT13-12","AT13-12-1-1","modern","Gobiidae",1.403145,1.207808,3.80319904281554,"omnivore_carnivore","demersal","Cryptobenthic","No","No","Yes",19,37,0.00980621621621622,3.01654054054054,"AT13-12_1",0.551498847159357
"3082","Caribbean","Bocas","Casa Blanca","AT13-12","AT13-12-1-1","modern","Gobiidae",0.837555,0.872246,2.19729922872058,"omnivore_carnivore","demersal","Cryptobenthic","No","No","Yes",19,37,0.00980621621621622,3.01654054054054,"AT13-12_1",0.105395994653797
"3083","Caribbean","Bocas","Casa Blanca","AT13-12","AT13-12-1-1","modern","Gobiidae",0.765683,0.825973,1.9973809418135,"omnivore_carnivore","demersal","Cryptobenthic","No","No","Yes",19,37,0.00980621621621622,3.01654054054054,"AT13-12_1",0.0790412783483827
"3084","Caribbean","Bocas","Casa Blanca","AT13-12","AT13-12-1-1","modern","Gobiidae",1.371489,1.398723,3.7120356810947,"omnivore_carnivore","demersal","Cryptobenthic","No","No","Yes",19,37,0.00980621621621622,3.01654054054054,"AT13-12_1",0.5125775534245
"3085","Caribbean","Bocas","Casa Blanca","AT13-12","AT13-12-1-1","modern","Gobiidae",1.167469,1.007205,3.12782152536557,"omnivore_carnivore","demersal","Cryptobenthic","No","No","Yes",19,37,0.00980621621621622,3.01654054054054,"AT13-12_1",0.305786935642455
"3086","Caribbean","Bocas","Casa Blanca","AT13-12","AT13-12-1-1","modern","Gobiidae",0.883469,0.946679,2.32558854108639,"omnivore_carnivore","demersal","Cryptobenthic","No","No","Yes",19,37,0.00980621621621622,3.01654054054054,"AT13-12_1",0.125072765661189
"3087","Caribbean","Bocas","Casa Blanca","AT13-12","AT13-12-1-1","modern","Gobiidae",0.758065,0.900538,1.97625842306038,"omnivore_carnivore","demersal","Cryptobenthic","No","No","Yes",19,37,0.00980621621621622,3.01654054054054,"AT13-12_1",0.0765466311358289
"3088","Caribbean","Bocas","Casa Blanca","AT13-12","AT13-12-1-2","modern","Gobiidae",0.943967,1.177064,2.49526920755725,"omnivore_carnivore","demersal","Cryptobenthic","No","No","Yes",19,37,0.00980621621621622,3.01654054054054,"AT13-12_2",0.154675747384951
"3089","Caribbean","Bocas","Casa Blanca","AT13-12","AT13-12-1-2","modern","Gobiidae",1.233536,1.109596,3.31634877680429,"omnivore_carnivore","demersal","Cryptobenthic","No","No","Yes",19,37,0.00980621621621622,3.01654054054054,"AT13-12_2",0.364832955597121
"3090","Caribbean","Bocas","Casa Blanca","AT13-12","AT13-12-1-2","modern","Gobiidae",1.146309,1.119463,3.06758057670038,"omnivore_carnivore","demersal","Cryptobenthic","No","No","Yes",19,37,0.00980621621621622,3.01654054054054,"AT13-12_2",0.2883641526732
"3091","Caribbean","Bocas","Casa Blanca","AT13-12","AT13-12-1-2","modern","Gobiidae",1.100671,1.065101,2.93789346842274,"omnivore_carnivore","demersal","Cryptobenthic","No","No","Yes",19,37,0.00980621621621622,3.01654054054054,"AT13-12_2",0.253134398156387
"3092","Caribbean","Bocas","Casa Blanca","AT13-12","AT13-12-1-2","modern","Gobiidae",0.812258,0.831624,2.12680462365796,"omnivore_carnivore","demersal","Cryptobenthic","No","No","Yes",19,37,0.00980621621621622,3.01654054054054,"AT13-12_2",0.0955223599983954
"3093","Caribbean","Bocas","Casa Blanca","AT13-12","AT13-12-1-2","modern","Gobiidae",1.54094,1.436242,4.20150510451405,"omnivore_carnivore","demersal","Cryptobenthic","No","No","Yes",19,37,0.00980621621621622,3.01654054054054,"AT13-12_2",0.744779313083792
"3094","Caribbean","Bocas","Casa Blanca","AT13-12","AT13-12-1-2","modern","Gobiidae",0.794631,0.926174,2.07776560484669,"omnivore_carnivore","demersal","Cryptobenthic","No","No","Yes",19,37,0.00980621621621622,3.01654054054054,"AT13-12_2",0.0890316334821094
"3095","Caribbean","Bocas","Casa Blanca","AT13-12","AT13-12-1-2","modern","Gobiidae",2.008213,1.930905,5.56804411374296,"omnivore_carnivore","demersal","Cryptobenthic","No","No","Yes",19,37,0.00980621621621622,3.01654054054054,"AT13-12_2",1.74158145722782
"3096","Caribbean","Bocas","Casa Blanca","AT13-12","AT13-12-1-2","modern","Gobiidae",1.457718,1.385235,3.96066316653983,"omnivore_carnivore","demersal","Cryptobenthic","No","No","Yes",19,37,0.00980621621621622,3.01654054054054,"AT13-12_2",0.623293499654241
"3097","Caribbean","Bocas","Casa Blanca","AT13-12","AT13-12-1-2","modern","Gobiidae",1.409396,1.283221,3.82121623012289,"omnivore_carnivore","demersal","Cryptobenthic","No","No","Yes",19,37,0.00980621621621622,3.01654054054054,"AT13-12_2",0.559417741007852
"3098","Caribbean","Bocas","Casa Blanca","AT13-12","AT13-12-1-2","modern","Gobiidae",1.025503,0.840268,2.72503942611478,"omnivore_carnivore","demersal","Cryptobenthic","No","No","Yes",19,37,0.00980621621621622,3.01654054054054,"AT13-12_2",0.201753527252658
"3099","Caribbean","Bocas","Casa Blanca","AT13-12","AT13-12-1-2","modern","Gobiidae",0.801342,0.821477,2.09642784805635,"omnivore_carnivore","demersal","Cryptobenthic","No","No","Yes",19,37,0.00980621621621622,3.01654054054054,"AT13-12_2",0.0914657872108734
"3100","Caribbean","Bocas","Casa Blanca","AT13-12","AT13-12-2-1","modern","Gobiidae",0.918156,0.914094,2.4227894965184,"omnivore_carnivore","demersal","Cryptobenthic","No","No","Yes",19,37,0.00980621621621622,3.01654054054054,"AT13-12_3",0.141515920452451
"3101","Caribbean","Bocas","Casa Blanca","AT13-12","AT13-12-2-1","modern","Gobiidae",NA,1.103356,3.74979885100891,"omnivore_carnivore","demersal","Cryptobenthic","No","No","Yes",19,37,0.00980621621621622,3.01654054054054,"AT13-12_3",0.528469322678466
"3102","Caribbean","Bocas","Casa Blanca","AT13-12","AT13-12-2-1","modern","Gobiidae",1.200537,1.099875,3.22210157894487,"omnivore_carnivore","demersal","Cryptobenthic","No","No","Yes",19,37,0.00980621621621622,3.01654054054054,"AT13-12_3",0.334444490075716
"3103","Caribbean","Bocas","Casa Blanca","AT13-12","AT13-12-2-1","modern","Gobiidae",0.854822,0.686456,2.24549443680518,"omnivore_carnivore","demersal","Cryptobenthic","No","No","Yes",19,37,0.00980621621621622,3.01654054054054,"AT13-12_3",0.112524814366291
"3104","Caribbean","Bocas","Casa Blanca","AT13-12","AT13-12-2-1","modern","Gobiidae",1.201497,0.974896,3.22484110727741,"omnivore_carnivore","demersal","Cryptobenthic","No","No","Yes",19,37,0.00980621621621622,3.01654054054054,"AT13-12_3",0.33530299350079
"3105","Caribbean","Bocas","Casa Blanca","AT13-12","AT13-12-2-1","modern","Gobiidae",0.899068,1.01114,2.36927122259104,"omnivore_carnivore","demersal","Cryptobenthic","No","No","Yes",19,37,0.00980621621621622,3.01654054054054,"AT13-12_3",0.132294605053855
"3106","Caribbean","Bocas","Casa Blanca","AT13-12","AT13-12-2-1","modern","Gobiidae",NA,1.310067,4.44598844275808,"omnivore_carnivore","demersal","Cryptobenthic","No","No","Yes",19,37,0.00980621621621622,3.01654054054054,"AT13-12_3",0.883332479505403
"3107","Caribbean","Bocas","Casa Blanca","AT13-12","AT13-12-2-1","modern","Gobiidae",0.853691,0.869799,2.24233572045098,"omnivore_carnivore","demersal","Cryptobenthic","No","No","Yes",19,37,0.00980621621621622,3.01654054054054,"AT13-12_3",0.112048010242034
"3108","Caribbean","Bocas","Casa Blanca","AT13-12","AT13-12-2-1","modern","Gobiidae",0.765006,0.881179,1.99550327587451,"omnivore_carnivore","demersal","Cryptobenthic","No","No","Yes",19,37,0.00980621621621622,3.01654054054054,"AT13-12_3",0.078817350120406
"3109","Caribbean","Bocas","Casa Blanca","AT13-12","AT13-12-2-1","modern","Gobiidae",1.35056,1.25701,3.65183691409272,"omnivore_carnivore","demersal","Cryptobenthic","No","No","Yes",19,37,0.00980621621621622,3.01654054054054,"AT13-12_3",0.48791012418547
"3110","Caribbean","Bocas","Casa Blanca","AT13-12","AT13-12-2-1","modern","Gobiidae",1.023555,0.948962,2.71953605735114,"omnivore_carnivore","demersal","Cryptobenthic","No","No","Yes",19,37,0.00980621621621622,3.01654054054054,"AT13-12_3",0.2005269313878
"3111","Caribbean","Bocas","Casa Blanca","AT13-12","AT13-12-2-1","modern","Gobiidae",0.989332,1.000736,2.62296046563428,"omnivore_carnivore","demersal","Cryptobenthic","No","No","Yes",19,37,0.00980621621621622,3.01654054054054,"AT13-12_3",0.179805818299938
"3112","Caribbean","Bocas","Casa Blanca","AT13-12","AT13-12-2-2","modern","Gobiidae",0.922961,0.980991,2.43627273586622,"omnivore_carnivore","demersal","Cryptobenthic","No","No","Yes",19,37,0.00980621621621622,3.01654054054054,"AT13-12_4",0.143904983983278
"3113","Caribbean","Bocas","Casa Blanca","AT13-12","AT13-12-2-2","modern","Gobiidae",0.974067,1.000453,2.57995105913394,"omnivore_carnivore","demersal","Cryptobenthic","No","No","Yes",19,37,0.00980621621621622,3.01654054054054,"AT13-12_4",0.171058296883967
"3114","Caribbean","Bocas","Casa Blanca","AT13-12","AT13-12-2-2","modern","Gobiidae",1.529254,1.38803,4.167635466152,"omnivore_carnivore","demersal","Cryptobenthic","No","No","Yes",19,37,0.00980621621621622,3.01654054054054,"AT13-12_4",0.726815116634142
"3115","Caribbean","Bocas","Casa Blanca","AT13-12","AT13-12-2-2","modern","Gobiidae",1.529254,1.444519,4.167635466152,"omnivore_carnivore","demersal","Cryptobenthic","No","No","Yes",19,37,0.00980621621621622,3.01654054054054,"AT13-12_4",0.726815116634142
"3116","Caribbean","Bocas","Casa Blanca","AT13-12","AT13-12-2-2","modern","Gobiidae",1.210491,1.011432,3.25051377264423,"omnivore_carnivore","demersal","Cryptobenthic","No","No","Yes",19,37,0.00980621621621622,3.01654054054054,"AT13-12_4",0.343419901449203
"3117","Caribbean","Bocas","Casa Blanca","AT13-12","AT13-12-2-2","modern","Gobiidae",0.882313,0.960323,2.32235326513245,"omnivore_carnivore","demersal","Cryptobenthic","No","No","Yes",19,37,0.00980621621621622,3.01654054054054,"AT13-12_4",0.124548633198706
"3118","Caribbean","Bocas","Casa Blanca","AT13-12","AT13-12-2-2","modern","Gobiidae",1.413729,1.382559,3.83370815457646,"omnivore_carnivore","demersal","Cryptobenthic","No","No","Yes",19,37,0.00980621621621622,3.01654054054054,"AT13-12_4",0.564952565521155
"3119","Caribbean","Bocas","Casa Blanca","AT13-12","AT13-12-2-2","modern","Gobiidae",1.384912,1.230662,3.75067533924921,"omnivore_carnivore","demersal","Cryptobenthic","No","No","Yes",19,37,0.00980621621621622,3.01654054054054,"AT13-12_4",0.528842031282753
"3120","Caribbean","Bocas","Casa Blanca","AT13-12","AT13-12-2-2","modern","Gobiidae",0.796602,0.860188,2.08324561815233,"omnivore_carnivore","demersal","Cryptobenthic","No","No","Yes",19,37,0.00980621621621622,3.01654054054054,"AT13-12_4",0.0897418535996231
"3121","Caribbean","Bocas","Casa Blanca","AT13-12","AT13-12-3-1","modern","Gobiidae",1.170564,1.203276,3.13663858014007,"omnivore_carnivore","demersal","Cryptobenthic","No","No","Yes",19,37,0.00980621621621622,3.01654054054054,"AT13-12_5",0.308394550552134
"3122","Caribbean","Bocas","Casa Blanca","AT13-12","AT13-12-3-1","modern","Gobiidae",0.771505,0.846774,2.01353263873847,"omnivore_carnivore","demersal","Cryptobenthic","No","No","Yes",19,37,0.00980621621621622,3.01654054054054,"AT13-12_5",0.0809851007533985
"3123","Caribbean","Bocas","Casa Blanca","AT13-12","AT13-12-3-1","modern","Gobiidae",0.897849,0.77957,2.36585585678679,"omnivore_carnivore","demersal","Cryptobenthic","No","No","Yes",19,37,0.00980621621621622,3.01654054054054,"AT13-12_5",0.131720168097961
"3124","Caribbean","Bocas","Casa Blanca","AT13-12","AT13-12-3-1","modern","Gobiidae",0.726926,0.785981,1.89005985637683,"omnivore_carnivore","demersal","Cryptobenthic","No","No","Yes",19,37,0.00980621621621622,3.01654054054054,"AT13-12_5",0.066911565985498
"3125","Caribbean","Bocas","Casa Blanca","AT13-12","AT13-12-3-1","modern","Gobiidae",1.133604,1.130804,3.03144407525318,"omnivore_carnivore","demersal","Cryptobenthic","No","No","Yes",19,37,0.00980621621621622,3.01654054054054,"AT13-12_5",0.278238286984224
"3126","Caribbean","Bocas","Casa Blanca","AT13-12","AT13-12-3-1","modern","Gobiidae",0.932935,1.02957,2.46427477732415,"omnivore_carnivore","demersal","Cryptobenthic","No","No","Yes",19,37,0.00980621621621622,3.01654054054054,"AT13-12_5",0.148952436093168
"3127","Caribbean","Bocas","Casa Blanca","AT13-12","AT13-12-3-1","modern","Gobiidae",1.068548,0.818548,2.84681412848953,"omnivore_carnivore","demersal","Cryptobenthic","No","No","Yes",19,37,0.00980621621621622,3.01654054054054,"AT13-12_5",0.23019407847706
"3128","Caribbean","Bocas","Casa Blanca","AT13-12","AT13-12-3-1","modern","Gobiidae",0.953056,1.064524,2.52082200225559,"omnivore_carnivore","demersal","Cryptobenthic","No","No","Yes",19,37,0.00980621621621622,3.01654054054054,"AT13-12_5",0.159503321716249
"3129","Caribbean","Bocas","Casa Blanca","AT13-12","AT13-12-3-1","modern","Gobiidae",0.965054,0.978495,2.55457673577947,"omnivore_carnivore","demersal","Cryptobenthic","No","No","Yes",19,37,0.00980621621621622,3.01654054054054,"AT13-12_5",0.166033452512922
"3130","Caribbean","Bocas","Casa Blanca","AT13-12","AT13-12-3-1","modern","Gobiidae",1.800202,1.759839,4.95691099520029,"omnivore_carnivore","demersal","Cryptobenthic","No","No","Yes",19,37,0.00980621621621622,3.01654054054054,"AT13-12_5",1.22640523368225
"3131","Caribbean","Bocas","Casa Blanca","AT13-12","AT13-12-3-1","modern","Gobiidae",1.518458,1.519595,4.13635986130594,"omnivore_carnivore","demersal","Cryptobenthic","No","No","Yes",19,37,0.00980621621621622,3.01654054054054,"AT13-12_5",0.710486140256063
"3132","Caribbean","Bocas","Casa Blanca","AT13-12","AT13-12-3-1","modern","Gobiidae",0.795929,0.993359,2.08137436540083,"omnivore_carnivore","demersal","Cryptobenthic","No","No","Yes",19,37,0.00980621621621622,3.01654054054054,"AT13-12_5",0.0894989114936504
"3133","Caribbean","Bocas","Casa Blanca","AT13-12","AT13-12-3-1","modern","Gobiidae",1.410527,1.329297,3.82447663930659,"omnivore_carnivore","demersal","Cryptobenthic","No","No","Yes",19,37,0.00980621621621622,3.01654054054054,"AT13-12_5",0.560858825565311
"3134","Caribbean","Bocas","Casa Blanca","AT13-12","AT13-12-3-1","modern","Gobiidae",1.092996,1.337283,2.91611682999142,"omnivore_carnivore","demersal","Cryptobenthic","No","No","Yes",19,37,0.00980621621621622,3.01654054054054,"AT13-12_5",0.24751660953439
"3135","Caribbean","Bocas","Casa Blanca","AT13-12","AT13-12-3-1","modern","Gobiidae",1.15439,1.181298,3.09057835433576,"omnivore_carnivore","demersal","Cryptobenthic","No","No","Yes",19,37,0.00980621621621622,3.01654054054054,"AT13-12_5",0.29493496572902
"3136","Caribbean","Bocas","Casa Blanca","AT13-12","AT13-12-3-1","modern","Gobiidae",0.807265,0.873865,2.11290700176682,"omnivore_carnivore","demersal","Cryptobenthic","No","No","Yes",19,37,0.00980621621621622,3.01654054054054,"AT13-12_5",0.0936518387553587
"3137","Caribbean","Bocas","Casa Blanca","AT13-12","AT13-12-3-1","modern","Gobiidae",1.027918,1.011773,2.73186305202543,"omnivore_carnivore","demersal","Cryptobenthic","No","No","Yes",19,37,0.00980621621621622,3.01654054054054,"AT13-12_5",0.2032813351684
"3138","Caribbean","Bocas","Casa Blanca","AT13-12","AT13-12-3-1","modern","Gobiidae",0.926337,0.990918,2.4457487362057,"omnivore_carnivore","demersal","Cryptobenthic","No","No","Yes",19,37,0.00980621621621622,3.01654054054054,"AT13-12_5",0.145600048563093
"3139","Caribbean","Bocas","Casa Blanca","AT13-12","AT13-12-3-2","modern","Gobiidae",0.972486,0.94002,2.57549898779233,"omnivore_carnivore","demersal","Cryptobenthic","No","No","Yes",19,37,0.00980621621621622,3.01654054054054,"AT13-12_6",0.170169406706331
"3140","Caribbean","Bocas","Casa Blanca","AT13-12","AT13-12-3-2","modern","Gobiidae",NA,0.817794,2.78620582718952,"omnivore_carnivore","demersal","Cryptobenthic","No","No","Yes",19,37,0.00980621621621622,3.01654054054054,"AT13-12_6",0.215725662857204
"3141","Caribbean","Bocas","Casa Blanca","AT13-12","AT13-12-3-2","modern","Gobiidae",NA,1.108178,3.76605062738503,"omnivore_carnivore","demersal","Cryptobenthic","No","No","Yes",19,37,0.00980621621621622,3.01654054054054,"AT13-12_6",0.535408664343823
"3142","Caribbean","Bocas","Casa Blanca","AT13-12","AT13-12-3-2","modern","Gobiidae",0.839498,0.901865,2.20271936750293,"omnivore_carnivore","demersal","Cryptobenthic","No","No","Yes",19,37,0.00980621621621622,3.01654054054054,"AT13-12_6",0.106182196722542
"3143","Caribbean","Bocas","Casa Blanca","AT13-12","AT13-12-3-2","modern","Gobiidae",1.18633,1.154155,3.18157566357946,"omnivore_carnivore","demersal","Cryptobenthic","No","No","Yes",19,37,0.00980621621621622,3.01654054054054,"AT13-12_6",0.321915736585998
"3144","Caribbean","Bocas","Casa Blanca","AT13-12","AT13-12-3-2","modern","Gobiidae",1.455246,1.439033,3.95352232381921,"omnivore_carnivore","demersal","Cryptobenthic","No","No","Yes",19,37,0.00980621621621622,3.01654054054054,"AT13-12_6",0.619909786000438
"3145","Caribbean","Bocas","Casa Blanca","AT13-12","AT13-12-3-2","modern","Gobiidae",0.763569,0.755216,1.99151809103452,"omnivore_carnivore","demersal","Cryptobenthic","No","No","Yes",19,37,0.00980621621621622,3.01654054054054,"AT13-12_6",0.0783434877344622
"3146","Caribbean","Bocas","Casa Blanca","AT13-12","AT13-12-3-2","modern","Gobiidae",0.778269,0.817947,2.0323073592011,"omnivore_carnivore","demersal","Cryptobenthic","No","No","Yes",19,37,0.00980621621621622,3.01654054054054,"AT13-12_6",0.0832844544148518
"3147","Caribbean","Bocas","Casa Blanca","AT13-12","AT13-12-3-2","modern","Gobiidae",0.907535,1.084882,2.39300192683779,"omnivore_carnivore","demersal","Cryptobenthic","No","No","Yes",19,37,0.00980621621621622,3.01654054054054,"AT13-12_6",0.136332228095314
"3148","Caribbean","Bocas","Casa Blanca","AT13-12","AT13-12-3-2","modern","Gobiidae",0.941638,0.957965,2.48872395989474,"omnivore_carnivore","demersal","Cryptobenthic","No","No","Yes",19,37,0.00980621621621622,3.01654054054054,"AT13-12_6",0.153455097918816
"3149","Caribbean","Bocas","Casa Blanca","AT13-12","AT13-12-3-2","modern","Gobiidae",0.756224,0.846725,1.97115586905961,"omnivore_carnivore","demersal","Cryptobenthic","No","No","Yes",19,37,0.00980621621621622,3.01654054054054,"AT13-12_6",0.0759519994447211
"3150","Caribbean","Bocas","Casa Blanca","AT13-12","AT13-12-3-2","modern","Gobiidae",NA,1.043743,3.5488334018179,"omnivore_carnivore","demersal","Cryptobenthic","No","No","Yes",19,37,0.00980621621621622,3.01654054054054,"AT13-12_6",0.447565924844566
"3151","Caribbean","Bocas","Casa Blanca","AT13-12","AT13-12-3-2","modern","Gobiidae",1.620931,1.468045,4.43377406634368,"omnivore_carnivore","demersal","Cryptobenthic","No","No","Yes",19,37,0.00980621621621622,3.01654054054054,"AT13-12_6",0.876032312533038
"3152","Caribbean","Bocas","Casa Blanca","AT13-12","AT13-12-3-2","modern","Gobiidae",1.074979,0.997852,2.86503444740229,"omnivore_carnivore","demersal","Cryptobenthic","No","No","Yes",19,37,0.00980621621621622,3.01654054054054,"AT13-12_6",0.234667087677637
"3153","Caribbean","Bocas","Casa Blanca","AT13-12","AT13-12-3-2","modern","Gobiidae",1.383869,1.230952,3.74767209145794,"omnivore_carnivore","demersal","Cryptobenthic","No","No","Yes",19,37,0.00980621621621622,3.01654054054054,"AT13-12_6",0.527565691950292
"3154","Caribbean","Bocas","Casa Blanca","AT13-12","AT13-12-3-2","modern","Gobiidae",0.801836,0.916868,2.09780197651512,"omnivore_carnivore","demersal","Cryptobenthic","No","No","Yes",19,37,0.00980621621621622,3.01654054054054,"AT13-12_6",0.0916467554012357
"3155","Caribbean","Bocas","Casa Blanca","AT13-12","AT13-12-3-2","modern","Gobiidae",1.719389,1.542483,4.72065909780958,"omnivore_carnivore","demersal","Cryptobenthic","No","No","Yes",19,37,0.00980621621621622,3.01654054054054,"AT13-12_6",1.05841929811094
"3156","Caribbean","Bocas","Casa Blanca","AT13-12","AT13-12-3-2","modern","Gobiidae",0.930657,0.967663,2.45787760843613,"omnivore_carnivore","demersal","Cryptobenthic","No","No","Yes",19,37,0.00980621621621622,3.01654054054054,"AT13-12_6",0.147789065085227
"3157","Caribbean","Bocas","Casa Blanca","AT13-12","AT13-12-3-2","modern","Gobiidae",1.032572,1.026746,2.74501587027434,"omnivore_carnivore","demersal","Cryptobenthic","No","No","Yes",19,37,0.00980621621621622,3.01654054054054,"AT13-12_6",0.206248031762319
"3158","Caribbean","Bocas","Casa Blanca","AT13-12","AT13-12-3-2","modern","Gobiidae",1.4008,1.29301,3.79644138347328,"omnivore_carnivore","demersal","Cryptobenthic","No","No","Yes",19,37,0.00980621621621622,3.01654054054054,"AT13-12_6",0.548548162934409
"3159","Caribbean","Bocas","Casa Blanca","AT13-12","AT13-12-3-2","modern","Gobiidae",1.327854,1.173846,3.58659361882955,"omnivore_carnivore","demersal","Cryptobenthic","No","No","Yes",19,37,0.00980621621621622,3.01654054054054,"AT13-12_6",0.462085905659904
"3160","Caribbean","Bocas","Casa Blanca","AT13-12","AT13-12-3-2","modern","Gobiidae",0.885129,1.049194,2.33023482072413,"omnivore_carnivore","demersal","Cryptobenthic","No","No","Yes",19,37,0.00980621621621622,3.01654054054054,"AT13-12_6",0.125828064725231
"3161","Caribbean","Bocas","Casa Blanca","AT13-12","AT13-12-4-1","modern","Gobiidae",0.78224,0.996517,2.04333441060077,"omnivore_carnivore","demersal","Cryptobenthic","No","No","Yes",19,37,0.00980621621621622,3.01654054054054,"AT13-12_7",0.0846550739163866
"3162","Caribbean","Bocas","Casa Blanca","AT13-12","AT13-12-4-1","modern","Gobiidae",1.987969,1.685706,5.5083845262842,"omnivore_carnivore","demersal","Cryptobenthic","No","No","Yes",19,37,0.00980621621621622,3.01654054054054,"AT13-12_7",1.68589745584161
"3163","Caribbean","Bocas","Casa Blanca","AT13-12","AT13-12-4-1","modern","Gobiidae",1.694129,1.387308,4.64695544132973,"omnivore_carnivore","demersal","Cryptobenthic","No","No","Yes",19,37,0.00980621621621622,3.01654054054054,"AT13-12_7",1.00935123073518
"3164","Caribbean","Bocas","Casa Blanca","AT13-12","AT13-12-4-1","modern","Gobiidae",0.772867,0.836363,2.01731228513348,"omnivore_carnivore","demersal","Cryptobenthic","No","No","Yes",19,37,0.00980621621621622,3.01654054054054,"AT13-12_7",0.0814445404341703
"3165","Caribbean","Bocas","Casa Blanca","AT13-12","AT13-12-4-1","modern","Gobiidae",0.685911,0.817453,1.77688017904036,"omnivore_carnivore","demersal","Cryptobenthic","No","No","Yes",19,37,0.00980621621621622,3.01654054054054,"AT13-12_7",0.0555399358714794
"3166","Caribbean","Bocas","Casa Blanca","AT13-12","AT13-12-4-1","modern","Gobiidae",1.684432,1.495315,4.61867992214644,"omnivore_carnivore","demersal","Cryptobenthic","No","No","Yes",19,37,0.00980621621621622,3.01654054054054,"AT13-12_7",0.990938149912022
"3167","Caribbean","Bocas","Casa Blanca","AT13-12","AT13-12-4-1","modern","Gobiidae",1.078544,1.352941,2.87513778345916,"omnivore_carnivore","demersal","Cryptobenthic","No","No","Yes",19,37,0.00980621621621622,3.01654054054054,"AT13-12_7",0.237172271361517
"3168","Caribbean","Bocas","Casa Blanca","AT13-12","AT13-12-4-1","modern","Gobiidae",1.209689,1.215482,3.24822403554075,"omnivore_carnivore","demersal","Cryptobenthic","No","No","Yes",19,37,0.00980621621621622,3.01654054054054,"AT13-12_7",0.342690679480862
"3169","Caribbean","Bocas","Casa Blanca","AT13-12","AT13-12-4-1","modern","Gobiidae",2.120983,1.786309,5.90106666852456,"omnivore_carnivore","demersal","Cryptobenthic","No","No","Yes",19,37,0.00980621621621622,3.01654054054054,"AT13-12_7",2.07512678361836
"3170","Caribbean","Bocas","Casa Blanca","AT13-12","AT13-12-4-1","modern","Gobiidae",0.948868,1.000697,2.50904594486813,"omnivore_carnivore","demersal","Cryptobenthic","No","No","Yes",19,37,0.00980621621621622,3.01654054054054,"AT13-12_7",0.157266200794284
"3171","Caribbean","Bocas","Casa Blanca","AT13-12","AT13-12-4-1","modern","Gobiidae",1.291614,1.178834,3.48260836073073,"omnivore_carnivore","demersal","Cryptobenthic","No","No","Yes",19,37,0.00980621621621622,3.01654054054054,"AT13-12_7",0.422842639617481
"3172","Caribbean","Bocas","Casa Blanca","AT13-12","AT13-12-4-1","modern","Gobiidae",0.829972,0.900616,2.17615352526438,"omnivore_carnivore","demersal","Cryptobenthic","No","No","Yes",19,37,0.00980621621621622,3.01654054054054,"AT13-12_7",0.102365974563367
"3173","Caribbean","Bocas","Casa Blanca","AT13-12","AT13-12-4-1","modern","Gobiidae",0.760276,0.843593,1.98238751237767,"omnivore_carnivore","demersal","Cryptobenthic","No","No","Yes",19,37,0.00980621621621622,3.01654054054054,"AT13-12_7",0.0772649955513634
"3174","Caribbean","Bocas","Casa Blanca","AT13-12","AT13-12-4-1","modern","Gobiidae",0.779588,0.836039,2.03596969042815,"omnivore_carnivore","demersal","Cryptobenthic","No","No","Yes",19,37,0.00980621621621622,3.01654054054054,"AT13-12_7",0.0837380096686681
"3175","Caribbean","Bocas","Casa Blanca","AT13-12","AT13-12-4-1","modern","Gobiidae",0.914073,1.17837,2.41133575601253,"omnivore_carnivore","demersal","Cryptobenthic","No","No","Yes",19,37,0.00980621621621622,3.01654054054054,"AT13-12_7",0.139507408599358
"3176","Caribbean","Bocas","Casa Blanca","AT13-12","AT13-12-4-1","modern","Gobiidae",1.213542,1.159288,3.25922535691888,"omnivore_carnivore","demersal","Cryptobenthic","No","No","Yes",19,37,0.00980621621621622,3.01654054054054,"AT13-12_7",0.346203796125502
"3177","Caribbean","Bocas","Casa Blanca","AT13-12","AT13-12-4-1","modern","Gobiidae",1.083853,1.090368,2.89018758978108,"omnivore_carnivore","demersal","Cryptobenthic","No","No","Yes",19,37,0.00980621621621622,3.01654054054054,"AT13-12_7",0.240937015317615
"3178","Caribbean","Bocas","Casa Blanca","AT13-12","AT13-12-4-1","modern","Gobiidae",1.099623,1.014877,2.93491936113569,"omnivore_carnivore","demersal","Cryptobenthic","No","No","Yes",19,37,0.00980621621621622,3.01654054054054,"AT13-12_7",0.252362184352417
"3179","Caribbean","Bocas","Casa Blanca","AT13-12","AT13-12-4-1","modern","Gobiidae",1.669749,1.33067,4.57588531457384,"omnivore_carnivore","demersal","Cryptobenthic","No","No","Yes",19,37,0.00980621621621622,3.01654054054054,"AT13-12_7",0.963499456487249
"3180","Caribbean","Bocas","Casa Blanca","AT13-12","AT13-12-4-1","modern","Gobiidae",1.432798,1.206992,3.88871226081807,"omnivore_carnivore","demersal","Cryptobenthic","No","No","Yes",19,37,0.00980621621621622,3.01654054054054,"AT13-12_7",0.589759030784266
"3181","Caribbean","Bocas","Casa Blanca","AT13-12","AT13-12-4-1","modern","Gobiidae",0.863912,0.996152,2.27089103780969,"omnivore_carnivore","demersal","Cryptobenthic","No","No","Yes",19,37,0.00980621621621622,3.01654054054054,"AT13-12_7",0.116407786999448
"3182","Caribbean","Bocas","Casa Blanca","AT13-12","AT13-12-4-1","modern","Gobiidae",0.863188,1.038308,2.26886762845993,"omnivore_carnivore","demersal","Cryptobenthic","No","No","Yes",19,37,0.00980621621621622,3.01654054054054,"AT13-12_7",0.116095187388867
"3183","Caribbean","Bocas","Casa Blanca","AT13-12","AT13-12-4-1","modern","Gobiidae",0.885228,0.996,2.33051193554609,"omnivore_carnivore","demersal","Cryptobenthic","No","No","Yes",19,37,0.00980621621621622,3.01654054054054,"AT13-12_7",0.125873208599137
"3184","Caribbean","Bocas","Casa Blanca","AT13-12","AT13-12-4-1","modern","Gobiidae",1.09255,1.087054,2.9148516698273,"omnivore_carnivore","demersal","Cryptobenthic","No","No","Yes",19,37,0.00980621621621622,3.01654054054054,"AT13-12_7",0.247192819026984
"3185","Caribbean","Bocas","Casa Blanca","AT13-12","AT13-12-4-1","modern","Gobiidae",1.418069,1.301666,3.84622268709202,"omnivore_carnivore","demersal","Cryptobenthic","No","No","Yes",19,37,0.00980621621621622,3.01654054054054,"AT13-12_7",0.570533994112835
"3186","Caribbean","Bocas","Casa Blanca","AT13-12","AT13-12-4-1","modern","Gobiidae",1.426485,1.202184,3.87049739613198,"omnivore_carnivore","demersal","Cryptobenthic","No","No","Yes",19,37,0.00980621621621622,3.01654054054054,"AT13-12_7",0.581465274986684
"3187","Caribbean","Bocas","Casa Blanca","AT13-12","AT13-12-4-1","modern","Gobiidae",0.981483,0.968614,2.60084048725702,"omnivore_carnivore","demersal","Cryptobenthic","No","No","Yes",19,37,0.00980621621621622,3.01654054054054,"AT13-12_7",0.175270498386525
"3188","Caribbean","Bocas","Casa Blanca","AT13-12","AT13-12-4-1","modern","Gobiidae",1.484439,1.361039,4.03790049043888,"omnivore_carnivore","demersal","Cryptobenthic","No","No","Yes",19,37,0.00980621621621622,3.01654054054054,"AT13-12_7",0.660684993131928
"3189","Caribbean","Bocas","Casa Blanca","AT13-12","AT13-12-4-1","modern","Gobiidae",0.878723,1.003058,2.31230770831776,"omnivore_carnivore","demersal","Cryptobenthic","No","No","Yes",19,37,0.00980621621621622,3.01654054054054,"AT13-12_7",0.122930559154832
"3190","Caribbean","Bocas","Casa Blanca","AT13-12","AT13-12-4-1","modern","Gobiidae",1.210675,1.167427,3.25103911239446,"omnivore_carnivore","demersal","Cryptobenthic","No","No","Yes",19,37,0.00980621621621622,3.01654054054054,"AT13-12_7",0.343587354724499
"3191","Caribbean","Bocas","Casa Blanca","AT13-12","AT13-12-4-1","modern","Gobiidae",0.881406,1.113367,2.31981504853959,"omnivore_carnivore","demersal","Cryptobenthic","No","No","Yes",19,37,0.00980621621621622,3.01654054054054,"AT13-12_7",0.124138457568869
"3192","Caribbean","Bocas","Casa Blanca","AT13-12","AT13-12-4-1","modern","Gobiidae",1.455576,1.401617,3.95447554732258,"omnivore_carnivore","demersal","Cryptobenthic","No","No","Yes",19,37,0.00980621621621622,3.01654054054054,"AT13-12_7",0.620360762362256
"3193","Caribbean","Bocas","Casa Blanca","AT13-12","AT13-12-4-1","modern","Gobiidae",0.95701,1.010872,2.53194308892331,"omnivore_carnivore","demersal","Cryptobenthic","No","No","Yes",19,37,0.00980621621621622,3.01654054054054,"AT13-12_7",0.161635455012883
"3194","Caribbean","Bocas","Casa Blanca","AT13-12","AT13-12-4-2","modern","Gobiidae",0.806093,0.840371,2.1096456185459,"omnivore_carnivore","demersal","Cryptobenthic","No","No","Yes",19,37,0.00980621621621622,3.01654054054054,"AT13-12_8",0.0932164563720035
"3195","Caribbean","Bocas","Casa Blanca","AT13-12","AT13-12-4-2","modern","Gobiidae",0.747312,0.814516,1.94646632093463,"omnivore_carnivore","demersal","Cryptobenthic","No","No","Yes",19,37,0.00980621621621622,3.01654054054054,"AT13-12_8",0.0731183606428065
"3196","Caribbean","Bocas","Casa Blanca","AT13-12","AT13-12-4-2","modern","Gobiidae",0.997312,0.959677,2.64546100636329,"omnivore_carnivore","demersal","Cryptobenthic","No","No","Yes",19,37,0.00980621621621622,3.01654054054054,"AT13-12_8",0.184498975596704
"3197","Caribbean","Bocas","Casa Blanca","AT13-12","AT13-12-4-2","modern","Gobiidae",1.094086,1.069892,2.91920895071646,"omnivore_carnivore","demersal","Cryptobenthic","No","No","Yes",19,37,0.00980621621621622,3.01654054054054,"AT13-12_8",0.248309164278252
"3198","Caribbean","Bocas","Casa Blanca","AT13-12","AT13-12-4-2","modern","Gobiidae",1.120671,1.072308,2.99468537681069,"omnivore_carnivore","demersal","Cryptobenthic","No","No","Yes",19,37,0.00980621621621622,3.01654054054054,"AT13-12_8",0.268184810680619
"3199","Caribbean","Bocas","Casa Blanca","AT13-12","AT13-12-4-2","modern","Gobiidae",0.988052,1.088962,2.61935242191239,"omnivore_carnivore","demersal","Cryptobenthic","No","No","Yes",19,37,0.00980621621621622,3.01654054054054,"AT13-12_8",0.179060759621606
"3200","Caribbean","Bocas","Casa Blanca","AT13-12","AT13-12-4-2","modern","Gobiidae",1.711083,1.568849,4.69641623581719,"omnivore_carnivore","demersal","Cryptobenthic","No","No","Yes",19,37,0.00980621621621622,3.01654054054054,"AT13-12_8",1.04210766289583
"3201","Caribbean","Bocas","Casa Blanca","AT13-12","AT13-12-4-2","modern","Gobiidae",1.502372,1.38872,4.08978543366139,"omnivore_carnivore","demersal","Cryptobenthic","No","No","Yes",19,37,0.00980621621621622,3.01654054054054,"AT13-12_8",0.686627025915389
"3202","Caribbean","Bocas","Casa Blanca","AT13-12","AT13-12-4-2","modern","Gobiidae",1.828202,1.735605,5.0389254340321,"omnivore_carnivore","demersal","Cryptobenthic","No","No","Yes",19,37,0.00980621621621622,3.01654054054054,"AT13-12_8",1.28864207997468
"3203","Caribbean","Bocas","Casa Blanca","AT13-12","AT13-12-4-2","modern","Gobiidae",1.626138,1.488909,4.44891911176666,"omnivore_carnivore","demersal","Cryptobenthic","No","No","Yes",19,37,0.00980621621621622,3.01654054054054,"AT13-12_8",0.885090081022495
"3204","Caribbean","Bocas","Casa Blanca","AT13-12","AT13-12-4-2","modern","Gobiidae",1.124492,1.105585,3.00554280035818,"omnivore_carnivore","demersal","Cryptobenthic","No","No","Yes",19,37,0.00980621621621622,3.01654054054054,"AT13-12_8",0.271128592063169
"3205","Caribbean","Bocas","Casa Blanca","AT13-12","AT13-12-4-2","modern","Gobiidae",1.5281,1.350895,4.16429170343134,"omnivore_carnivore","demersal","Cryptobenthic","No","No","Yes",19,37,0.00980621621621622,3.01654054054054,"AT13-12_8",0.725057486563369
"3206","Caribbean","Bocas","Casa Blanca","AT13-12","AT13-12-4-2","modern","Gobiidae",1.137611,1.169181,3.04283832993532,"omnivore_carnivore","demersal","Cryptobenthic","No","No","Yes",19,37,0.00980621621621622,3.01654054054054,"AT13-12_8",0.281404989553689
"3207","Caribbean","Bocas","Casa Blanca","AT13-12","AT13-12-4-2","modern","Gobiidae",1.246864,1.188437,3.35445984352319,"omnivore_carnivore","demersal","Cryptobenthic","No","No","Yes",19,37,0.00980621621621622,3.01654054054054,"AT13-12_8",0.377627260868628
"3208","Caribbean","Bocas","Casa Blanca","AT13-12","AT13-12-4-2","modern","Gobiidae",1.037823,1.017613,2.75986039014107,"omnivore_carnivore","demersal","Cryptobenthic","No","No","Yes",19,37,0.00980621621621622,3.01654054054054,"AT13-12_8",0.209630908415169
"3209","Caribbean","Bocas","Casa Blanca","AT13-12","AT13-12-4-2","modern","Gobiidae",1.373811,1.262988,3.71871812268961,"omnivore_carnivore","demersal","Cryptobenthic","No","No","Yes",19,37,0.00980621621621622,3.01654054054054,"AT13-12_8",0.515366112388458
"3210","Caribbean","Bocas","Casa Blanca","AT13-12","AT13-12-4-2","modern","Gobiidae",1.448695,1.307834,3.93460222582175,"omnivore_carnivore","demersal","Cryptobenthic","No","No","Yes",19,37,0.00980621621621622,3.01654054054054,"AT13-12_8",0.611003848860803
"3211","Caribbean","Bocas","Sweet Bocas Trench","AT13-2","AT13-2-10","pre_exp","Gobiidae",1.177524,1.208877,3.1564716504242,"omnivore_carnivore","demersal","Cryptobenthic","No","No","Yes",19,37,0.00980621621621622,3.01654054054054,"AT13-2_1",0.314314352918548
"3212","Caribbean","Bocas","Sweet Bocas Trench","AT13-3","AT13-3-10","pre_exp","Gobiidae",1.528223,1.361385,4.16464809341693,"omnivore_carnivore","demersal","Cryptobenthic","No","No","Yes",19,37,0.00980621621621622,3.01654054054054,"AT13-3_1",0.725244685522974
"3213","Caribbean","Bocas","Sweet Bocas Trench","AT13-3","AT13-3-11","pre_exp","Gobiidae",1.420676,1.272918,3.85374122216369,"omnivore_carnivore","demersal","Cryptobenthic","No","No","Yes",19,37,0.00980621621621622,3.01654054054054,"AT13-3_1",0.573904888869672
"3214","Caribbean","Bocas","Sweet Bocas Trench","AT13-3","AT13-3-12","pre_exp","Gobiidae",1.150221,1.178771,3.07871249063743,"omnivore_carnivore","demersal","Cryptobenthic","No","No","Yes",19,37,0.00980621621621622,3.01654054054054,"AT13-3_1",0.291532351189275
"3215","Caribbean","Bocas","Sweet Bocas Trench","AT13-3","AT13-3-12","pre_exp","Gobiidae",1.148029,1.107913,3.07247468105207,"omnivore_carnivore","demersal","Cryptobenthic","No","No","Yes",19,37,0.00980621621621622,3.01654054054054,"AT13-3_1",0.289754188887753
"3216","Caribbean","Bocas","Sweet Bocas Trench","AT13-3","AT13-3-12","pre_exp","Gobiidae",NA,0.117687,0.407444673558688,"omnivore_carnivore","demersal","Cryptobenthic","No","No","Yes",19,37,0.00980621621621622,3.01654054054054,"AT13-3_1",0.000653518255186199
"3217","Caribbean","Bocas","Sweet Bocas Trench","AT13-3","AT13-3-13","pre_exp","Gobiidae",1.022192,1.237391,2.71568578804741,"omnivore_carnivore","demersal","Cryptobenthic","No","No","Yes",19,37,0.00980621621621622,3.01654054054054,"AT13-3_2",0.199671750348054
"3218","Caribbean","Bocas","Sweet Bocas Trench","AT13-3","AT13-3-13","pre_exp","Gobiidae",1.196896,1.080103,3.21171260689829,"omnivore_carnivore","demersal","Cryptobenthic","No","No","Yes",19,37,0.00980621621621622,3.01654054054054,"AT13-3_2",0.33120218452626
"3219","Caribbean","Bocas","Sweet Bocas Trench","AT13-3","AT13-3-13","pre_exp","Gobiidae",0.943118,0.980743,2.49288312295068,"omnivore_carnivore","demersal","Cryptobenthic","No","No","Yes",19,37,0.00980621621621622,3.01654054054054,"AT13-3_2",0.154230007979712
"3220","Caribbean","Bocas","Sweet Bocas Trench","AT13-3","AT13-3-14","pre_exp","Gobiidae",1.38953,1.342821,3.76397427441775,"omnivore_carnivore","demersal","Cryptobenthic","No","No","Yes",19,37,0.00980621621621622,3.01654054054054,"AT13-3_2",0.534518709140748
"3221","Caribbean","Bocas","Sweet Bocas Trench","AT13-4","AT13-4-5","pre_exp","Gobiidae",0.925236,1.020943,2.44265812961861,"omnivore_carnivore","demersal","Cryptobenthic","No","No","Yes",19,37,0.00980621621621622,3.01654054054054,"AT13-4_1",0.145045743153083
"3222","Caribbean","Bocas","Sweet Bocas Trench","AT13-4","AT13-4-6","pre_exp","Gobiidae",1.369782,1.323599,3.70712359303254,"omnivore_carnivore","demersal","Cryptobenthic","No","No","Yes",19,37,0.00980621621621622,3.01654054054054,"AT13-4_1",0.510534201475832
"3223","Caribbean","Bocas","Sweet Bocas Trench","AT13-5","AT13-5-1","pre_exp","Gobiidae",1.427749,1.290736,3.87414400106969,"omnivore_carnivore","demersal","Cryptobenthic","No","No","Yes",19,37,0.00980621621621622,3.01654054054054,"AT13-5_1",0.583119396379042
"3224","Caribbean","Bocas","Sweet Bocas Trench","AT13-6","AT13-6-3","pre_exp","Gobiidae",1.253216,0.135138,3.37263230453275,"omnivore_carnivore","demersal","Cryptobenthic","No","No","Yes",19,37,0.00980621621621622,3.01654054054054,"AT13-6_1",0.383832145844588
"3225","Caribbean","Bocas","Sweet Bocas Trench","AT13-6","AT13-6-3","pre_exp","Gobiidae",1.148462,1.078901,3.07370681645463,"omnivore_carnivore","demersal","Cryptobenthic","No","No","Yes",19,37,0.00980621621621622,3.01654054054054,"AT13-6_1",0.290104847576203
"3226","Caribbean","Bocas","Sweet Bocas Trench","AT13-6","AT13-6-6","pre_exp","Gobiidae",1.215219,1.19509,3.26401432029889,"omnivore_carnivore","demersal","Cryptobenthic","No","No","Yes",19,37,0.00980621621621622,3.01654054054054,"AT13-6_1",0.347740574965929
"3227","Caribbean","Bocas","Sweet Bocas Trench","AT13-6","AT13-6-6","pre_exp","Gobiidae",1.623606,1.419119,4.44155416982205,"omnivore_carnivore","demersal","Cryptobenthic","No","No","Yes",19,37,0.00980621621621622,3.01654054054054,"AT13-6_1",0.880677564310712
"3228","Caribbean","Bocas","Sweet Bocas Trench","AT13-8","AT13-8-1","pre_exp","Gobiidae",1.577446,1.460912,4.30741490187114,"omnivore_carnivore","demersal","Cryptobenthic","No","No","Yes",19,37,0.00980621621621622,3.01654054054054,"AT13-8_1",0.802863788602055
"3229","Caribbean","Bocas","Sweet Bocas Trench","AT13-8","AT13-8-1","pre_exp","Gobiidae",1.256242,1.141774,3.38129144980428,"omnivore_carnivore","demersal","Cryptobenthic","No","No","Yes",19,37,0.00980621621621622,3.01654054054054,"AT13-8_1",0.386812585442573
"3230","Caribbean","Bocas","Sweet Bocas Trench","AT13-8","AT13-8-1","pre_exp","Gobiidae",0.804608,0.865565,2.10551366521938,"omnivore_carnivore","demersal","Cryptobenthic","No","No","Yes",19,37,0.00980621621621622,3.01654054054054,"AT13-8_1",0.092666801941606
"3231","Caribbean","Bocas","Sweet Bocas Trench","AT13-8","AT13-8-2","pre_exp","Gobiidae",1.177947,1.153894,3.15767726178696,"omnivore_carnivore","demersal","Cryptobenthic","No","No","Yes",19,37,0.00980621621621622,3.01654054054054,"AT13-8_1",0.314676634336276
"3232","Caribbean","Bocas","Sweet Bocas Trench","AT13-8","AT13-8-2","pre_exp","Gobiidae",1.301887,1.350404,3.51206668391162,"omnivore_carnivore","demersal","Cryptobenthic","No","No","Yes",19,37,0.00980621621621622,3.01654054054054,"AT13-8_1",0.43372417285524
"3233","Caribbean","Bocas","Sweet Bocas Trench","AT13-8","AT13-8-2","pre_exp","Gobiidae",1.558178,1.342708,4.25149577956803,"omnivore_carnivore","demersal","Cryptobenthic","No","No","Yes",19,37,0.00980621621621622,3.01654054054054,"AT13-8_1",0.771832642580991
"3234","Caribbean","Bocas","Sweet Bocas Trench","AT13-9","AT13-9-1","pre_exp","Gobiidae",1.617549,1.507982,4.42393885104714,"omnivore_carnivore","demersal","Cryptobenthic","No","No","Yes",19,37,0.00980621621621622,3.01654054054054,"AT13-9_1",0.870183497227498
"3235","Caribbean","Bocas","Sweet Bocas Trench","AT13-9","AT13-9-1","pre_exp","Gobiidae",1.319209,1.15942,3.561771596683,"omnivore_carnivore","demersal","Cryptobenthic","No","No","Yes",19,37,0.00980621621621622,3.01654054054054,"AT13-9_1",0.452506183895641
"3236","Caribbean","Bocas","Sweet Bocas Trench","AT13-9","AT13-9-1","pre_exp","Gobiidae",1.578678,1.478081,4.31099185741077,"omnivore_carnivore","demersal","Cryptobenthic","No","No","Yes",19,37,0.00980621621621622,3.01654054054054,"AT13-9_1",0.804876638784994
"3237","Caribbean","Bocas","Sweet Bocas Trench","AT13-9","AT13-9-1","pre_exp","Gobiidae",0.852424,0.671982,2.23879749041427,"omnivore_carnivore","demersal","Cryptobenthic","No","No","Yes",19,37,0.00980621621621622,3.01654054054054,"AT13-9_1",0.111515524952532
"3238","Caribbean","Bocas","Sweet Bocas Trench","AT13-9","AT13-9-1","pre_exp","Gobiidae",1.646823,1.261881,4.50911356725811,"omnivore_carnivore","demersal","Cryptobenthic","No","No","Yes",19,37,0.00980621621621622,3.01654054054054,"AT13-9_1",0.921709380110599
"3239","Caribbean","Bocas","Sweet Bocas Trench","AT13-9","AT13-9-2","pre_exp","Gobiidae",1.170255,1.224206,3.13575823275601,"omnivore_carnivore","demersal","Cryptobenthic","No","No","Yes",19,37,0.00980621621621622,3.01654054054054,"AT13-9_1",0.308133525281687
"3240","Caribbean","Bocas","Sweet Bocas Trench","AT13-9","AT13-9-2","pre_exp","Gobiidae",1.95443,1.650469,5.40962893370511,"omnivore_carnivore","demersal","Cryptobenthic","No","No","Yes",19,37,0.00980621621621622,3.01654054054054,"AT13-9_1",1.59636015729512
"3241","Caribbean","Bocas","Casa Blanca new","AT14-1","AT14-1-1","modern","Gobiidae",0.634698,0.785966,1.63616233963471,"omnivore_carnivore","demersal","Cryptobenthic","No","No","Yes",19,37,0.00980621621621622,3.01654054054054,"AT14-1_1",0.0433029461611885
"3242","Caribbean","Bocas","Casa Blanca new","AT14-1","AT14-1-1","modern","Gobiidae",0.716692,0.759109,1.86178069957754,"omnivore_carnivore","demersal","Cryptobenthic","No","No","Yes",19,37,0.00980621621621622,3.01654054054054,"AT14-1_1",0.0639369330236307
"3243","Caribbean","Bocas","Casa Blanca new","AT14-1","AT14-1-1","modern","Gobiidae",0.804513,0.860633,2.10524934790717,"omnivore_carnivore","demersal","Cryptobenthic","No","No","Yes",19,37,0.00980621621621622,3.01654054054054,"AT14-1_1",0.0926317149676101
"3244","Caribbean","Bocas","Casa Blanca new","AT14-1","AT14-1-5","modern","Gobiidae",0.993712,1.022969,2.63530897146466,"omnivore_carnivore","demersal","Cryptobenthic","No","No","Yes",19,37,0.00980621621621622,3.01654054054054,"AT14-1_4",0.182371456848478
"3245","Caribbean","Bocas","Casa Blanca new","AT14-1","AT14-1-5","modern","Gobiidae",1.254461,1.253172,3.37619481345421,"omnivore_carnivore","demersal","Cryptobenthic","No","No","Yes",19,37,0.00980621621621622,3.01654054054054,"AT14-1_4",0.385056479910526
"3246","Caribbean","Bocas","Casa Blanca new","AT14-1","AT14-1-7","modern","Gobiidae",1.663526,1.405259,4.55775512236801,"omnivore_carnivore","demersal","Cryptobenthic","No","No","Yes",19,37,0.00980621621621622,3.01654054054054,"AT14-1_5",0.952029762661479
"3247","Caribbean","Bocas","Casa Blanca new","AT14-1","AT14-1-7","modern","Gobiidae",1.483215,1.33809,4.03436057199994,"omnivore_carnivore","demersal","Cryptobenthic","No","No","Yes",19,37,0.00980621621621622,3.01654054054054,"AT14-1_5",0.658939342564991
"3248","Caribbean","Bocas","Casa Blanca new","AT14-1","AT14-1-7","modern","Gobiidae",1.068641,1.033647,2.8470775669185,"omnivore_carnivore","demersal","Cryptobenthic","No","No","Yes",19,37,0.00980621621621622,3.01654054054054,"AT14-1_5",0.230258341899339
"3249","Caribbean","Bocas","Casa Blanca new","AT14-1","AT14-1-7","modern","Gobiidae",0.961995,0.776748,2.54596812345461,"omnivore_carnivore","demersal","Cryptobenthic","No","No","Yes",19,37,0.00980621621621622,3.01654054054054,"AT14-1_5",0.164351388506331
"3250","Caribbean","Bocas","Casa Blanca new","AT14-1","AT14-1-7","modern","Gobiidae",0.960973,0.791611,2.54309240504973,"omnivore_carnivore","demersal","Cryptobenthic","No","No","Yes",19,37,0.00980621621621622,3.01654054054054,"AT14-1_5",0.163792041592719
"3251","Caribbean","Bocas","Casa Blanca new","AT14-1","AT14-1-7","modern","Gobiidae",1.736811,1.716487,4.77153300458874,"omnivore_carnivore","demersal","Cryptobenthic","No","No","Yes",19,37,0.00980621621621622,3.01654054054054,"AT14-1_5",1.09320253552571
"3252","Caribbean","Bocas","Casa Blanca new","AT14-1","AT14-1-7","modern","Gobiidae",0.970874,1.124831,2.57096009216253,"omnivore_carnivore","demersal","Cryptobenthic","No","No","Yes",19,37,0.00980621621621622,3.01654054054054,"AT14-1_5",0.169266365565621
"3253","Caribbean","Bocas","Casa Blanca new","AT14-1","AT14-1-7","modern","Gobiidae",1.430841,1.301686,3.88306519548986,"omnivore_carnivore","demersal","Cryptobenthic","No","No","Yes",19,37,0.00980621621621622,3.01654054054054,"AT14-1_5",0.587179357348675
"3254","Caribbean","Bocas","Casa Blanca new","AT14-1","AT14-1-7","modern","Gobiidae",0.836324,0.954677,2.19386567666466,"omnivore_carnivore","demersal","Cryptobenthic","No","No","Yes",19,37,0.00980621621621622,3.01654054054054,"AT14-1_5",0.104899969982705
"3255","Caribbean","Bocas","Casa Blanca new","AT14-1","AT14-1-7","modern","Gobiidae",1.547059,1.337703,4.21924634505069,"omnivore_carnivore","demersal","Cryptobenthic","No","No","Yes",19,37,0.00980621621621622,3.01654054054054,"AT14-1_5",0.754306475835998
"3256","Caribbean","Bocas","Casa Blanca new","AT14-1","AT14-1-7","modern","Gobiidae",0.826326,0.869313,2.16599075162459,"omnivore_carnivore","demersal","Cryptobenthic","No","No","Yes",19,37,0.00980621621621622,3.01654054054054,"AT14-1_5",0.100930680202502
"3257","Caribbean","Bocas","Casa Blanca new","AT14-1","AT14-1-7","modern","Gobiidae",1.448207,1.451446,3.9331930376948,"omnivore_carnivore","demersal","Cryptobenthic","No","No","Yes",19,37,0.00980621621621622,3.01654054054054,"AT14-1_5",0.610343969697526
"3258","Caribbean","Bocas","Casa Blanca new","AT14-1","AT14-1-3","modern","Gobiidae",0.816516,0.816759,2.13866070098261,"omnivore_carnivore","demersal","Cryptobenthic","No","No","Yes",19,37,0.00980621621621622,3.01654054054054,"AT14-1_3",0.0971377092207587
"3259","Caribbean","Bocas","Casa Blanca new","AT14-1","AT14-1-3","modern","Gobiidae",0.939281,0.95617,2.48210106530479,"omnivore_carnivore","demersal","Cryptobenthic","No","No","Yes",19,37,0.00980621621621622,3.01654054054054,"AT14-1_3",0.152226539526951
"3260","Caribbean","Bocas","Casa Blanca new","AT14-1","AT14-1-3","modern","Gobiidae",1.110773,1.412123,2.96657097863195,"omnivore_carnivore","demersal","Cryptobenthic","No","No","Yes",19,37,0.00980621621621622,3.01654054054054,"AT14-1_3",0.260661592868157
"3261","Caribbean","Bocas","Casa Blanca new","AT14-1","AT14-1-3","modern","Gobiidae",1.193668,1.194399,3.20250373084628,"omnivore_carnivore","demersal","Cryptobenthic","No","No","Yes",19,37,0.00980621621621622,3.01654054054054,"AT14-1_3",0.328345803279293
"3262","Caribbean","Bocas","Casa Blanca new","AT14-1","AT14-1-3","modern","Gobiidae",1.037388,0.99579,2.7586304691031,"omnivore_carnivore","demersal","Cryptobenthic","No","No","Yes",19,37,0.00980621621621622,3.01654054054054,"AT14-1_3",0.209349226190025
"3263","Caribbean","Bocas","Casa Blanca new","AT14-1","AT14-1-3","modern","Gobiidae",0.65806,0.745784,1.70026833227549,"omnivore_carnivore","demersal","Cryptobenthic","No","No","Yes",19,37,0.00980621621621622,3.01654054054054,"AT14-1_3",0.048625798549847
"3264","Caribbean","Bocas","Casa Blanca new","AT14-1","AT14-1-3","modern","Gobiidae",0.628302,0.776922,1.61863730891382,"omnivore_carnivore","demersal","Cryptobenthic","No","No","Yes",19,37,0.00980621621621622,3.01654054054054,"AT14-1_3",0.041918868435044
"3265","Caribbean","Bocas","Casa Blanca new","AT14-1","AT14-1-3","modern","Gobiidae",0.741465,0.795935,1.93027805891925,"omnivore_carnivore","demersal","Cryptobenthic","No","No","Yes",19,37,0.00980621621621622,3.01654054054054,"AT14-1_3",0.0712993210576416
"3266","Caribbean","Bocas","Casa Blanca new","AT14-1","AT14-1-3","modern","Gobiidae",0.940371,0.828622,2.48516370747324,"omnivore_carnivore","demersal","Cryptobenthic","No","No","Yes",19,37,0.00980621621621622,3.01654054054054,"AT14-1_3",0.152793844423215
"3267","Caribbean","Bocas","Casa Blanca new","AT14-1","AT14-1-3","modern","Gobiidae",0.910482,0.909686,2.40126486021801,"omnivore_carnivore","demersal","Cryptobenthic","No","No","Yes",19,37,0.00980621621621622,3.01654054054054,"AT14-1_3",0.137757212269905
"3268","Caribbean","Bocas","Casa Blanca new","AT14-1","AT14-1-3","modern","Gobiidae",0.43415,0.513939,1.09262121467138,"omnivore_carnivore","demersal","Cryptobenthic","No","No","Yes",19,37,0.00980621621621622,3.01654054054054,"AT14-1_3",0.0128099271272625
"3269","Caribbean","Bocas","Casa Blanca new","AT14-1","AT14-1-3","modern","Gobiidae",0.605033,0.652074,1.55497624541562,"omnivore_carnivore","demersal","Cryptobenthic","No","No","Yes",19,37,0.00980621621621622,3.01654054054054,"AT14-1_3",0.0371401758837581
"3270","Caribbean","Bocas","Casa Blanca new","AT14-1","AT14-1-3","modern","Gobiidae",0.970766,1.048639,2.57065601444283,"omnivore_carnivore","demersal","Cryptobenthic","No","No","Yes",19,37,0.00980621621621622,3.01654054054054,"AT14-1_3",0.169205982201021
"3271","Caribbean","Bocas","Casa Blanca new","AT14-1","AT14-1-3","modern","Gobiidae",0.81922,0.90503,2.14619181476748,"omnivore_carnivore","demersal","Cryptobenthic","No","No","Yes",19,37,0.00980621621621622,3.01654054054054,"AT14-1_3",0.0981732219116086
"3272","Caribbean","Bocas","Casa Blanca new","AT14-1","AT14-1-3","modern","Gobiidae",0.635603,0.723815,1.63864294294724,"omnivore_carnivore","demersal","Cryptobenthic","No","No","Yes",19,37,0.00980621621621622,3.01654054054054,"AT14-1_3",0.0435012911608561
"3273","Caribbean","Bocas","Casa Blanca new","AT14-1","AT14-1-3","modern","Gobiidae",NA,0.773509,2.63654288999274,"omnivore_carnivore","demersal","Cryptobenthic","No","No","Yes",19,37,0.00980621621621622,3.01654054054054,"AT14-1_3",0.182629163716169
"3274","Caribbean","Bocas","Casa Blanca new","AT14-1","AT14-1-3","modern","Gobiidae",NA,1.078729,3.66678827626906,"omnivore_carnivore","demersal","Cryptobenthic","No","No","Yes",19,37,0.00980621621621622,3.01654054054054,"AT14-1_3",0.493960884719542
"3275","Caribbean","Bocas","Casa Blanca new","AT14-1","AT14-1-3","modern","Gobiidae",0.74355,0.782468,1.93604975910338,"omnivore_carnivore","demersal","Cryptobenthic","No","No","Yes",19,37,0.00980621621621622,3.01654054054054,"AT14-1_3",0.0719443617615085
"3276","Caribbean","Bocas","Casa Blanca new","AT14-1","AT14-1-3","modern","Gobiidae",0.569235,0.704301,1.45734144103206,"omnivore_carnivore","demersal","Cryptobenthic","No","No","Yes",19,37,0.00980621621621622,3.01654054054054,"AT14-1_3",0.030541530830758
"3277","Caribbean","Bocas","Casa Blanca new","AT14-1","AT14-1-3","modern","Gobiidae",1.001344,1.022681,2.65683403656403,"omnivore_carnivore","demersal","Cryptobenthic","No","No","Yes",19,37,0.00980621621621622,3.01654054054054,"AT14-1_3",0.186902005197504
"3278","Caribbean","Bocas","Casa Blanca new","AT14-1","AT14-1-3","modern","Gobiidae",0.952541,0.802783,2.51937371911215,"omnivore_carnivore","demersal","Cryptobenthic","No","No","Yes",19,37,0.00980621621621622,3.01654054054054,"AT14-1_3",0.159227048622181
"3279","Caribbean","Bocas","Casa Blanca new","AT14-1","AT14-1-3","modern","Gobiidae",0.694329,0.806122,1.80007532203794,"omnivore_carnivore","demersal","Cryptobenthic","No","No","Yes",19,37,0.00980621621621622,3.01654054054054,"AT14-1_3",0.0577558719181434
"3280","Caribbean","Bocas","Casa Blanca new","AT14-1","AT14-1-3","modern","Gobiidae",0.744387,0.731898,1.9383670318516,"omnivore_carnivore","demersal","Cryptobenthic","No","No","Yes",19,37,0.00980621621621622,3.01654054054054,"AT14-1_3",0.0722044319517657
"3281","Caribbean","Bocas","Casa Blanca new","AT14-1","AT14-1-3","modern","Gobiidae",NA,1.017285,3.45960888957869,"omnivore_carnivore","demersal","Cryptobenthic","No","No","Yes",19,37,0.00980621621621622,3.01654054054054,"AT14-1_3",0.414474938578164
"3282","Caribbean","Bocas","Casa Blanca new","AT14-1","AT14-1-3","modern","Gobiidae",0.834521,0.709152,2.18883725738023,"omnivore_carnivore","demersal","Cryptobenthic","No","No","Yes",19,37,0.00980621621621622,3.01654054054054,"AT14-1_3",0.104176364333531
"3283","Caribbean","Bocas","Casa Blanca new","AT14-1","AT14-1-3","modern","Gobiidae",1.525512,1.387545,4.15679344717746,"omnivore_carnivore","demersal","Cryptobenthic","No","No","Yes",19,37,0.00980621621621622,3.01654054054054,"AT14-1_3",0.721126405077176
"3284","Caribbean","Bocas","Casa Blanca new","AT14-1","AT14-1-3","modern","Gobiidae",0.660755,0.762994,1.70767285057324,"omnivore_carnivore","demersal","Cryptobenthic","No","No","Yes",19,37,0.00980621621621622,3.01654054054054,"AT14-1_3",0.0492673933573681
"3285","Caribbean","Bocas","Casa Blanca new","AT14-1","AT14-1-3","modern","Gobiidae",0.946035,0.937066,2.50108181639709,"omnivore_carnivore","demersal","Cryptobenthic","No","No","Yes",19,37,0.00980621621621622,3.01654054054054,"AT14-1_3",0.155765190910558
"3286","Caribbean","Bocas","Casa Blanca new","AT14-1","AT14-1-3","modern","Gobiidae",0.96106,0.97046,2.54333719938198,"omnivore_carnivore","demersal","Cryptobenthic","No","No","Yes",19,37,0.00980621621621622,3.01654054054054,"AT14-1_3",0.163839606135856
"3287","Caribbean","Bocas","Casa Blanca new","AT14-1","AT14-1-3","modern","Gobiidae",0.686363,0.732066,1.77812517449031,"omnivore_carnivore","demersal","Cryptobenthic","No","No","Yes",19,37,0.00980621621621622,3.01654054054054,"AT14-1_3",0.055657406944869
"3288","Caribbean","Bocas","Casa Blanca new","AT14-1","AT14-1-3","modern","Gobiidae",1.012322,1.009959,2.68781424001015,"omnivore_carnivore","demersal","Cryptobenthic","No","No","Yes",19,37,0.00980621621621622,3.01654054054054,"AT14-1_3",0.193553804357534
"3289","Caribbean","Bocas","Casa Blanca new","AT14-1","AT14-1-3","modern","Gobiidae",0.998787,0.982909,2.64962119043111,"omnivore_carnivore","demersal","Cryptobenthic","No","No","Yes",19,37,0.00980621621621622,3.01654054054054,"AT14-1_3",0.185375578161715
"3290","Caribbean","Bocas","Casa Blanca new","AT14-1","AT14-1-3","modern","Gobiidae",0.976989,0.920049,2.58818056781903,"omnivore_carnivore","demersal","Cryptobenthic","No","No","Yes",19,37,0.00980621621621622,3.01654054054054,"AT14-1_3",0.172709542889828
"3291","Caribbean","Bocas","Casa Blanca new","AT14-1","AT14-1-3","modern","Gobiidae",1.254058,1.194984,3.37504162343209,"omnivore_carnivore","demersal","Cryptobenthic","No","No","Yes",19,37,0.00980621621621622,3.01654054054054,"AT14-1_3",0.384659875622644
"3292","Caribbean","Bocas","Casa Blanca new","AT14-1","AT14-1-3","modern","Gobiidae",1.020714,1.096893,2.71151102799559,"omnivore_carnivore","demersal","Cryptobenthic","No","No","Yes",19,37,0.00980621621621622,3.01654054054054,"AT14-1_3",0.198747255558767
"3293","Caribbean","Bocas","Casa Blanca new","AT14-1","AT14-1-3","modern","Gobiidae",0.727701,0.873722,1.89220240950632,"omnivore_carnivore","demersal","Cryptobenthic","No","No","Yes",19,37,0.00980621621621622,3.01654054054054,"AT14-1_3",0.0671406330724517
"3294","Caribbean","Bocas","Casa Blanca new","AT14-1","AT14-1-3","modern","Gobiidae",0.877622,0.95659,2.30922740383998,"omnivore_carnivore","demersal","Cryptobenthic","No","No","Yes",19,37,0.00980621621621622,3.01654054054054,"AT14-1_3",0.122437233623948
"3295","Caribbean","Bocas","Casa Blanca new","AT14-1","AT14-1-3","modern","Gobiidae",0.683016,0.755784,1.76890738007438,"omnivore_carnivore","demersal","Cryptobenthic","No","No","Yes",19,37,0.00980621621621622,3.01654054054054,"AT14-1_3",0.0547915924007994
"3296","Caribbean","Bocas","Casa Blanca new","AT14-1","AT14-1-3","modern","Gobiidae",0.957466,1.025082,2.5332258292723,"omnivore_carnivore","demersal","Cryptobenthic","No","No","Yes",19,37,0.00980621621621622,3.01654054054054,"AT14-1_3",0.161882600359181
"3297","Caribbean","Bocas","Casa Blanca new","AT14-1","AT14-1-3","modern","Gobiidae",1.353222,1.270884,3.65949045658923,"omnivore_carnivore","demersal","Cryptobenthic","No","No","Yes",19,37,0.00980621621621622,3.01654054054054,"AT14-1_3",0.491001256011517
"3298","Caribbean","Bocas","Casa Blanca new","AT14-1","AT14-1-3","modern","Gobiidae",1.339902,1.426489,3.62120356577,"omnivore_carnivore","demersal","Cryptobenthic","No","No","Yes",19,37,0.00980621621621622,3.01654054054054,"AT14-1_3",0.475668084013293
"3299","Caribbean","Bocas","Casa Blanca new","AT14-1","AT14-1-3","modern","Gobiidae",1.430772,1.265758,3.88286609989911,"omnivore_carnivore","demersal","Cryptobenthic","No","No","Yes",19,37,0.00980621621621622,3.01654054054054,"AT14-1_3",0.587088545095009
"3300","Caribbean","Bocas","Casa Blanca new","AT14-1","AT14-1-3","modern","Gobiidae",0.913741,0.929129,2.41040456278619,"omnivore_carnivore","demersal","Cryptobenthic","No","No","Yes",19,37,0.00980621621621622,3.01654054054054,"AT14-1_3",0.139344958698962
"3301","Caribbean","Bocas","Casa Blanca new","AT14-1","AT14-1-3","modern","Gobiidae",0.747596,0.861003,1.94725282034768,"omnivore_carnivore","demersal","Cryptobenthic","No","No","Yes",19,37,0.00980621621621622,3.01654054054054,"AT14-1_3",0.0732075194077833
"3302","Caribbean","Bocas","Casa Blanca new","AT14-1","AT14-1-3","modern","Gobiidae",0.921203,0.959877,2.4313391219382,"omnivore_carnivore","demersal","Cryptobenthic","No","No","Yes",19,37,0.00980621621621622,3.01654054054054,"AT14-1_3",0.143027706035109
"3303","Caribbean","Bocas","Casa Blanca new","AT14-1","AT14-1-3","modern","Gobiidae",0.742469,0.789273,1.93305720531387,"omnivore_carnivore","demersal","Cryptobenthic","No","No","Yes",19,37,0.00980621621621622,3.01654054054054,"AT14-1_3",0.0716094315167619
"3304","Caribbean","Bocas","Casa Blanca new","AT14-1","AT14-1-3","modern","Gobiidae",0.723138,0.810538,1.87958969066856,"omnivore_carnivore","demersal","Cryptobenthic","No","No","Yes",19,37,0.00980621621621622,3.01654054054054,"AT14-1_3",0.0657996795694406
"3305","Caribbean","Bocas","Casa Blanca new","AT14-1","AT14-1-3","modern","Gobiidae",0.964013,1.123391,2.55164696827973,"omnivore_carnivore","demersal","Cryptobenthic","No","No","Yes",19,37,0.00980621621621622,3.01654054054054,"AT14-1_3",0.165459710469888
"3306","Caribbean","Bocas","Casa Blanca new","AT14-1","AT14-1-3","modern","Gobiidae",1.235829,1.237113,3.32290370354113,"omnivore_carnivore","demersal","Cryptobenthic","No","No","Yes",19,37,0.00980621621621622,3.01654054054054,"AT14-1_3",0.367012552049051
"3307","Caribbean","Bocas","Casa Blanca new","AT14-1","AT14-1-3","modern","Gobiidae",1.522407,1.418479,4.14779833962264,"omnivore_carnivore","demersal","Cryptobenthic","No","No","Yes",19,37,0.00980621621621622,3.01654054054054,"AT14-1_3",0.716429404905683
"3308","Caribbean","Bocas","Sweet Bocas SE Face","AT14-10","AT14-10-1","pre_exp","Gobiidae",1.600517,1.437777,4.37442780111279,"omnivore_carnivore","demersal","Cryptobenthic","No","No","Yes",19,37,0.00980621621621622,3.01654054054054,"AT14-10_1",0.841136361865357
"3309","Caribbean","Bocas","Sweet Bocas SE Face","AT14-10","AT14-10-1","pre_exp","Gobiidae",0.956507,0.920115,2.53052818113293,"omnivore_carnivore","demersal","Cryptobenthic","No","No","Yes",19,37,0.00980621621621622,3.01654054054054,"AT14-10_1",0.161363137688639
"3310","Caribbean","Bocas","Sweet Bocas SE Face","AT14-10","AT14-10-1","pre_exp","Gobiidae",0.842598,0.783739,2.21136868324122,"omnivore_carnivore","demersal","Cryptobenthic","No","No","Yes",19,37,0.00980621621621622,3.01654054054054,"AT14-10_1",0.107444901327769
"3311","Caribbean","Bocas","Sweet Bocas SE Face","AT14-10","AT14-10-3","pre_exp","Gobiidae",1.131376,1.120698,3.02510966366198,"omnivore_carnivore","demersal","Cryptobenthic","No","No","Yes",19,37,0.00980621621621622,3.01654054054054,"AT14-10_2",0.27648816844174
"3312","Caribbean","Bocas","Sweet Bocas SE Face","AT14-10","AT14-10-3","pre_exp","Gobiidae",1.365028,1.240739,3.69344545495763,"omnivore_carnivore","demersal","Cryptobenthic","No","No","Yes",19,37,0.00980621621621622,3.01654054054054,"AT14-10_2",0.504873017404321
"3313","Caribbean","Bocas","Sweet Bocas SE Face","AT14-10","AT14-10-3","pre_exp","Gobiidae",1.860429,1.763448,5.13341942852083,"omnivore_carnivore","demersal","Cryptobenthic","No","No","Yes",19,37,0.00980621621621622,3.01654054054054,"AT14-10_2",1.36292584231355
"3314","Caribbean","Bocas","Sweet Bocas SE Face","AT14-10","AT14-10-3","pre_exp","Gobiidae",0.984894,1.015136,2.61045196645393,"omnivore_carnivore","demersal","Cryptobenthic","No","No","Yes",19,37,0.00980621621621622,3.01654054054054,"AT14-10_2",0.177231652546025
"3315","Caribbean","Bocas","Sweet Bocas SE Face","AT14-10","AT14-10-3","pre_exp","Gobiidae",1.405709,1.279228,3.81058861859966,"omnivore_carnivore","demersal","Cryptobenthic","No","No","Yes",19,37,0.00980621621621622,3.01654054054054,"AT14-10_2",0.554737577297928
"3316","Caribbean","Bocas","Sweet Bocas SE Face","AT14-10","AT14-10-2","pre_exp","Gobiidae",1.184628,1.251274,3.17672270598573,"omnivore_carnivore","demersal","Cryptobenthic","No","No","Yes",19,37,0.00980621621621622,3.01654054054054,"AT14-10_2",0.320436806908288
"3317","Caribbean","Bocas","Sweet Bocas SE Face","AT14-10","AT14-10-2","pre_exp","Gobiidae",1.671467,1.4291,4.58089131785264,"omnivore_carnivore","demersal","Cryptobenthic","No","No","Yes",19,37,0.00980621621621622,3.01654054054054,"AT14-10_2",0.966682595448354
"3318","Caribbean","Bocas","Cayo Adriana","AT14-3","AT14-3-2","modern","Gobiidae",0.870157,0.939099,2.28834878370754,"omnivore_carnivore","demersal","Cryptobenthic","No","No","Yes",19,37,0.00980621621621622,3.01654054054054,"AT14-3_1",0.119128264232876
"3319","Caribbean","Bocas","Cayo Adriana","AT14-3","AT14-3-2","modern","Gobiidae",0.904506,0.941033,2.38451084620947,"omnivore_carnivore","demersal","Cryptobenthic","No","No","Yes",19,37,0.00980621621621622,3.01654054054054,"AT14-3_1",0.13487819947859
"3320","Caribbean","Bocas","Sweet Bocas SE Face","AT14-5","AT14-5-2","pre_exp","Gobiidae",0.783651,0.902887,2.04725346330866,"omnivore_carnivore","demersal","Cryptobenthic","No","No","Yes",19,37,0.00980621621621622,3.01654054054054,"AT14-5_1",0.0851458048120129
"3321","Caribbean","Bocas","Sweet Bocas SE Face","AT14-6","AT14-6-1","pre_exp","Gobiidae",1.578203,1.355975,4.30961273431761,"omnivore_carnivore","demersal","Cryptobenthic","No","No","Yes",19,37,0.00980621621621622,3.01654054054054,"AT14-6_1",0.804100169598302
"3322","Caribbean","Bocas","Sweet Bocas SE Face","AT14-6","AT14-6-3","pre_exp","Gobiidae",0.764435,0.909005,1.99391968362506,"omnivore_carnivore","demersal","Cryptobenthic","No","No","Yes",19,37,0.00980621621621622,3.01654054054054,"AT14-6_1",0.0786288227652385
"3323","Caribbean","Bocas","Sweet Bocas SE Face","AT14-6","AT14-6-3","pre_exp","Gobiidae",1.74028,1.604563,4.78166667994745,"omnivore_carnivore","demersal","Cryptobenthic","No","No","Yes",19,37,0.00980621621621622,3.01654054054054,"AT14-6_1",1.10022110330267
"3324","Caribbean","Bocas","Sweet Bocas SE Face","AT14-9","AT14-9-2","pre_exp","Gobiidae",0.983169,0.842192,2.60559101641679,"omnivore_carnivore","demersal","Cryptobenthic","No","No","Yes",19,37,0.00980621621621622,3.01654054054054,"AT14-9_2",0.17623798693331
"3325","Caribbean","Bocas","Sweet Bocas SE Face","AT14-9","AT14-9-2","pre_exp","Gobiidae",1.291614,1.22289,3.48260836073073,"omnivore_carnivore","demersal","Cryptobenthic","No","No","Yes",19,37,0.00980621621621622,3.01654054054054,"AT14-9_2",0.422842639617481
"3326","Caribbean","Bocas","Punta Donato","AT14-2","AT14-2-5","modern","Gobiidae",0.946796,1.069797,2.50322099133481,"omnivore_carnivore","demersal","Cryptobenthic","No","No","Yes",19,37,0.00980621621621622,3.01654054054054,"AT14-2_4",0.156167419051933
"3327","Caribbean","Bocas","Punta Donato","AT14-2","AT14-2-5","modern","Gobiidae",0.746472,0.939516,1.94414016571669,"omnivore_carnivore","demersal","Cryptobenthic","No","No","Yes",19,37,0.00980621621621622,3.01654054054054,"AT14-2_4",0.0728550890488537
"3328","Caribbean","Bocas","Punta Donato","AT14-2","AT14-2-5","modern","Gobiidae",0.82795,0.984822,2.1705171010973,"omnivore_carnivore","demersal","Cryptobenthic","No","No","Yes",19,37,0.00980621621621622,3.01654054054054,"AT14-2_4",0.101568265951416
"3329","Caribbean","Bocas","Punta Donato","AT14-2","AT14-2-5","modern","Gobiidae",0.812095,0.90576,2.12635084051961,"omnivore_carnivore","demersal","Cryptobenthic","No","No","Yes",19,37,0.00980621621621622,3.01654054054054,"AT14-2_4",0.0954608930664602
"3330","Caribbean","Bocas","Punta Donato","AT14-2","AT14-2-5","modern","Gobiidae",0.86872,0.898552,2.28433098118307,"omnivore_carnivore","demersal","Cryptobenthic","No","No","Yes",19,37,0.00980621621621622,3.01654054054054,"AT14-2_4",0.118498437195673
"3331","Caribbean","Bocas","Punta Donato","AT14-2","AT14-2-5","modern","Gobiidae",1.136853,1.254755,3.0406826957759,"omnivore_carnivore","demersal","Cryptobenthic","No","No","Yes",19,37,0.00980621621621622,3.01654054054054,"AT14-2_4",0.280804055394997
"3332","Caribbean","Bocas","Punta Donato","AT14-2","AT14-2-5","modern","Gobiidae",0.765457,0.945565,1.9967541169858,"omnivore_carnivore","demersal","Cryptobenthic","No","No","Yes",19,37,0.00980621621621622,3.01654054054054,"AT14-2_4",0.0789664767317385
"3333","Caribbean","Bocas","Punta Donato","AT14-2","AT14-2-5","modern","Gobiidae",1.289568,1.227833,3.47674312234529,"omnivore_carnivore","demersal","Cryptobenthic","No","No","Yes",19,37,0.00980621621621622,3.01654054054054,"AT14-2_4",0.420698113697673
"3334","Caribbean","Bocas","Punta Donato","AT14-2","AT14-2-5","modern","Gobiidae",1.022781,1.27872,2.71734958434995,"omnivore_carnivore","demersal","Cryptobenthic","No","No","Yes",19,37,0.00980621621621622,3.01654054054054,"AT14-2_4",0.200040995392617
"3335","Caribbean","Bocas","Punta Donato","AT14-2","AT14-2-5","modern","Gobiidae",0.649506,0.867535,1.67677893543934,"omnivore_carnivore","demersal","Cryptobenthic","No","No","Yes",19,37,0.00980621621621622,3.01654054054054,"AT14-2_4",0.0466274692635739
"3336","Caribbean","Bocas","Punta Donato","AT14-2","AT14-2-5","modern","Gobiidae",0.784652,0.895218,2.05003401158679,"omnivore_carnivore","demersal","Cryptobenthic","No","No","Yes",19,37,0.00980621621621622,3.01654054054054,"AT14-2_4",0.0854951267361066
"3337","Caribbean","Bocas","Punta Donato","AT14-2","AT14-2-5","modern","Gobiidae",0.864616,0.930458,2.27285865470585,"omnivore_carnivore","demersal","Cryptobenthic","No","No","Yes",19,37,0.00980621621621622,3.01654054054054,"AT14-2_4",0.116712306282837
"3338","Caribbean","Bocas","Punta Donato","AT14-2","AT14-2-5","modern","Gobiidae",0.931227,1.163256,2.45947821198857,"omnivore_carnivore","demersal","Cryptobenthic","No","No","Yes",19,37,0.00980621621621622,3.01654054054054,"AT14-2_4",0.148079574437654
"3339","Caribbean","Bocas","Punta Donato","AT14-2","AT14-2-5","modern","Gobiidae",0.895718,1.109113,2.35988597518402,"omnivore_carnivore","demersal","Cryptobenthic","No","No","Yes",19,37,0.00980621621621622,3.01654054054054,"AT14-2_4",0.130720091007239
"3340","Caribbean","Bocas","Punta Donato","AT14-2","AT14-2-5","modern","Gobiidae",0.803755,0.951359,2.10314044470339,"omnivore_carnivore","demersal","Cryptobenthic","No","No","Yes",19,37,0.00980621621621622,3.01654054054054,"AT14-2_4",0.092352085293099
"3341","Caribbean","Bocas","Punta Donato","AT14-2","AT14-2-5","modern","Gobiidae",1.115667,1.227899,2.98046998375889,"omnivore_carnivore","demersal","Cryptobenthic","No","No","Yes",19,37,0.00980621621621622,3.01654054054054,"AT14-2_4",0.264362985721972
"3342","Caribbean","Bocas","Punta Donato","AT14-2","AT14-2-5","modern","Gobiidae",1.074065,1.081836,2.8624444800342,"omnivore_carnivore","demersal","Cryptobenthic","No","No","Yes",19,37,0.00980621621621622,3.01654054054054,"AT14-2_4",0.234027750603
"3343","Caribbean","Bocas","Punta Donato","AT14-2","AT14-2-5","modern","Gobiidae",1.776815,1.653245,4.88847018427518,"omnivore_carnivore","demersal","Cryptobenthic","No","No","Yes",19,37,0.00980621621621622,3.01654054054054,"AT14-2_4",1.17603343823318
"3344","Caribbean","Bocas","Punta Donato","AT14-2","AT14-2-4","modern","Gobiidae",1.44166,NA,3.9142903004332,"omnivore_carnivore","demersal","Cryptobenthic","No","No","Yes",19,37,0.00980621621621622,3.01654054054054,"AT14-2_3",0.601538406694701
"3345","Caribbean","Bocas","Punta Donato","AT14-2","AT14-2-4","modern","Gobiidae",0.924372,1.146254,2.44023296631094,"omnivore_carnivore","demersal","Cryptobenthic","No","No","Yes",19,37,0.00980621621621622,3.01654054054054,"AT14-2_3",0.144611775226384
"3346","Caribbean","Bocas","Punta Donato","AT14-2","AT14-2-4","modern","Gobiidae",0.955645,1.16129,2.52810353803671,"omnivore_carnivore","demersal","Cryptobenthic","No","No","Yes",19,37,0.00980621621621622,3.01654054054054,"AT14-2_3",0.160897197138335
"3347","Caribbean","Bocas","Punta Donato","AT14-2","AT14-2-4","modern","Gobiidae",0.675716,0.825098,1.74881276440187,"omnivore_carnivore","demersal","Cryptobenthic","No","No","Yes",19,37,0.00980621621621622,3.01654054054054,"AT14-2_3",0.0529354383585408
"3348","Caribbean","Bocas","Punta Donato","AT14-2","AT14-2-4","modern","Gobiidae",1.492333,1.315204,4.06073507849485,"omnivore_carnivore","demersal","Cryptobenthic","No","No","Yes",19,37,0.00980621621621622,3.01654054054054,"AT14-2_3",0.672019826445969
"3349","Caribbean","Bocas","Punta Donato","AT14-2","AT14-2-4","modern","Gobiidae",0.9946,1.053468,2.63781292431365,"omnivore_carnivore","demersal","Cryptobenthic","No","No","Yes",19,37,0.00980621621621622,3.01654054054054,"AT14-2_3",0.182894667569444
"3350","Caribbean","Bocas","Punta Donato","AT14-2","AT14-2-4","modern","Gobiidae",1.052419,1.243951,2.80114800758443,"omnivore_carnivore","demersal","Cryptobenthic","No","No","Yes",19,37,0.00980621621621622,3.01654054054054,"AT14-2_3",0.219234458068841
"3351","Caribbean","Bocas","Punta Donato","AT14-2","AT14-2-4","modern","Gobiidae",1.190336,1.199663,3.19299981400803,"omnivore_carnivore","demersal","Cryptobenthic","No","No","Yes",19,37,0.00980621621621622,3.01654054054054,"AT14-2_3",0.325415223910357
"3352","Caribbean","Bocas","Punta Donato","AT14-2","AT14-2-4","modern","Gobiidae",1.072316,1.100648,2.85748879322906,"omnivore_carnivore","demersal","Cryptobenthic","No","No","Yes",19,37,0.00980621621621622,3.01654054054054,"AT14-2_3",0.232807679939275
"3353","Caribbean","Bocas","Punta Donato","AT14-2","AT14-2-4","modern","Gobiidae",0.890289,0.990069,2.34468098751513,"omnivore_carnivore","demersal","Cryptobenthic","No","No","Yes",19,37,0.00980621621621622,3.01654054054054,"AT14-2_3",0.1281959000266
"3354","Caribbean","Bocas","Punta Donato","AT14-2","AT14-2-4","modern","Gobiidae",0.635178,0.797604,1.63747799090447,"omnivore_carnivore","demersal","Cryptobenthic","No","No","Yes",19,37,0.00980621621621622,3.01654054054054,"AT14-2_3",0.0434080680291702
"3355","Caribbean","Bocas","Punta Donato","AT14-2","AT14-2-4","modern","Gobiidae",1.684812,1.520161,4.61978777220401,"omnivore_carnivore","demersal","Cryptobenthic","No","No","Yes",19,37,0.00980621621621622,3.01654054054054,"AT14-2_3",0.991655322797539
"3356","Caribbean","Bocas","Punta Donato","AT14-2","AT14-2-4","modern","Gobiidae",1.26967,1.195613,3.41973263800512,"omnivore_carnivore","demersal","Cryptobenthic","No","No","Yes",19,37,0.00980621621621622,3.01654054054054,"AT14-2_3",0.400230741530019
"3357","Caribbean","Bocas","Punta Donato","AT14-2","AT14-2-4","modern","Gobiidae",0.745586,1.000819,1.94168680517904,"omnivore_carnivore","demersal","Cryptobenthic","No","No","Yes",19,37,0.00980621621621622,3.01654054054054,"AT14-2_3",0.0725781079288254
"3358","Caribbean","Bocas","Punta Donato","AT14-2","AT14-2-4","modern","Gobiidae",0.903311,0.87807,2.38116144237491,"omnivore_carnivore","demersal","Cryptobenthic","No","No","Yes",19,37,0.00980621621621622,3.01654054054054,"AT14-2_3",0.134307504676032
"3359","Caribbean","Bocas","Punta Donato","AT14-2","AT14-2-4","modern","Gobiidae",0.663853,0.743129,1.71618697160498,"omnivore_carnivore","demersal","Cryptobenthic","No","No","Yes",19,37,0.00980621621621622,3.01654054054054,"AT14-2_3",0.0500121001455921
"3360","Caribbean","Bocas","Punta Donato","AT14-2","AT14-2-4","modern","Gobiidae",0.774403,0.829255,2.02157529919196,"omnivore_carnivore","demersal","Cryptobenthic","No","No","Yes",19,37,0.00980621621621622,3.01654054054054,"AT14-2_3",0.0819648236301281
"3361","Caribbean","Bocas","Punta Donato","AT14-2","AT14-2-4","modern","Gobiidae",1.5885,1.540689,4.33951508996091,"omnivore_carnivore","demersal","Cryptobenthic","No","No","Yes",19,37,0.00980621621621622,3.01654054054054,"AT14-2_3",0.821048279692659
"3362","Caribbean","Bocas","Punta Donato","AT14-2","AT14-2-4","modern","Gobiidae",0.712873,0.86082,1.8512343482815,"omnivore_carnivore","demersal","Cryptobenthic","No","No","Yes",19,37,0.00980621621621622,3.01654054054054,"AT14-2_3",0.062850627775279
"3363","Caribbean","Bocas","Cayo Adriana","AT14-3","AT14-3-1","modern","Gobiidae",1.532788,1.322594,4.17787636936073,"omnivore_carnivore","demersal","Cryptobenthic","No","No","Yes",19,37,0.00980621621621622,3.01654054054054,"AT14-3_1",0.732215905639769
"3364","Caribbean","Bocas","Cayo Adriana","AT14-3","AT14-3-1","modern","Gobiidae",1.752247,1.499637,4.81663458235876,"omnivore_carnivore","demersal","Cryptobenthic","No","No","Yes",19,37,0.00980621621621622,3.01654054054054,"AT14-3_1",1.12467104183542
"3365","Caribbean","Bocas","Cayo Adriana","AT14-3","AT14-3-1","modern","Gobiidae",2.058285,1.988957,5.71577025438621,"omnivore_carnivore","demersal","Cryptobenthic","No","No","Yes",19,37,0.00980621621621622,3.01654054054054,"AT14-3_1",1.88472582977231
"3366","Caribbean","Bocas","Cayo Adriana","AT14-3","AT14-3-1","modern","Gobiidae",1.035491,1.307994,2.75326726380318,"omnivore_carnivore","demersal","Cryptobenthic","No","No","Yes",19,37,0.00980621621621622,3.01654054054054,"AT14-3_1",0.20812387711532
"3367","Caribbean","Bocas","Cayo Adriana","AT14-3","AT14-3-1","modern","Gobiidae",0.713647,0.761037,1.85337149828329,"omnivore_carnivore","demersal","Cryptobenthic","No","No","Yes",19,37,0.00980621621621622,3.01654054054054,"AT14-3_1",0.0630697557432862
"3368","Caribbean","Bocas","Cayo Adriana","AT14-3","AT14-3-1","modern","Gobiidae",0.89588,0.9357,2.3603397779335,"omnivore_carnivore","demersal","Cryptobenthic","No","No","Yes",19,37,0.00980621621621622,3.01654054054054,"AT14-3_1",0.130795933362899
"3369","Caribbean","Bocas","Cayo Adriana","AT14-3","AT14-3-1","modern","Gobiidae",0.814516,0.903226,2.13309136483895,"omnivore_carnivore","demersal","Cryptobenthic","No","No","Yes",19,37,0.00980621621621622,3.01654054054054,"AT14-3_1",0.0963766512038447
"3370","Caribbean","Bocas","Cayo Adriana","AT14-3","AT14-3-1","modern","Gobiidae",NA,0.93246,3.17342072027672,"omnivore_carnivore","demersal","Cryptobenthic","No","No","Yes",19,37,0.00980621621621622,3.01654054054054,"AT14-3_1",0.319433133973733
"3371","Caribbean","Bocas","Cayo Adriana","AT14-3","AT14-3-1","modern","Gobiidae",1.461071,1.38719,3.97035016911413,"omnivore_carnivore","demersal","Cryptobenthic","No","No","Yes",19,37,0.00980621621621622,3.01654054054054,"AT14-3_1",0.62790342423339
"3372","Caribbean","Bocas","Cayo Adriana","AT14-3","AT14-3-1","modern","Gobiidae",0.867085,0.94459,2.27976008861315,"omnivore_carnivore","demersal","Cryptobenthic","No","No","Yes",19,37,0.00980621621621622,3.01654054054054,"AT14-3_1",0.117784619543503
"3373","Caribbean","Bocas","Cayo Adriana","AT14-3","AT14-3-1","modern","Gobiidae",0.730053,0.8347,1.89870559556117,"omnivore_carnivore","demersal","Cryptobenthic","No","No","Yes",19,37,0.00980621621621622,3.01654054054054,"AT14-3_1",0.0678391183775771
"3374","Caribbean","Bocas","Cayo Adriana","AT14-3","AT14-3-3","modern","Gobiidae",0.689038,0.810057,1.78549429416319,"omnivore_carnivore","demersal","Cryptobenthic","No","No","Yes",19,37,0.00980621621621622,3.01654054054054,"AT14-3_2",0.056356120086031
"3375","Caribbean","Bocas","Cayo Adriana","AT14-3","AT14-3-3","modern","Gobiidae",1.00504,1.178763,2.66726185880182,"omnivore_carnivore","demersal","Cryptobenthic","No","No","Yes",19,37,0.00980621621621622,3.01654054054054,"AT14-3_2",0.189123625660227
"3376","Caribbean","Bocas","Cayo Adriana","AT14-3","AT14-3-3","modern","Gobiidae",1.286274,1.215413,3.46730149720142,"omnivore_carnivore","demersal","Cryptobenthic","No","No","Yes",19,37,0.00980621621621622,3.01654054054054,"AT14-3_2",0.417261235031126
"3377","Caribbean","Bocas","Cayo Adriana","AT14-3","AT14-3-3","modern","Gobiidae",1.046578,1.292386,2.78462123163257,"omnivore_carnivore","demersal","Cryptobenthic","No","No","Yes",19,37,0.00980621621621622,3.01654054054054,"AT14-3_2",0.21535577748709
"3378","Caribbean","Bocas","Cayo Adriana","AT14-3","AT14-3-3","modern","Gobiidae",0.818022,0.970594,2.14285498060698,"omnivore_carnivore","demersal","Cryptobenthic","No","No","Yes",19,37,0.00980621621621622,3.01654054054054,"AT14-3_2",0.097713508353865
"3379","Caribbean","Bocas","Cayo Adriana","AT14-3","AT14-3-3","modern","Gobiidae",1.019463,1.218703,2.70797775101337,"omnivore_carnivore","demersal","Cryptobenthic","No","No","Yes",19,37,0.00980621621621622,3.01654054054054,"AT14-3_2",0.197967055644295
"3380","Caribbean","Bocas","Cayo Adriana","AT14-3","AT14-3-3","modern","Gobiidae",1.520354,1.47759,4.14185148677255,"omnivore_carnivore","demersal","Cryptobenthic","No","No","Yes",19,37,0.00980621621621622,3.01654054054054,"AT14-3_2",0.713335377434628
"3381","Caribbean","Bocas","Cayo Adriana","AT14-3","AT14-3-3","modern","Gobiidae",0.989188,1.151464,2.62255454597168,"omnivore_carnivore","demersal","Cryptobenthic","No","No","Yes",19,37,0.00980621621621622,3.01654054054054,"AT14-3_2",0.179721892887545
"3382","Caribbean","Bocas","Cayo Adriana","AT14-3","AT14-3-3","modern","Gobiidae",0.827066,0.871917,2.16805318107089,"omnivore_carnivore","demersal","Cryptobenthic","No","No","Yes",19,37,0.00980621621621622,3.01654054054054,"AT14-3_2",0.10122086306027
"3383","Caribbean","Bocas","Cayo Adriana","AT14-3","AT14-3-3","modern","Gobiidae",1.149184,1.052844,3.07576138931045,"omnivore_carnivore","demersal","Cryptobenthic","No","No","Yes",19,37,0.00980621621621622,3.01654054054054,"AT14-3_2",0.290690197982453
"3384","Caribbean","Bocas","Cayo Adriana","AT14-3","AT14-3-3","modern","Gobiidae",1.475415,1.357611,4.01180661363315,"omnivore_carnivore","demersal","Cryptobenthic","No","No","Yes",19,37,0.00980621621621622,3.01654054054054,"AT14-3_2",0.647889593435384
"3385","Caribbean","Bocas","Cayo Adriana","AT14-3","AT14-3-3","modern","Gobiidae",1.273607,1.216654,3.43100822482482,"omnivore_carnivore","demersal","Cryptobenthic","No","No","Yes",19,37,0.00980621621621622,3.01654054054054,"AT14-3_2",0.404224755936937
"3386","Caribbean","Bocas","Cayo Adriana","AT14-3","AT14-3-3","modern","Gobiidae",1.818898,1.707022,5.01166433492222,"omnivore_carnivore","demersal","Cryptobenthic","No","No","Yes",19,37,0.00980621621621622,3.01654054054054,"AT14-3_2",1.2677262174832
"3387","Caribbean","Bocas","Cayo Adriana","AT14-3","AT14-3-5","modern","Gobiidae",0.568824,0.697213,1.45622269493868,"omnivore_carnivore","demersal","Cryptobenthic","No","No","Yes",19,37,0.00980621621621622,3.01654054054054,"AT14-3_4",0.0304708610094107
"3388","Caribbean","Bocas","Cayo Adriana","AT14-3","AT14-3-5","modern","Gobiidae",0.839301,0.86747,2.20216978561009,"omnivore_carnivore","demersal","Cryptobenthic","No","No","Yes",19,37,0.00980621621621622,3.01654054054054,"AT14-3_4",0.106102300755154
"3389","Caribbean","Bocas","Cayo Adriana","AT14-3","AT14-3-5","modern","Gobiidae",0.663224,0.80485,1.7144581100514,"omnivore_carnivore","demersal","Cryptobenthic","No","No","Yes",19,37,0.00980621621621622,3.01654054054054,"AT14-3_4",0.0498602767568518
"3390","Caribbean","Bocas","Cayo Adriana","AT14-3","AT14-3-5","modern","Gobiidae",0.811767,0.865133,2.12543772380875,"omnivore_carnivore","demersal","Cryptobenthic","No","No","Yes",19,37,0.00980621621621622,3.01654054054054,"AT14-3_4",0.0953372875161101
"3391","Caribbean","Bocas","Cayo Adriana","AT14-3","AT14-3-5","modern","Gobiidae",1.145105,1.07585,3.06415497990512,"omnivore_carnivore","demersal","Cryptobenthic","No","No","Yes",19,37,0.00980621621621622,3.01654054054054,"AT14-3_4",0.287393862529409
"3392","Caribbean","Bocas","Cayo Adriana","AT14-3","AT14-3-5","modern","Gobiidae",0.797736,0.889501,2.08639889124576,"omnivore_carnivore","demersal","Cryptobenthic","No","No","Yes",19,37,0.00980621621621622,3.01654054054054,"AT14-3_4",0.0901522352596681
"3393","Caribbean","Bocas","Cayo Adriana","AT14-3","AT14-3-5","modern","Gobiidae",0.959677,1.08871,2.53944597961677,"omnivore_carnivore","demersal","Cryptobenthic","No","No","Yes",19,37,0.00980621621621622,3.01654054054054,"AT14-3_4",0.163084618643319
"3394","Caribbean","Bocas","Cayo Adriana","AT14-3","AT14-3-5","modern","Gobiidae",0.930155,0.961022,2.45646800541728,"omnivore_carnivore","demersal","Cryptobenthic","No","No","Yes",19,37,0.00980621621621622,3.01654054054054,"AT14-3_4",0.147533538034247
"3395","Caribbean","Bocas","Cayo Adriana","AT14-3","AT14-3-5","modern","Gobiidae",1.065134,1.099857,2.83714439326663,"omnivore_carnivore","demersal","Cryptobenthic","No","No","Yes",19,37,0.00980621621621622,3.01654054054054,"AT14-3_4",0.227843522562308
"3396","Caribbean","Bocas","Cayo Adriana","AT14-3","AT14-3-5","modern","Gobiidae",0.8026,0.876898,2.09992725225606,"omnivore_carnivore","demersal","Cryptobenthic","No","No","Yes",19,37,0.00980621621621622,3.01654054054054,"AT14-3_4",0.091927118338871
"3397","Caribbean","Bocas","Cayo Adriana","AT14-3","AT14-3-5","modern","Gobiidae",0.728951,0.748802,1.89565844436242,"omnivore_carnivore","demersal","Cryptobenthic","No","No","Yes",19,37,0.00980621621621622,3.01654054054054,"AT14-3_4",0.0675112324298173
"3398","Caribbean","Bocas","Cayo Adriana","AT14-3","AT14-3-5","modern","Gobiidae",0.749074,0.824679,1.95134624540657,"omnivore_carnivore","demersal","Cryptobenthic","No","No","Yes",19,37,0.00980621621621622,3.01654054054054,"AT14-3_4",0.0736727299463191
"3399","Caribbean","Bocas","Cayo Adriana","AT14-3","AT14-3-5","modern","Gobiidae",0.386761,0.409274,0.966269348245264,"omnivore_carnivore","demersal","Cryptobenthic","No","No","Yes",19,37,0.00980621621621622,3.01654054054054,"AT14-3_4",0.00884198126758269
"3400","Caribbean","Bocas","Cayo Adriana","AT14-3","AT14-3-5","modern","Gobiidae",0.570898,0.690036,1.46186866472885,"omnivore_carnivore","demersal","Cryptobenthic","No","No","Yes",19,37,0.00980621621621622,3.01654054054054,"AT14-3_4",0.0308286288524969
"3401","Caribbean","Bocas","Cayo Adriana","AT14-3","AT14-3-5","modern","Gobiidae",0.610199,0.653229,1.56909661045658,"omnivore_carnivore","demersal","Cryptobenthic","No","No","Yes",19,37,0.00980621621621622,3.01654054054054,"AT14-3_4",0.0381668808399921
"3402","Caribbean","Bocas","Cayo Adriana","AT14-3","AT14-3-5","modern","Gobiidae",0.494951,0.558162,1.25600569022916,"omnivore_carnivore","demersal","Cryptobenthic","No","No","Yes",19,37,0.00980621621621622,3.01654054054054,"AT14-3_4",0.0195035496499066
"3403","Caribbean","Bocas","Cayo Adriana","AT14-3","AT14-3-5","modern","Gobiidae",0.762376,0.797994,1.98820994362401,"omnivore_carnivore","demersal","Cryptobenthic","No","No","Yes",19,37,0.00980621621621622,3.01654054054054,"AT14-3_4",0.0779515788715366
"3404","Caribbean","Bocas","Cayo Adriana","AT14-3","AT14-3-5","modern","Gobiidae",0.624458,0.69567,1.60811017347915,"omnivore_carnivore","demersal","Cryptobenthic","No","No","Yes",19,37,0.00980621621621622,3.01654054054054,"AT14-3_4",0.041101856430067
"3405","Caribbean","Bocas","Cayo Adriana","AT14-3","AT14-3-5","modern","Gobiidae",0.964187,1.022835,2.55213665613262,"omnivore_carnivore","demersal","Cryptobenthic","No","No","Yes",19,37,0.00980621621621622,3.01654054054054,"AT14-3_4",0.165555514593445
"3406","Caribbean","Bocas","Cayo Adriana","AT14-3","AT14-3-5","modern","Gobiidae",0.657499,0.684773,1.69872722442763,"omnivore_carnivore","demersal","Cryptobenthic","No","No","Yes",19,37,0.00980621621621622,3.01654054054054,"AT14-3_4",0.0484929690543198
"3407","Caribbean","Bocas","Cayo Adriana","AT14-3","AT14-3-5","modern","Gobiidae",0.577754,0.662458,1.48054169543391,"omnivore_carnivore","demersal","Cryptobenthic","No","No","Yes",19,37,0.00980621621621622,3.01654054054054,"AT14-3_4",0.0320318662313949
"3408","Caribbean","Bocas","Sweet Bocas SE Face","AT14-9","AT14-9-1","pre_exp","Gobiidae",1.065615,0.987862,2.83850664815554,"omnivore_carnivore","demersal","Cryptobenthic","No","No","Yes",19,37,0.00980621621621622,3.01654054054054,"AT14-9_1",0.228173689075315
"3409","Caribbean","Bocas","Sweet Bocas SE Face","AT14-9","AT14-9-1","pre_exp","Gobiidae",1.126639,0.925631,3.01164455443761,"omnivore_carnivore","demersal","Cryptobenthic","No","No","Yes",19,37,0.00980621621621622,3.01654054054054,"AT14-9_1",0.272792406745188
"3410","Caribbean","Bocas","Sweet Bocas SE Face","AT14-9","AT14-9-1","pre_exp","Gobiidae",0.885227,0.995416,2.33050913639668,"omnivore_carnivore","demersal","Cryptobenthic","No","No","Yes",19,37,0.00980621621621622,3.01654054054054,"AT14-9_1",0.125872752544692
"3411","Caribbean","Bocas","Sweet Bocas SE Face","AT14-9","AT14-9-1","pre_exp","Gobiidae",0.887459,0.937626,2.33675733535307,"omnivore_carnivore","demersal","Cryptobenthic","No","No","Yes",19,37,0.00980621621621622,3.01654054054054,"AT14-9_1",0.126893500239958
"3412","Caribbean","Bocas","Sweet Bocas SE Face","AT14-9","AT14-9-1","pre_exp","Gobiidae",1.647867,1.694489,4.51215293576557,"omnivore_carnivore","demersal","Cryptobenthic","No","No","Yes",19,37,0.00980621621621622,3.01654054054054,"AT14-9_1",0.923584765307036
"3413","Caribbean","Bocas","Sweet Bocas SE Face","AT14-9","AT14-9-1","pre_exp","Gobiidae",1.270475,1.60528,3.42203798225981,"omnivore_carnivore","demersal","Cryptobenthic","No","No","Yes",19,37,0.00980621621621622,3.01654054054054,"AT14-9_1",0.40104518023226
"3414","Caribbean","Bocas","Sweet Bocas SE Face","AT14-9","AT14-9-1","pre_exp","Gobiidae",1.311158,1.410606,3.53866434877881,"omnivore_carnivore","demersal","Cryptobenthic","No","No","Yes",19,37,0.00980621621621622,3.01654054054054,"AT14-9_1",0.443708426575564
"3415","Caribbean","Bocas","Sweet Bocas SE Face","AT14-9","AT14-9-1","pre_exp","Gobiidae",1.290481,1.195798,3.47936033348987,"omnivore_carnivore","demersal","Cryptobenthic","No","No","Yes",19,37,0.00980621621621622,3.01654054054054,"AT14-9_1",0.421654152407991
"3416","Caribbean","Bocas","Sweet Bocas SE Face","AT14-9","AT14-9-1","pre_exp","Gobiidae",1.167882,1.338057,3.12899799689774,"omnivore_carnivore","demersal","Cryptobenthic","No","No","Yes",19,37,0.00980621621621622,3.01654054054054,"AT14-9_1",0.30613401776467
"3417","Caribbean","Bocas","Sweet Bocas SE Face","AT14-9","AT14-9-1","pre_exp","Gobiidae",0.778737,0.823777,2.03360676162916,"omnivore_carnivore","demersal","Cryptobenthic","No","No","Yes",19,37,0.00980621621621622,3.01654054054054,"AT14-9_1",0.0834451882616314
"3418","Caribbean","Bocas","Sweet Bocas SE Face","AT14-9","AT14-9-1","pre_exp","Gobiidae",1.337967,1.51143,3.61564361506694,"omnivore_carnivore","demersal","Cryptobenthic","No","No","Yes",19,37,0.00980621621621622,3.01654054054054,"AT14-9_1",0.473468408173312
"3419","Caribbean","Bocas","Sweet Bocas SE Face","AT14-9","AT14-9-1","pre_exp","Gobiidae",0.779293,0.960541,2.03515056031968,"omnivore_carnivore","demersal","Cryptobenthic","No","No","Yes",19,37,0.00980621621621622,3.01654054054054,"AT14-9_1",0.0836364228884969
"3420","Caribbean","Bocas","Sweet Bocas SE Face","AT14-9","AT14-9-1","pre_exp","Gobiidae",0.814605,0.90067,2.1333391819285,"omnivore_carnivore","demersal","Cryptobenthic","No","No","Yes",19,37,0.00980621621621622,3.01654054054054,"AT14-9_1",0.09641043073864
"3421","Caribbean","Bocas","Sweet Bocas SE Face","AT14-9","AT14-9-3","pre_exp","Gobiidae",0.966264,1.025976,2.55798238430454,"omnivore_carnivore","demersal","Cryptobenthic","No","No","Yes",19,37,0.00980621621621622,3.01654054054054,"AT14-9_2",0.166702056988506
"3422","Caribbean","Bocas","Sweet Bocas SE Face","AT14-9","AT14-9-3","pre_exp","Gobiidae",0.881471,1.008142,2.31999694390577,"omnivore_carnivore","demersal","Cryptobenthic","No","No","Yes",19,37,0.00980621621621622,3.01654054054054,"AT14-9_2",0.124167821765215
"3423","Caribbean","Bocas","Sweet Bocas SE Face","AT14-9","AT14-9-3","pre_exp","Gobiidae",0.827383,0.826867,2.16893671696028,"omnivore_carnivore","demersal","Cryptobenthic","No","No","Yes",19,37,0.00980621621621622,3.01654054054054,"AT14-9_2",0.101345346592872
"3424","Caribbean","Bocas","Sweet Bocas SE Face","AT14-9","AT14-9-3","pre_exp","Gobiidae",1.018889,1.092407,2.70635665890946,"omnivore_carnivore","demersal","Cryptobenthic","No","No","Yes",19,37,0.00980621621621622,3.01654054054054,"AT14-9_2",0.197609780726001
"3425","Caribbean","Bocas","Sweet Bocas SE Face","AT14-9","AT14-9-3","pre_exp","Gobiidae",0.836374,0.855792,2.19400513234422,"omnivore_carnivore","demersal","Cryptobenthic","No","No","Yes",19,37,0.00980621621621622,3.01654054054054,"AT14-9_2",0.104920085839605
"3426","Caribbean","Bocas","Sweet Bocas SE Face","AT14-9","AT14-9-3","pre_exp","Gobiidae",1.164203,1.249916,3.11851892756148,"omnivore_carnivore","demersal","Cryptobenthic","No","No","Yes",19,37,0.00980621621621622,3.01654054054054,"AT14-9_2",0.303051746296986
"3427","Caribbean","Bocas","Sunset Point","AT12-2","AT12-2-4","pre_exp","Pomacentridae",1.28,NA,4.27889546076638,"herbivore","demersal","Not cryptobenthic","Yes","No","Yes",6,7,0.0196042857142857,3.10072857142857,"AT12-2_4",1.77803043159274
"3428","Caribbean","Bocas","Sunset Point","AT12-2","AT12-2-4","pre_exp","Pomacentridae",1.65,NA,5.36255378385912,"herbivore","demersal","Not cryptobenthic","Yes","No","Yes",6,7,0.0196042857142857,3.10072857142857,"AT12-2_4",3.58042492441347
"3429","Caribbean","Bocas","Punta Caracol","AT13-10","AT13-10-2-1","modern","Pomacentridae",1.32,NA,4.39757258207782,"herbivore","demersal","Not cryptobenthic","Yes","No","Yes",6,7,0.0196042857142857,3.10072857142857,"AT13-10_3",1.9354412827877
"3430","Caribbean","Bocas","Punta Caracol","AT13-10","AT13-10-3-2","modern","Pomacentridae",2.51,NA,7.7866200210882,"herbivore","demersal","Not cryptobenthic","Yes","No","Yes",6,7,0.0196042857142857,3.10072857142857,"AT13-10_5",11.381048634916
"3431","Caribbean","Bocas","Punta Caracol","AT13-10","AT13-10-4-1","modern","Pomacentridae",1.79,NA,5.76523266607452,"herbivore","demersal","Not cryptobenthic","Yes","No","Yes",6,7,0.0196042857142857,3.10072857142857,"AT13-10_6",4.48164583043481
"3432","Caribbean","Bocas","Punta Caracol","AT13-10","AT13-10-5-1","modern","Pomacentridae",1.64,NA,5.33364936565286,"herbivore","demersal","Not cryptobenthic","Yes","No","Yes",6,7,0.0196042857142857,3.10072857142857,"AT13-10_8",3.5209231340972
"3433","Caribbean","Bocas","Sweet Bocas Trench","AT13-2","AT13-2-8","pre_exp","Pomacentridae",1.85,NA,5.93672585339578,"herbivore","demersal","Not cryptobenthic","Yes","No","Yes",6,7,0.0196042857142857,3.10072857142857,"AT13-2_2",4.90806482878954
"3434","Caribbean","Bocas","Sweet Bocas Trench","AT13-3","AT13-3-14","pre_exp","Pomacentridae",1.16,NA,3.92033045251881,"herbivore","demersal","Not cryptobenthic","Yes","No","Yes",6,7,0.0196042857142857,3.10072857142857,"AT13-3_2",1.35545029753319
"3435","Caribbean","Bocas","Sweet Bocas Trench","AT13-3","AT13-3-14","pre_exp","Pomacentridae",2.15,NA,6.78536039218417,"herbivore","demersal","Not cryptobenthic","Yes","No","Yes",6,7,0.0196042857142857,3.10072857142857,"AT13-3_2",7.4273336495436
"3436","Caribbean","Bocas","Casa Blanca new","AT14-1","AT14-1-3","modern","Pomacentridae",1.58,NA,5.15980737073698,"herbivore","demersal","Not cryptobenthic","Yes","No","Yes",6,7,0.0196042857142857,3.10072857142857,"AT14-1_3",3.17712310049954
"3437","Caribbean","Bocas","Casa Blanca new","AT14-1","AT14-1-8","modern","Pomacentridae",1.51,NA,4.95606163115509,"herbivore","demersal","Not cryptobenthic","Yes","No","Yes",6,7,0.0196042857142857,3.10072857142857,"AT14-1_6",2.80402089213319
"3438","Caribbean","Bocas","Punta Donato","AT14-2","AT14-2-1","modern","Pomacentridae",2.49,NA,7.73143414425462,"herbivore","demersal","Not cryptobenthic","Yes","No","Yes",6,7,0.0196042857142857,3.10072857142857,"AT14-2_1",11.1327991312406
"3439","Caribbean","Bocas","Sweet Bocas SE Face","AT14-5","AT14-5-1","pre_exp","Pomacentridae",1.95,NA,6.22118947785086,"herbivore","demersal","Not cryptobenthic","Yes","No","Yes",6,7,0.0196042857142857,3.10072857142857,"AT14-5_1",5.67462341924583
"3440","Caribbean","Bocas","Sweet Bocas SE Face","AT14-7","AT14-7-2","pre_exp","Pomacentridae",1.61,NA,5.24681821684253,"herbivore","demersal","Not cryptobenthic","Yes","No","Yes",6,7,0.0196042857142857,3.10072857142857,"AT14-7_1",3.34620985537608
